nohup: ignoring input
[Config] CUDA detected: NVIDIA RTX A6000 x2
[Utils] Random seed set to 42
============================================================
  1D-DDPM Generation Pipeline
============================================================
  Device:       cuda
  Checkpoint:   logs/deep_v6/checkpoint_final.pt
  Scaler:       logs/deep_v6/scaler.pt
  Num samples:  5120
  Batch size:   64
  Use EMA:      True
  Output:       output/deep_v6.csv
============================================================

[Step 1] Loading scaler...
[Scaler] Parameters loaded from logs/deep_v6/scaler.pt
  sp500: mean=0.000315, std=0.010551
  DGS10: mean=0.000026, std=0.066899
  Found run configuration: /home/u00134/src/logs/deep_v6/config.json
  Loaded model config: channel_dims=[256, 512, 1024], time_emb_dim=512, T=3000

[Step 2] Loading model...
  Loaded EMA weights
  Trained epoch: 6999
  U-Net parameters: 42,121,730

[Step 3] Generating 5120 paths...

  --- Batch 1 (64 samples) ---
  [Scheduler] Reverse step 2999/3000  x range: [-4.457, 4.724]
  [Scheduler] Reverse step 2950/3000  x range: [-4.305, 4.767]
  [Scheduler] Reverse step 2900/3000  x range: [-5.043, 4.633]
  [Scheduler] Reverse step 2850/3000  x range: [-4.591, 4.839]
  [Scheduler] Reverse step 2800/3000  x range: [-4.728, 4.635]
  [Scheduler] Reverse step 2750/3000  x range: [-5.239, 4.482]
  [Scheduler] Reverse step 2700/3000  x range: [-4.240, 4.850]
  [Scheduler] Reverse step 2650/3000  x range: [-4.215, 4.847]
  [Scheduler] Reverse step 2600/3000  x range: [-4.633, 5.539]
  [Scheduler] Reverse step 2550/3000  x range: [-4.275, 4.425]
  [Scheduler] Reverse step 2500/3000  x range: [-4.897, 4.285]
  [Scheduler] Reverse step 2450/3000  x range: [-4.498, 4.328]
  [Scheduler] Reverse step 2400/3000  x range: [-4.578, 4.740]
  [Scheduler] Reverse step 2350/3000  x range: [-5.015, 4.281]
  [Scheduler] Reverse step 2300/3000  x range: [-4.327, 4.449]
  [Scheduler] Reverse step 2250/3000  x range: [-4.237, 4.436]
  [Scheduler] Reverse step 2200/3000  x range: [-4.549, 4.515]
  [Scheduler] Reverse step 2150/3000  x range: [-4.639, 4.190]
  [Scheduler] Reverse step 2100/3000  x range: [-4.493, 4.543]
  [Scheduler] Reverse step 2050/3000  x range: [-4.448, 4.666]
  [Scheduler] Reverse step 2000/3000  x range: [-4.303, 4.770]
  [Scheduler] Reverse step 1950/3000  x range: [-4.706, 5.144]
  [Scheduler] Reverse step 1900/3000  x range: [-4.824, 4.277]
  [Scheduler] Reverse step 1850/3000  x range: [-4.188, 4.409]
  [Scheduler] Reverse step 1800/3000  x range: [-4.493, 4.925]
  [Scheduler] Reverse step 1750/3000  x range: [-4.863, 4.305]
  [Scheduler] Reverse step 1700/3000  x range: [-4.764, 4.516]
  [Scheduler] Reverse step 1650/3000  x range: [-4.214, 4.700]
  [Scheduler] Reverse step 1600/3000  x range: [-4.219, 5.578]
  [Scheduler] Reverse step 1550/3000  x range: [-5.255, 4.574]
  [Scheduler] Reverse step 1500/3000  x range: [-4.592, 4.301]
  [Scheduler] Reverse step 1450/3000  x range: [-4.573, 5.274]
  [Scheduler] Reverse step 1400/3000  x range: [-4.637, 4.988]
  [Scheduler] Reverse step 1350/3000  x range: [-4.380, 4.769]
  [Scheduler] Reverse step 1300/3000  x range: [-4.320, 4.906]
  [Scheduler] Reverse step 1250/3000  x range: [-4.215, 4.487]
  [Scheduler] Reverse step 1200/3000  x range: [-4.493, 4.404]
  [Scheduler] Reverse step 1150/3000  x range: [-4.958, 4.445]
  [Scheduler] Reverse step 1100/3000  x range: [-4.605, 4.443]
  [Scheduler] Reverse step 1050/3000  x range: [-4.765, 4.372]
  [Scheduler] Reverse step 1000/3000  x range: [-4.369, 5.047]
  [Scheduler] Reverse step 950/3000  x range: [-4.449, 4.875]
  [Scheduler] Reverse step 900/3000  x range: [-4.745, 4.644]
  [Scheduler] Reverse step 850/3000  x range: [-4.667, 4.505]
  [Scheduler] Reverse step 800/3000  x range: [-4.403, 4.637]
  [Scheduler] Reverse step 750/3000  x range: [-4.609, 4.635]
  [Scheduler] Reverse step 700/3000  x range: [-4.729, 4.361]
  [Scheduler] Reverse step 650/3000  x range: [-5.725, 5.093]
  [Scheduler] Reverse step 600/3000  x range: [-5.686, 5.076]
  [Scheduler] Reverse step 550/3000  x range: [-5.573, 4.875]
  [Scheduler] Reverse step 500/3000  x range: [-5.344, 5.094]
  [Scheduler] Reverse step 450/3000  x range: [-5.252, 5.209]
  [Scheduler] Reverse step 400/3000  x range: [-5.532, 5.741]
  [Scheduler] Reverse step 350/3000  x range: [-5.575, 6.148]
  [Scheduler] Reverse step 300/3000  x range: [-5.587, 5.697]
  [Scheduler] Reverse step 250/3000  x range: [-5.843, 5.424]
  [Scheduler] Reverse step 200/3000  x range: [-5.478, 5.384]
  [Scheduler] Reverse step 150/3000  x range: [-5.332, 5.185]
  [Scheduler] Reverse step 100/3000  x range: [-5.330, 5.455]
  [Scheduler] Reverse step  50/3000  x range: [-5.377, 5.159]
  [Scheduler] Reverse step   0/3000  x range: [-5.308, 4.950]
  Generated: 64/5120

  --- Batch 2 (64 samples) ---
  [Scheduler] Reverse step 2999/3000  x range: [-4.475, 4.548]
  [Scheduler] Reverse step 2950/3000  x range: [-4.335, 5.198]
  [Scheduler] Reverse step 2900/3000  x range: [-4.562, 4.434]
  [Scheduler] Reverse step 2850/3000  x range: [-4.254, 4.770]
  [Scheduler] Reverse step 2800/3000  x range: [-4.469, 4.304]
  [Scheduler] Reverse step 2750/3000  x range: [-4.563, 5.175]
  [Scheduler] Reverse step 2700/3000  x range: [-5.170, 4.809]
  [Scheduler] Reverse step 2650/3000  x range: [-4.278, 4.446]
  [Scheduler] Reverse step 2600/3000  x range: [-4.578, 5.341]
  [Scheduler] Reverse step 2550/3000  x range: [-4.906, 4.665]
  [Scheduler] Reverse step 2500/3000  x range: [-4.455, 4.519]
  [Scheduler] Reverse step 2450/3000  x range: [-4.424, 4.480]
  [Scheduler] Reverse step 2400/3000  x range: [-4.793, 4.312]
  [Scheduler] Reverse step 2350/3000  x range: [-4.301, 4.380]
  [Scheduler] Reverse step 2300/3000  x range: [-4.655, 4.301]
  [Scheduler] Reverse step 2250/3000  x range: [-4.575, 4.730]
  [Scheduler] Reverse step 2200/3000  x range: [-4.610, 4.341]
  [Scheduler] Reverse step 2150/3000  x range: [-4.669, 4.804]
  [Scheduler] Reverse step 2100/3000  x range: [-4.868, 4.561]
  [Scheduler] Reverse step 2050/3000  x range: [-4.304, 4.334]
  [Scheduler] Reverse step 2000/3000  x range: [-4.872, 4.882]
  [Scheduler] Reverse step 1950/3000  x range: [-4.291, 4.493]
  [Scheduler] Reverse step 1900/3000  x range: [-4.421, 4.336]
  [Scheduler] Reverse step 1850/3000  x range: [-4.431, 4.896]
  [Scheduler] Reverse step 1800/3000  x range: [-4.353, 4.365]
  [Scheduler] Reverse step 1750/3000  x range: [-4.678, 4.286]
  [Scheduler] Reverse step 1700/3000  x range: [-4.359, 4.236]
  [Scheduler] Reverse step 1650/3000  x range: [-4.440, 4.328]
  [Scheduler] Reverse step 1600/3000  x range: [-4.440, 4.591]
  [Scheduler] Reverse step 1550/3000  x range: [-4.443, 4.492]
  [Scheduler] Reverse step 1500/3000  x range: [-4.243, 4.573]
  [Scheduler] Reverse step 1450/3000  x range: [-4.741, 4.750]
  [Scheduler] Reverse step 1400/3000  x range: [-4.542, 4.172]
  [Scheduler] Reverse step 1350/3000  x range: [-4.583, 4.366]
  [Scheduler] Reverse step 1300/3000  x range: [-4.684, 4.560]
  [Scheduler] Reverse step 1250/3000  x range: [-4.430, 4.662]
  [Scheduler] Reverse step 1200/3000  x range: [-4.806, 4.750]
  [Scheduler] Reverse step 1150/3000  x range: [-4.394, 5.016]
  [Scheduler] Reverse step 1100/3000  x range: [-4.691, 4.498]
  [Scheduler] Reverse step 1050/3000  x range: [-4.482, 4.306]
  [Scheduler] Reverse step 1000/3000  x range: [-4.443, 4.582]
  [Scheduler] Reverse step 950/3000  x range: [-4.326, 5.368]
  [Scheduler] Reverse step 900/3000  x range: [-4.491, 4.420]
  [Scheduler] Reverse step 850/3000  x range: [-4.468, 4.367]
  [Scheduler] Reverse step 800/3000  x range: [-4.726, 4.406]
  [Scheduler] Reverse step 750/3000  x range: [-4.470, 4.503]
  [Scheduler] Reverse step 700/3000  x range: [-4.866, 4.405]
  [Scheduler] Reverse step 650/3000  x range: [-4.633, 4.484]
  [Scheduler] Reverse step 600/3000  x range: [-4.708, 4.511]
  [Scheduler] Reverse step 550/3000  x range: [-5.394, 4.878]
  [Scheduler] Reverse step 500/3000  x range: [-5.712, 5.388]
  [Scheduler] Reverse step 450/3000  x range: [-5.527, 5.125]
  [Scheduler] Reverse step 400/3000  x range: [-5.379, 5.310]
  [Scheduler] Reverse step 350/3000  x range: [-5.443, 5.608]
  [Scheduler] Reverse step 300/3000  x range: [-5.570, 5.487]
  [Scheduler] Reverse step 250/3000  x range: [-5.882, 5.603]
  [Scheduler] Reverse step 200/3000  x range: [-5.426, 5.831]
  [Scheduler] Reverse step 150/3000  x range: [-5.312, 5.602]
  [Scheduler] Reverse step 100/3000  x range: [-5.166, 5.579]
  [Scheduler] Reverse step  50/3000  x range: [-5.196, 5.372]
  [Scheduler] Reverse step   0/3000  x range: [-5.091, 5.025]
  Generated: 128/5120

  --- Batch 3 (64 samples) ---
  [Scheduler] Reverse step 2999/3000  x range: [-4.622, 4.796]
  [Scheduler] Reverse step 2950/3000  x range: [-4.419, 4.375]
  [Scheduler] Reverse step 2900/3000  x range: [-5.078, 4.470]
  [Scheduler] Reverse step 2850/3000  x range: [-4.573, 4.663]
  [Scheduler] Reverse step 2800/3000  x range: [-4.743, 4.634]
  [Scheduler] Reverse step 2750/3000  x range: [-4.476, 4.659]
  [Scheduler] Reverse step 2700/3000  x range: [-4.519, 4.289]
  [Scheduler] Reverse step 2650/3000  x range: [-4.769, 4.185]
  [Scheduler] Reverse step 2600/3000  x range: [-4.832, 4.166]
  [Scheduler] Reverse step 2550/3000  x range: [-4.492, 4.438]
  [Scheduler] Reverse step 2500/3000  x range: [-4.325, 4.789]
  [Scheduler] Reverse step 2450/3000  x range: [-4.670, 4.253]
  [Scheduler] Reverse step 2400/3000  x range: [-5.203, 4.509]
  [Scheduler] Reverse step 2350/3000  x range: [-4.699, 4.869]
  [Scheduler] Reverse step 2300/3000  x range: [-4.389, 4.271]
  [Scheduler] Reverse step 2250/3000  x range: [-4.636, 4.724]
  [Scheduler] Reverse step 2200/3000  x range: [-5.460, 5.282]
  [Scheduler] Reverse step 2150/3000  x range: [-4.650, 4.628]
  [Scheduler] Reverse step 2100/3000  x range: [-4.987, 4.502]
  [Scheduler] Reverse step 2050/3000  x range: [-4.671, 4.432]
  [Scheduler] Reverse step 2000/3000  x range: [-4.356, 4.902]
  [Scheduler] Reverse step 1950/3000  x range: [-4.498, 4.607]
  [Scheduler] Reverse step 1900/3000  x range: [-4.968, 4.561]
  [Scheduler] Reverse step 1850/3000  x range: [-4.320, 4.249]
  [Scheduler] Reverse step 1800/3000  x range: [-4.777, 4.917]
  [Scheduler] Reverse step 1750/3000  x range: [-4.565, 4.326]
  [Scheduler] Reverse step 1700/3000  x range: [-4.393, 4.794]
  [Scheduler] Reverse step 1650/3000  x range: [-4.770, 4.710]
  [Scheduler] Reverse step 1600/3000  x range: [-4.463, 4.547]
  [Scheduler] Reverse step 1550/3000  x range: [-4.025, 4.754]
  [Scheduler] Reverse step 1500/3000  x range: [-4.769, 5.287]
  [Scheduler] Reverse step 1450/3000  x range: [-4.562, 5.191]
  [Scheduler] Reverse step 1400/3000  x range: [-4.390, 4.397]
  [Scheduler] Reverse step 1350/3000  x range: [-4.640, 4.293]
  [Scheduler] Reverse step 1300/3000  x range: [-4.313, 4.482]
  [Scheduler] Reverse step 1250/3000  x range: [-4.605, 4.169]
  [Scheduler] Reverse step 1200/3000  x range: [-4.399, 4.346]
  [Scheduler] Reverse step 1150/3000  x range: [-4.537, 4.110]
  [Scheduler] Reverse step 1100/3000  x range: [-5.189, 4.354]
  [Scheduler] Reverse step 1050/3000  x range: [-4.352, 4.559]
  [Scheduler] Reverse step 1000/3000  x range: [-4.716, 4.448]
  [Scheduler] Reverse step 950/3000  x range: [-4.760, 4.466]
  [Scheduler] Reverse step 900/3000  x range: [-4.652, 4.512]
  [Scheduler] Reverse step 850/3000  x range: [-4.419, 4.716]
  [Scheduler] Reverse step 800/3000  x range: [-4.586, 4.598]
  [Scheduler] Reverse step 750/3000  x range: [-4.860, 4.650]
  [Scheduler] Reverse step 700/3000  x range: [-4.677, 4.573]
  [Scheduler] Reverse step 650/3000  x range: [-5.078, 4.566]
  [Scheduler] Reverse step 600/3000  x range: [-5.048, 4.911]
  [Scheduler] Reverse step 550/3000  x range: [-5.070, 4.915]
  [Scheduler] Reverse step 500/3000  x range: [-5.316, 4.778]
  [Scheduler] Reverse step 450/3000  x range: [-5.227, 4.905]
  [Scheduler] Reverse step 400/3000  x range: [-5.527, 5.088]
  [Scheduler] Reverse step 350/3000  x range: [-5.156, 5.240]
  [Scheduler] Reverse step 300/3000  x range: [-5.317, 5.308]
  [Scheduler] Reverse step 250/3000  x range: [-5.492, 5.340]
  [Scheduler] Reverse step 200/3000  x range: [-5.358, 5.449]
  [Scheduler] Reverse step 150/3000  x range: [-5.165, 5.383]
  [Scheduler] Reverse step 100/3000  x range: [-5.213, 5.403]
  [Scheduler] Reverse step  50/3000  x range: [-5.084, 5.334]
  [Scheduler] Reverse step   0/3000  x range: [-4.996, 5.275]
  Generated: 192/5120

  --- Batch 4 (64 samples) ---
  [Scheduler] Reverse step 2999/3000  x range: [-4.414, 5.403]
  [Scheduler] Reverse step 2950/3000  x range: [-4.436, 4.166]
  [Scheduler] Reverse step 2900/3000  x range: [-4.683, 4.625]
  [Scheduler] Reverse step 2850/3000  x range: [-4.754, 4.254]
  [Scheduler] Reverse step 2800/3000  x range: [-4.245, 4.561]
  [Scheduler] Reverse step 2750/3000  x range: [-4.619, 4.195]
  [Scheduler] Reverse step 2700/3000  x range: [-5.126, 4.567]
  [Scheduler] Reverse step 2650/3000  x range: [-4.356, 4.365]
  [Scheduler] Reverse step 2600/3000  x range: [-4.693, 4.398]
  [Scheduler] Reverse step 2550/3000  x range: [-4.320, 4.350]
  [Scheduler] Reverse step 2500/3000  x range: [-4.355, 4.467]
  [Scheduler] Reverse step 2450/3000  x range: [-4.474, 4.724]
  [Scheduler] Reverse step 2400/3000  x range: [-4.679, 4.753]
  [Scheduler] Reverse step 2350/3000  x range: [-4.428, 4.242]
  [Scheduler] Reverse step 2300/3000  x range: [-4.786, 4.897]
  [Scheduler] Reverse step 2250/3000  x range: [-4.459, 4.580]
  [Scheduler] Reverse step 2200/3000  x range: [-4.608, 4.567]
  [Scheduler] Reverse step 2150/3000  x range: [-4.342, 4.654]
  [Scheduler] Reverse step 2100/3000  x range: [-4.631, 4.412]
  [Scheduler] Reverse step 2050/3000  x range: [-4.414, 4.305]
  [Scheduler] Reverse step 2000/3000  x range: [-4.316, 4.294]
  [Scheduler] Reverse step 1950/3000  x range: [-4.614, 4.314]
  [Scheduler] Reverse step 1900/3000  x range: [-5.077, 4.487]
  [Scheduler] Reverse step 1850/3000  x range: [-4.335, 4.362]
  [Scheduler] Reverse step 1800/3000  x range: [-4.358, 4.464]
  [Scheduler] Reverse step 1750/3000  x range: [-4.620, 4.678]
  [Scheduler] Reverse step 1700/3000  x range: [-4.370, 4.288]
  [Scheduler] Reverse step 1650/3000  x range: [-4.356, 4.252]
  [Scheduler] Reverse step 1600/3000  x range: [-4.422, 4.592]
  [Scheduler] Reverse step 1550/3000  x range: [-4.687, 5.087]
  [Scheduler] Reverse step 1500/3000  x range: [-4.576, 5.195]
  [Scheduler] Reverse step 1450/3000  x range: [-4.195, 4.495]
  [Scheduler] Reverse step 1400/3000  x range: [-4.132, 4.432]
  [Scheduler] Reverse step 1350/3000  x range: [-4.277, 4.751]
  [Scheduler] Reverse step 1300/3000  x range: [-4.377, 4.430]
  [Scheduler] Reverse step 1250/3000  x range: [-4.503, 4.422]
  [Scheduler] Reverse step 1200/3000  x range: [-4.371, 4.327]
  [Scheduler] Reverse step 1150/3000  x range: [-4.312, 4.225]
  [Scheduler] Reverse step 1100/3000  x range: [-4.530, 4.749]
  [Scheduler] Reverse step 1050/3000  x range: [-4.649, 4.580]
  [Scheduler] Reverse step 1000/3000  x range: [-4.445, 4.431]
  [Scheduler] Reverse step 950/3000  x range: [-4.397, 4.302]
  [Scheduler] Reverse step 900/3000  x range: [-4.054, 4.698]
  [Scheduler] Reverse step 850/3000  x range: [-4.664, 4.461]
  [Scheduler] Reverse step 800/3000  x range: [-4.097, 4.489]
  [Scheduler] Reverse step 750/3000  x range: [-4.515, 4.509]
  [Scheduler] Reverse step 700/3000  x range: [-4.288, 4.845]
  [Scheduler] Reverse step 650/3000  x range: [-4.689, 4.696]
  [Scheduler] Reverse step 600/3000  x range: [-4.481, 4.659]
  [Scheduler] Reverse step 550/3000  x range: [-5.360, 4.585]
  [Scheduler] Reverse step 500/3000  x range: [-4.963, 5.615]
  [Scheduler] Reverse step 450/3000  x range: [-5.318, 6.182]
  [Scheduler] Reverse step 400/3000  x range: [-5.150, 6.045]
  [Scheduler] Reverse step 350/3000  x range: [-5.664, 5.673]
  [Scheduler] Reverse step 300/3000  x range: [-5.552, 5.569]
  [Scheduler] Reverse step 250/3000  x range: [-5.504, 5.950]
  [Scheduler] Reverse step 200/3000  x range: [-5.603, 5.934]
  [Scheduler] Reverse step 150/3000  x range: [-5.465, 5.620]
  [Scheduler] Reverse step 100/3000  x range: [-5.566, 5.495]
  [Scheduler] Reverse step  50/3000  x range: [-5.092, 5.456]
  [Scheduler] Reverse step   0/3000  x range: [-4.981, 5.298]
  Generated: 256/5120

  --- Batch 5 (64 samples) ---
  [Scheduler] Reverse step 2999/3000  x range: [-4.501, 4.753]
  [Scheduler] Reverse step 2950/3000  x range: [-4.628, 4.250]
  [Scheduler] Reverse step 2900/3000  x range: [-4.695, 4.816]
  [Scheduler] Reverse step 2850/3000  x range: [-4.555, 4.398]
  [Scheduler] Reverse step 2800/3000  x range: [-4.460, 4.392]
  [Scheduler] Reverse step 2750/3000  x range: [-4.452, 4.786]
  [Scheduler] Reverse step 2700/3000  x range: [-4.648, 4.624]
  [Scheduler] Reverse step 2650/3000  x range: [-4.302, 4.506]
  [Scheduler] Reverse step 2600/3000  x range: [-4.674, 4.642]
  [Scheduler] Reverse step 2550/3000  x range: [-4.601, 4.787]
  [Scheduler] Reverse step 2500/3000  x range: [-4.684, 4.430]
  [Scheduler] Reverse step 2450/3000  x range: [-4.738, 4.491]
  [Scheduler] Reverse step 2400/3000  x range: [-4.500, 4.225]
  [Scheduler] Reverse step 2350/3000  x range: [-4.396, 4.172]
  [Scheduler] Reverse step 2300/3000  x range: [-4.424, 4.772]
  [Scheduler] Reverse step 2250/3000  x range: [-4.814, 4.433]
  [Scheduler] Reverse step 2200/3000  x range: [-4.564, 4.308]
  [Scheduler] Reverse step 2150/3000  x range: [-4.271, 4.648]
  [Scheduler] Reverse step 2100/3000  x range: [-4.423, 4.676]
  [Scheduler] Reverse step 2050/3000  x range: [-4.311, 4.524]
  [Scheduler] Reverse step 2000/3000  x range: [-4.610, 4.394]
  [Scheduler] Reverse step 1950/3000  x range: [-4.831, 4.670]
  [Scheduler] Reverse step 1900/3000  x range: [-4.854, 4.600]
  [Scheduler] Reverse step 1850/3000  x range: [-4.484, 4.284]
  [Scheduler] Reverse step 1800/3000  x range: [-5.041, 4.858]
  [Scheduler] Reverse step 1750/3000  x range: [-4.634, 4.504]
  [Scheduler] Reverse step 1700/3000  x range: [-4.267, 4.828]
  [Scheduler] Reverse step 1650/3000  x range: [-4.947, 4.708]
  [Scheduler] Reverse step 1600/3000  x range: [-4.481, 4.632]
  [Scheduler] Reverse step 1550/3000  x range: [-4.329, 4.491]
  [Scheduler] Reverse step 1500/3000  x range: [-4.709, 4.313]
  [Scheduler] Reverse step 1450/3000  x range: [-5.368, 4.316]
  [Scheduler] Reverse step 1400/3000  x range: [-4.256, 4.497]
  [Scheduler] Reverse step 1350/3000  x range: [-4.457, 4.613]
  [Scheduler] Reverse step 1300/3000  x range: [-4.482, 5.037]
  [Scheduler] Reverse step 1250/3000  x range: [-4.973, 5.096]
  [Scheduler] Reverse step 1200/3000  x range: [-4.650, 4.534]
  [Scheduler] Reverse step 1150/3000  x range: [-5.086, 4.432]
  [Scheduler] Reverse step 1100/3000  x range: [-4.908, 4.263]
  [Scheduler] Reverse step 1050/3000  x range: [-5.038, 4.779]
  [Scheduler] Reverse step 1000/3000  x range: [-5.030, 4.421]
  [Scheduler] Reverse step 950/3000  x range: [-4.786, 4.705]
  [Scheduler] Reverse step 900/3000  x range: [-4.623, 4.772]
  [Scheduler] Reverse step 850/3000  x range: [-4.379, 4.169]
  [Scheduler] Reverse step 800/3000  x range: [-5.027, 4.404]
  [Scheduler] Reverse step 750/3000  x range: [-4.422, 4.451]
  [Scheduler] Reverse step 700/3000  x range: [-4.474, 4.593]
  [Scheduler] Reverse step 650/3000  x range: [-4.680, 4.627]
  [Scheduler] Reverse step 600/3000  x range: [-4.725, 4.796]
  [Scheduler] Reverse step 550/3000  x range: [-4.819, 4.788]
  [Scheduler] Reverse step 500/3000  x range: [-4.873, 4.815]
  [Scheduler] Reverse step 450/3000  x range: [-5.372, 4.869]
  [Scheduler] Reverse step 400/3000  x range: [-5.419, 5.290]
  [Scheduler] Reverse step 350/3000  x range: [-5.441, 5.627]
  [Scheduler] Reverse step 300/3000  x range: [-5.280, 5.359]
  [Scheduler] Reverse step 250/3000  x range: [-5.463, 5.259]
  [Scheduler] Reverse step 200/3000  x range: [-5.424, 5.248]
  [Scheduler] Reverse step 150/3000  x range: [-5.373, 5.336]
  [Scheduler] Reverse step 100/3000  x range: [-5.310, 5.383]
  [Scheduler] Reverse step  50/3000  x range: [-5.064, 5.727]
  [Scheduler] Reverse step   0/3000  x range: [-4.991, 5.488]
  Generated: 320/5120

  --- Batch 6 (64 samples) ---
  [Scheduler] Reverse step 2999/3000  x range: [-4.499, 4.326]
  [Scheduler] Reverse step 2950/3000  x range: [-4.158, 4.439]
  [Scheduler] Reverse step 2900/3000  x range: [-4.918, 4.432]
  [Scheduler] Reverse step 2850/3000  x range: [-4.792, 4.858]
  [Scheduler] Reverse step 2800/3000  x range: [-4.304, 5.236]
  [Scheduler] Reverse step 2750/3000  x range: [-4.736, 4.384]
  [Scheduler] Reverse step 2700/3000  x range: [-4.895, 4.446]
  [Scheduler] Reverse step 2650/3000  x range: [-4.199, 4.811]
  [Scheduler] Reverse step 2600/3000  x range: [-4.487, 4.472]
  [Scheduler] Reverse step 2550/3000  x range: [-4.566, 5.376]
  [Scheduler] Reverse step 2500/3000  x range: [-4.854, 4.273]
  [Scheduler] Reverse step 2450/3000  x range: [-4.683, 4.567]
  [Scheduler] Reverse step 2400/3000  x range: [-4.499, 4.106]
  [Scheduler] Reverse step 2350/3000  x range: [-4.498, 4.420]
  [Scheduler] Reverse step 2300/3000  x range: [-4.659, 4.926]
  [Scheduler] Reverse step 2250/3000  x range: [-4.410, 4.666]
  [Scheduler] Reverse step 2200/3000  x range: [-4.244, 4.715]
  [Scheduler] Reverse step 2150/3000  x range: [-4.525, 4.942]
  [Scheduler] Reverse step 2100/3000  x range: [-4.485, 4.477]
  [Scheduler] Reverse step 2050/3000  x range: [-4.431, 4.387]
  [Scheduler] Reverse step 2000/3000  x range: [-4.397, 5.152]
  [Scheduler] Reverse step 1950/3000  x range: [-4.766, 4.772]
  [Scheduler] Reverse step 1900/3000  x range: [-4.471, 4.119]
  [Scheduler] Reverse step 1850/3000  x range: [-4.264, 4.413]
  [Scheduler] Reverse step 1800/3000  x range: [-4.278, 5.263]
  [Scheduler] Reverse step 1750/3000  x range: [-4.729, 4.693]
  [Scheduler] Reverse step 1700/3000  x range: [-4.390, 4.585]
  [Scheduler] Reverse step 1650/3000  x range: [-4.767, 4.669]
  [Scheduler] Reverse step 1600/3000  x range: [-4.601, 4.100]
  [Scheduler] Reverse step 1550/3000  x range: [-4.541, 4.459]
  [Scheduler] Reverse step 1500/3000  x range: [-4.698, 4.652]
  [Scheduler] Reverse step 1450/3000  x range: [-4.773, 4.780]
  [Scheduler] Reverse step 1400/3000  x range: [-4.593, 4.451]
  [Scheduler] Reverse step 1350/3000  x range: [-5.034, 4.375]
  [Scheduler] Reverse step 1300/3000  x range: [-5.990, 4.519]
  [Scheduler] Reverse step 1250/3000  x range: [-4.801, 5.035]
  [Scheduler] Reverse step 1200/3000  x range: [-4.588, 4.644]
  [Scheduler] Reverse step 1150/3000  x range: [-4.477, 4.875]
  [Scheduler] Reverse step 1100/3000  x range: [-4.969, 4.208]
  [Scheduler] Reverse step 1050/3000  x range: [-4.709, 4.299]
  [Scheduler] Reverse step 1000/3000  x range: [-4.468, 4.848]
  [Scheduler] Reverse step 950/3000  x range: [-4.412, 5.084]
  [Scheduler] Reverse step 900/3000  x range: [-4.719, 4.306]
  [Scheduler] Reverse step 850/3000  x range: [-4.274, 4.755]
  [Scheduler] Reverse step 800/3000  x range: [-4.764, 4.890]
  [Scheduler] Reverse step 750/3000  x range: [-4.622, 5.204]
  [Scheduler] Reverse step 700/3000  x range: [-4.759, 4.649]
  [Scheduler] Reverse step 650/3000  x range: [-4.722, 4.921]
  [Scheduler] Reverse step 600/3000  x range: [-4.671, 4.773]
  [Scheduler] Reverse step 550/3000  x range: [-4.994, 5.168]
  [Scheduler] Reverse step 500/3000  x range: [-5.426, 5.529]
  [Scheduler] Reverse step 450/3000  x range: [-5.174, 5.691]
  [Scheduler] Reverse step 400/3000  x range: [-5.098, 5.360]
  [Scheduler] Reverse step 350/3000  x range: [-5.573, 5.207]
  [Scheduler] Reverse step 300/3000  x range: [-5.233, 5.132]
  [Scheduler] Reverse step 250/3000  x range: [-5.392, 5.429]
  [Scheduler] Reverse step 200/3000  x range: [-5.420, 5.324]
  [Scheduler] Reverse step 150/3000  x range: [-5.154, 5.549]
  [Scheduler] Reverse step 100/3000  x range: [-5.217, 5.592]
  [Scheduler] Reverse step  50/3000  x range: [-5.290, 5.361]
  [Scheduler] Reverse step   0/3000  x range: [-5.386, 5.183]
  Generated: 384/5120

  --- Batch 7 (64 samples) ---
  [Scheduler] Reverse step 2999/3000  x range: [-4.492, 4.880]
  [Scheduler] Reverse step 2950/3000  x range: [-4.449, 4.746]
  [Scheduler] Reverse step 2900/3000  x range: [-4.701, 4.955]
  [Scheduler] Reverse step 2850/3000  x range: [-4.709, 4.451]
  [Scheduler] Reverse step 2800/3000  x range: [-5.025, 4.746]
  [Scheduler] Reverse step 2750/3000  x range: [-4.371, 4.420]
  [Scheduler] Reverse step 2700/3000  x range: [-5.017, 4.528]
  [Scheduler] Reverse step 2650/3000  x range: [-4.407, 4.210]
  [Scheduler] Reverse step 2600/3000  x range: [-4.660, 4.313]
  [Scheduler] Reverse step 2550/3000  x range: [-4.836, 4.500]
  [Scheduler] Reverse step 2500/3000  x range: [-4.900, 4.403]
  [Scheduler] Reverse step 2450/3000  x range: [-4.414, 4.613]
  [Scheduler] Reverse step 2400/3000  x range: [-4.678, 5.533]
  [Scheduler] Reverse step 2350/3000  x range: [-4.527, 4.599]
  [Scheduler] Reverse step 2300/3000  x range: [-4.544, 5.464]
  [Scheduler] Reverse step 2250/3000  x range: [-4.706, 4.436]
  [Scheduler] Reverse step 2200/3000  x range: [-4.295, 4.646]
  [Scheduler] Reverse step 2150/3000  x range: [-4.388, 4.944]
  [Scheduler] Reverse step 2100/3000  x range: [-5.198, 4.519]
  [Scheduler] Reverse step 2050/3000  x range: [-4.698, 4.892]
  [Scheduler] Reverse step 2000/3000  x range: [-4.232, 4.964]
  [Scheduler] Reverse step 1950/3000  x range: [-4.718, 4.678]
  [Scheduler] Reverse step 1900/3000  x range: [-4.514, 4.582]
  [Scheduler] Reverse step 1850/3000  x range: [-4.390, 4.503]
  [Scheduler] Reverse step 1800/3000  x range: [-4.674, 4.612]
  [Scheduler] Reverse step 1750/3000  x range: [-4.793, 4.793]
  [Scheduler] Reverse step 1700/3000  x range: [-5.131, 4.473]
  [Scheduler] Reverse step 1650/3000  x range: [-4.780, 5.162]
  [Scheduler] Reverse step 1600/3000  x range: [-4.611, 4.691]
  [Scheduler] Reverse step 1550/3000  x range: [-4.753, 4.271]
  [Scheduler] Reverse step 1500/3000  x range: [-4.457, 4.902]
  [Scheduler] Reverse step 1450/3000  x range: [-4.674, 4.300]
  [Scheduler] Reverse step 1400/3000  x range: [-4.582, 4.206]
  [Scheduler] Reverse step 1350/3000  x range: [-4.221, 4.321]
  [Scheduler] Reverse step 1300/3000  x range: [-4.212, 4.861]
  [Scheduler] Reverse step 1250/3000  x range: [-4.683, 5.117]
  [Scheduler] Reverse step 1200/3000  x range: [-4.412, 4.343]
  [Scheduler] Reverse step 1150/3000  x range: [-4.864, 4.422]
  [Scheduler] Reverse step 1100/3000  x range: [-4.362, 4.653]
  [Scheduler] Reverse step 1050/3000  x range: [-5.129, 4.870]
  [Scheduler] Reverse step 1000/3000  x range: [-4.280, 4.392]
  [Scheduler] Reverse step 950/3000  x range: [-4.894, 4.431]
  [Scheduler] Reverse step 900/3000  x range: [-4.771, 4.876]
  [Scheduler] Reverse step 850/3000  x range: [-5.028, 4.477]
  [Scheduler] Reverse step 800/3000  x range: [-4.330, 4.779]
  [Scheduler] Reverse step 750/3000  x range: [-4.306, 4.929]
  [Scheduler] Reverse step 700/3000  x range: [-4.563, 5.871]
  [Scheduler] Reverse step 650/3000  x range: [-4.830, 5.235]
  [Scheduler] Reverse step 600/3000  x range: [-4.999, 4.606]
  [Scheduler] Reverse step 550/3000  x range: [-5.205, 4.631]
  [Scheduler] Reverse step 500/3000  x range: [-5.586, 5.186]
  [Scheduler] Reverse step 450/3000  x range: [-5.694, 5.223]
  [Scheduler] Reverse step 400/3000  x range: [-5.618, 5.139]
  [Scheduler] Reverse step 350/3000  x range: [-5.901, 5.542]
  [Scheduler] Reverse step 300/3000  x range: [-5.894, 5.419]
  [Scheduler] Reverse step 250/3000  x range: [-5.927, 5.715]
  [Scheduler] Reverse step 200/3000  x range: [-5.426, 5.849]
  [Scheduler] Reverse step 150/3000  x range: [-5.462, 5.820]
  [Scheduler] Reverse step 100/3000  x range: [-5.147, 5.797]
  [Scheduler] Reverse step  50/3000  x range: [-5.089, 5.439]
  [Scheduler] Reverse step   0/3000  x range: [-5.267, 5.304]
  Generated: 448/5120

  --- Batch 8 (64 samples) ---
  [Scheduler] Reverse step 2999/3000  x range: [-4.573, 4.317]
  [Scheduler] Reverse step 2950/3000  x range: [-4.678, 4.824]
  [Scheduler] Reverse step 2900/3000  x range: [-4.446, 4.454]
  [Scheduler] Reverse step 2850/3000  x range: [-4.761, 4.448]
  [Scheduler] Reverse step 2800/3000  x range: [-4.341, 4.233]
  [Scheduler] Reverse step 2750/3000  x range: [-4.435, 4.384]
  [Scheduler] Reverse step 2700/3000  x range: [-4.202, 4.879]
  [Scheduler] Reverse step 2650/3000  x range: [-4.365, 5.714]
  [Scheduler] Reverse step 2600/3000  x range: [-4.422, 4.650]
  [Scheduler] Reverse step 2550/3000  x range: [-4.454, 4.696]
  [Scheduler] Reverse step 2500/3000  x range: [-4.395, 4.532]
  [Scheduler] Reverse step 2450/3000  x range: [-4.605, 4.608]
  [Scheduler] Reverse step 2400/3000  x range: [-4.356, 4.681]
  [Scheduler] Reverse step 2350/3000  x range: [-4.575, 4.584]
  [Scheduler] Reverse step 2300/3000  x range: [-5.388, 4.604]
  [Scheduler] Reverse step 2250/3000  x range: [-4.419, 4.726]
  [Scheduler] Reverse step 2200/3000  x range: [-4.164, 4.533]
  [Scheduler] Reverse step 2150/3000  x range: [-4.658, 4.990]
  [Scheduler] Reverse step 2100/3000  x range: [-4.972, 4.500]
  [Scheduler] Reverse step 2050/3000  x range: [-4.400, 4.622]
  [Scheduler] Reverse step 2000/3000  x range: [-4.352, 4.526]
  [Scheduler] Reverse step 1950/3000  x range: [-4.159, 4.460]
  [Scheduler] Reverse step 1900/3000  x range: [-5.313, 4.815]
  [Scheduler] Reverse step 1850/3000  x range: [-4.737, 4.496]
  [Scheduler] Reverse step 1800/3000  x range: [-4.538, 5.017]
  [Scheduler] Reverse step 1750/3000  x range: [-4.738, 4.526]
  [Scheduler] Reverse step 1700/3000  x range: [-4.832, 4.638]
  [Scheduler] Reverse step 1650/3000  x range: [-4.780, 4.699]
  [Scheduler] Reverse step 1600/3000  x range: [-4.637, 5.000]
  [Scheduler] Reverse step 1550/3000  x range: [-4.562, 4.629]
  [Scheduler] Reverse step 1500/3000  x range: [-4.512, 4.323]
  [Scheduler] Reverse step 1450/3000  x range: [-4.325, 4.676]
  [Scheduler] Reverse step 1400/3000  x range: [-4.885, 4.967]
  [Scheduler] Reverse step 1350/3000  x range: [-4.425, 4.802]
  [Scheduler] Reverse step 1300/3000  x range: [-4.080, 4.575]
  [Scheduler] Reverse step 1250/3000  x range: [-4.824, 4.877]
  [Scheduler] Reverse step 1200/3000  x range: [-4.400, 4.792]
  [Scheduler] Reverse step 1150/3000  x range: [-4.373, 4.585]
  [Scheduler] Reverse step 1100/3000  x range: [-4.491, 4.646]
  [Scheduler] Reverse step 1050/3000  x range: [-4.359, 4.710]
  [Scheduler] Reverse step 1000/3000  x range: [-4.778, 4.717]
  [Scheduler] Reverse step 950/3000  x range: [-4.861, 4.767]
  [Scheduler] Reverse step 900/3000  x range: [-4.389, 4.584]
  [Scheduler] Reverse step 850/3000  x range: [-4.725, 4.484]
  [Scheduler] Reverse step 800/3000  x range: [-4.767, 4.355]
  [Scheduler] Reverse step 750/3000  x range: [-5.066, 4.509]
  [Scheduler] Reverse step 700/3000  x range: [-5.783, 4.496]
  [Scheduler] Reverse step 650/3000  x range: [-5.016, 4.945]
  [Scheduler] Reverse step 600/3000  x range: [-4.996, 4.417]
  [Scheduler] Reverse step 550/3000  x range: [-5.073, 4.825]
  [Scheduler] Reverse step 500/3000  x range: [-5.132, 5.167]
  [Scheduler] Reverse step 450/3000  x range: [-4.872, 5.561]
  [Scheduler] Reverse step 400/3000  x range: [-5.318, 5.884]
  [Scheduler] Reverse step 350/3000  x range: [-5.502, 6.197]
  [Scheduler] Reverse step 300/3000  x range: [-5.314, 6.036]
  [Scheduler] Reverse step 250/3000  x range: [-5.466, 5.598]
  [Scheduler] Reverse step 200/3000  x range: [-5.514, 5.796]
  [Scheduler] Reverse step 150/3000  x range: [-5.344, 5.782]
  [Scheduler] Reverse step 100/3000  x range: [-5.138, 5.513]
  [Scheduler] Reverse step  50/3000  x range: [-5.164, 5.139]
  [Scheduler] Reverse step   0/3000  x range: [-6.183, 6.401]
  Generated: 512/5120

  --- Batch 9 (64 samples) ---
  [Scheduler] Reverse step 2999/3000  x range: [-4.326, 4.445]
  [Scheduler] Reverse step 2950/3000  x range: [-4.540, 4.646]
  [Scheduler] Reverse step 2900/3000  x range: [-4.797, 4.441]
  [Scheduler] Reverse step 2850/3000  x range: [-5.170, 4.598]
  [Scheduler] Reverse step 2800/3000  x range: [-4.477, 4.757]
  [Scheduler] Reverse step 2750/3000  x range: [-4.289, 5.134]
  [Scheduler] Reverse step 2700/3000  x range: [-4.364, 4.399]
  [Scheduler] Reverse step 2650/3000  x range: [-4.262, 4.539]
  [Scheduler] Reverse step 2600/3000  x range: [-4.536, 4.210]
  [Scheduler] Reverse step 2550/3000  x range: [-4.469, 4.735]
  [Scheduler] Reverse step 2500/3000  x range: [-5.419, 5.087]
  [Scheduler] Reverse step 2450/3000  x range: [-4.478, 4.532]
  [Scheduler] Reverse step 2400/3000  x range: [-4.498, 4.432]
  [Scheduler] Reverse step 2350/3000  x range: [-4.553, 4.463]
  [Scheduler] Reverse step 2300/3000  x range: [-4.083, 4.612]
  [Scheduler] Reverse step 2250/3000  x range: [-4.389, 4.313]
  [Scheduler] Reverse step 2200/3000  x range: [-4.684, 4.548]
  [Scheduler] Reverse step 2150/3000  x range: [-4.426, 4.443]
  [Scheduler] Reverse step 2100/3000  x range: [-4.708, 5.312]
  [Scheduler] Reverse step 2050/3000  x range: [-4.162, 4.255]
  [Scheduler] Reverse step 2000/3000  x range: [-4.770, 4.757]
  [Scheduler] Reverse step 1950/3000  x range: [-4.478, 4.495]
  [Scheduler] Reverse step 1900/3000  x range: [-4.238, 4.723]
  [Scheduler] Reverse step 1850/3000  x range: [-4.958, 4.270]
  [Scheduler] Reverse step 1800/3000  x range: [-4.448, 4.817]
  [Scheduler] Reverse step 1750/3000  x range: [-4.715, 4.869]
  [Scheduler] Reverse step 1700/3000  x range: [-4.756, 4.302]
  [Scheduler] Reverse step 1650/3000  x range: [-4.243, 4.665]
  [Scheduler] Reverse step 1600/3000  x range: [-4.323, 4.818]
  [Scheduler] Reverse step 1550/3000  x range: [-4.815, 4.561]
  [Scheduler] Reverse step 1500/3000  x range: [-4.584, 4.640]
  [Scheduler] Reverse step 1450/3000  x range: [-4.890, 4.634]
  [Scheduler] Reverse step 1400/3000  x range: [-4.380, 4.592]
  [Scheduler] Reverse step 1350/3000  x range: [-4.732, 4.650]
  [Scheduler] Reverse step 1300/3000  x range: [-4.807, 4.404]
  [Scheduler] Reverse step 1250/3000  x range: [-4.345, 4.639]
  [Scheduler] Reverse step 1200/3000  x range: [-4.258, 4.846]
  [Scheduler] Reverse step 1150/3000  x range: [-4.557, 4.577]
  [Scheduler] Reverse step 1100/3000  x range: [-4.848, 4.655]
  [Scheduler] Reverse step 1050/3000  x range: [-4.843, 4.433]
  [Scheduler] Reverse step 1000/3000  x range: [-5.025, 4.399]
  [Scheduler] Reverse step 950/3000  x range: [-4.779, 4.344]
  [Scheduler] Reverse step 900/3000  x range: [-4.755, 4.388]
  [Scheduler] Reverse step 850/3000  x range: [-4.919, 4.261]
  [Scheduler] Reverse step 800/3000  x range: [-5.103, 4.309]
  [Scheduler] Reverse step 750/3000  x range: [-4.632, 4.462]
  [Scheduler] Reverse step 700/3000  x range: [-4.921, 4.697]
  [Scheduler] Reverse step 650/3000  x range: [-4.880, 4.751]
  [Scheduler] Reverse step 600/3000  x range: [-5.148, 4.842]
  [Scheduler] Reverse step 550/3000  x range: [-5.226, 5.123]
  [Scheduler] Reverse step 500/3000  x range: [-5.076, 4.848]
  [Scheduler] Reverse step 450/3000  x range: [-5.375, 5.640]
  [Scheduler] Reverse step 400/3000  x range: [-5.293, 5.376]
  [Scheduler] Reverse step 350/3000  x range: [-5.221, 5.596]
  [Scheduler] Reverse step 300/3000  x range: [-5.268, 5.324]
  [Scheduler] Reverse step 250/3000  x range: [-5.344, 5.271]
  [Scheduler] Reverse step 200/3000  x range: [-5.650, 5.394]
  [Scheduler] Reverse step 150/3000  x range: [-5.329, 5.656]
  [Scheduler] Reverse step 100/3000  x range: [-5.230, 5.910]
  [Scheduler] Reverse step  50/3000  x range: [-5.216, 5.606]
  [Scheduler] Reverse step   0/3000  x range: [-6.021, 5.368]
  Generated: 576/5120

  --- Batch 10 (64 samples) ---
  [Scheduler] Reverse step 2999/3000  x range: [-5.330, 4.549]
  [Scheduler] Reverse step 2950/3000  x range: [-4.596, 5.082]
  [Scheduler] Reverse step 2900/3000  x range: [-4.750, 4.347]
  [Scheduler] Reverse step 2850/3000  x range: [-4.460, 4.475]
  [Scheduler] Reverse step 2800/3000  x range: [-4.420, 4.903]
  [Scheduler] Reverse step 2750/3000  x range: [-4.716, 4.347]
  [Scheduler] Reverse step 2700/3000  x range: [-4.752, 4.749]
  [Scheduler] Reverse step 2650/3000  x range: [-4.203, 4.726]
  [Scheduler] Reverse step 2600/3000  x range: [-4.490, 4.622]
  [Scheduler] Reverse step 2550/3000  x range: [-4.171, 4.893]
  [Scheduler] Reverse step 2500/3000  x range: [-4.618, 5.074]
  [Scheduler] Reverse step 2450/3000  x range: [-4.700, 4.635]
  [Scheduler] Reverse step 2400/3000  x range: [-4.354, 4.596]
  [Scheduler] Reverse step 2350/3000  x range: [-4.795, 4.643]
  [Scheduler] Reverse step 2300/3000  x range: [-4.478, 4.581]
  [Scheduler] Reverse step 2250/3000  x range: [-5.190, 4.259]
  [Scheduler] Reverse step 2200/3000  x range: [-4.492, 4.838]
  [Scheduler] Reverse step 2150/3000  x range: [-4.961, 4.680]
  [Scheduler] Reverse step 2100/3000  x range: [-4.626, 4.606]
  [Scheduler] Reverse step 2050/3000  x range: [-4.538, 4.316]
  [Scheduler] Reverse step 2000/3000  x range: [-4.522, 4.722]
  [Scheduler] Reverse step 1950/3000  x range: [-4.572, 4.784]
  [Scheduler] Reverse step 1900/3000  x range: [-4.382, 4.461]
  [Scheduler] Reverse step 1850/3000  x range: [-4.459, 4.927]
  [Scheduler] Reverse step 1800/3000  x range: [-4.618, 4.583]
  [Scheduler] Reverse step 1750/3000  x range: [-4.959, 4.731]
  [Scheduler] Reverse step 1700/3000  x range: [-4.561, 4.377]
  [Scheduler] Reverse step 1650/3000  x range: [-5.050, 4.387]
  [Scheduler] Reverse step 1600/3000  x range: [-4.793, 4.317]
  [Scheduler] Reverse step 1550/3000  x range: [-4.501, 5.189]
  [Scheduler] Reverse step 1500/3000  x range: [-4.657, 4.929]
  [Scheduler] Reverse step 1450/3000  x range: [-4.830, 4.459]
  [Scheduler] Reverse step 1400/3000  x range: [-4.570, 4.327]
  [Scheduler] Reverse step 1350/3000  x range: [-4.403, 4.815]
  [Scheduler] Reverse step 1300/3000  x range: [-5.080, 4.756]
  [Scheduler] Reverse step 1250/3000  x range: [-4.946, 4.473]
  [Scheduler] Reverse step 1200/3000  x range: [-4.353, 4.648]
  [Scheduler] Reverse step 1150/3000  x range: [-4.390, 4.920]
  [Scheduler] Reverse step 1100/3000  x range: [-4.678, 4.349]
  [Scheduler] Reverse step 1050/3000  x range: [-4.626, 4.582]
  [Scheduler] Reverse step 1000/3000  x range: [-5.198, 4.411]
  [Scheduler] Reverse step 950/3000  x range: [-4.863, 4.791]
  [Scheduler] Reverse step 900/3000  x range: [-4.739, 4.247]
  [Scheduler] Reverse step 850/3000  x range: [-4.481, 4.449]
  [Scheduler] Reverse step 800/3000  x range: [-4.503, 4.311]
  [Scheduler] Reverse step 750/3000  x range: [-5.086, 4.960]
  [Scheduler] Reverse step 700/3000  x range: [-4.630, 5.599]
  [Scheduler] Reverse step 650/3000  x range: [-4.981, 5.129]
  [Scheduler] Reverse step 600/3000  x range: [-5.732, 5.276]
  [Scheduler] Reverse step 550/3000  x range: [-5.304, 5.239]
  [Scheduler] Reverse step 500/3000  x range: [-5.036, 4.997]
  [Scheduler] Reverse step 450/3000  x range: [-5.358, 5.815]
  [Scheduler] Reverse step 400/3000  x range: [-5.776, 5.877]
  [Scheduler] Reverse step 350/3000  x range: [-5.425, 5.426]
  [Scheduler] Reverse step 300/3000  x range: [-5.411, 5.723]
  [Scheduler] Reverse step 250/3000  x range: [-5.478, 5.911]
  [Scheduler] Reverse step 200/3000  x range: [-5.294, 5.652]
  [Scheduler] Reverse step 150/3000  x range: [-5.513, 5.276]
  [Scheduler] Reverse step 100/3000  x range: [-5.953, 5.332]
  [Scheduler] Reverse step  50/3000  x range: [-6.020, 5.559]
  [Scheduler] Reverse step   0/3000  x range: [-6.298, 5.545]
  Generated: 640/5120

  --- Batch 11 (64 samples) ---
  [Scheduler] Reverse step 2999/3000  x range: [-4.558, 4.552]
  [Scheduler] Reverse step 2950/3000  x range: [-4.374, 5.072]
  [Scheduler] Reverse step 2900/3000  x range: [-4.398, 4.530]
  [Scheduler] Reverse step 2850/3000  x range: [-5.056, 4.365]
  [Scheduler] Reverse step 2800/3000  x range: [-4.268, 4.384]
  [Scheduler] Reverse step 2750/3000  x range: [-4.305, 4.247]
  [Scheduler] Reverse step 2700/3000  x range: [-4.712, 4.372]
  [Scheduler] Reverse step 2650/3000  x range: [-4.829, 4.414]
  [Scheduler] Reverse step 2600/3000  x range: [-4.768, 4.569]
  [Scheduler] Reverse step 2550/3000  x range: [-4.547, 4.357]
  [Scheduler] Reverse step 2500/3000  x range: [-4.617, 5.272]
  [Scheduler] Reverse step 2450/3000  x range: [-4.547, 4.481]
  [Scheduler] Reverse step 2400/3000  x range: [-4.683, 4.318]
  [Scheduler] Reverse step 2350/3000  x range: [-4.338, 4.751]
  [Scheduler] Reverse step 2300/3000  x range: [-4.461, 4.559]
  [Scheduler] Reverse step 2250/3000  x range: [-4.905, 4.234]
  [Scheduler] Reverse step 2200/3000  x range: [-4.671, 4.785]
  [Scheduler] Reverse step 2150/3000  x range: [-4.558, 4.811]
  [Scheduler] Reverse step 2100/3000  x range: [-4.504, 4.590]
  [Scheduler] Reverse step 2050/3000  x range: [-4.649, 4.503]
  [Scheduler] Reverse step 2000/3000  x range: [-4.813, 5.046]
  [Scheduler] Reverse step 1950/3000  x range: [-5.113, 4.701]
  [Scheduler] Reverse step 1900/3000  x range: [-4.841, 4.860]
  [Scheduler] Reverse step 1850/3000  x range: [-4.201, 4.318]
  [Scheduler] Reverse step 1800/3000  x range: [-4.988, 4.828]
  [Scheduler] Reverse step 1750/3000  x range: [-4.841, 4.831]
  [Scheduler] Reverse step 1700/3000  x range: [-4.401, 4.555]
  [Scheduler] Reverse step 1650/3000  x range: [-4.333, 4.626]
  [Scheduler] Reverse step 1600/3000  x range: [-4.599, 4.802]
  [Scheduler] Reverse step 1550/3000  x range: [-4.854, 4.571]
  [Scheduler] Reverse step 1500/3000  x range: [-4.214, 4.587]
  [Scheduler] Reverse step 1450/3000  x range: [-4.480, 4.204]
  [Scheduler] Reverse step 1400/3000  x range: [-5.052, 4.839]
  [Scheduler] Reverse step 1350/3000  x range: [-4.399, 4.637]
  [Scheduler] Reverse step 1300/3000  x range: [-4.642, 4.485]
  [Scheduler] Reverse step 1250/3000  x range: [-5.083, 4.334]
  [Scheduler] Reverse step 1200/3000  x range: [-5.323, 4.356]
  [Scheduler] Reverse step 1150/3000  x range: [-4.379, 4.557]
  [Scheduler] Reverse step 1100/3000  x range: [-4.440, 4.296]
  [Scheduler] Reverse step 1050/3000  x range: [-4.214, 4.878]
  [Scheduler] Reverse step 1000/3000  x range: [-4.698, 4.493]
  [Scheduler] Reverse step 950/3000  x range: [-4.679, 4.739]
  [Scheduler] Reverse step 900/3000  x range: [-4.808, 4.341]
  [Scheduler] Reverse step 850/3000  x range: [-4.316, 4.503]
  [Scheduler] Reverse step 800/3000  x range: [-4.268, 4.118]
  [Scheduler] Reverse step 750/3000  x range: [-4.724, 4.694]
  [Scheduler] Reverse step 700/3000  x range: [-4.294, 4.634]
  [Scheduler] Reverse step 650/3000  x range: [-4.683, 4.631]
  [Scheduler] Reverse step 600/3000  x range: [-4.837, 5.039]
  [Scheduler] Reverse step 550/3000  x range: [-4.833, 5.072]
  [Scheduler] Reverse step 500/3000  x range: [-5.171, 5.302]
  [Scheduler] Reverse step 450/3000  x range: [-5.345, 5.065]
  [Scheduler] Reverse step 400/3000  x range: [-5.418, 5.753]
  [Scheduler] Reverse step 350/3000  x range: [-5.518, 5.892]
  [Scheduler] Reverse step 300/3000  x range: [-5.556, 5.696]
  [Scheduler] Reverse step 250/3000  x range: [-5.626, 5.654]
  [Scheduler] Reverse step 200/3000  x range: [-5.401, 5.230]
  [Scheduler] Reverse step 150/3000  x range: [-5.433, 5.283]
  [Scheduler] Reverse step 100/3000  x range: [-5.290, 5.334]
  [Scheduler] Reverse step  50/3000  x range: [-5.043, 5.186]
  [Scheduler] Reverse step   0/3000  x range: [-5.000, 5.044]
  Generated: 704/5120

  --- Batch 12 (64 samples) ---
  [Scheduler] Reverse step 2999/3000  x range: [-4.267, 4.420]
  [Scheduler] Reverse step 2950/3000  x range: [-4.642, 4.798]
  [Scheduler] Reverse step 2900/3000  x range: [-4.375, 4.639]
  [Scheduler] Reverse step 2850/3000  x range: [-4.391, 4.878]
  [Scheduler] Reverse step 2800/3000  x range: [-4.336, 4.564]
  [Scheduler] Reverse step 2750/3000  x range: [-4.970, 4.784]
  [Scheduler] Reverse step 2700/3000  x range: [-4.375, 4.708]
  [Scheduler] Reverse step 2650/3000  x range: [-4.493, 4.371]
  [Scheduler] Reverse step 2600/3000  x range: [-4.420, 5.420]
  [Scheduler] Reverse step 2550/3000  x range: [-4.705, 4.232]
  [Scheduler] Reverse step 2500/3000  x range: [-4.595, 4.669]
  [Scheduler] Reverse step 2450/3000  x range: [-4.798, 5.593]
  [Scheduler] Reverse step 2400/3000  x range: [-4.252, 5.061]
  [Scheduler] Reverse step 2350/3000  x range: [-4.926, 4.463]
  [Scheduler] Reverse step 2300/3000  x range: [-4.906, 4.265]
  [Scheduler] Reverse step 2250/3000  x range: [-5.437, 4.685]
  [Scheduler] Reverse step 2200/3000  x range: [-4.785, 4.672]
  [Scheduler] Reverse step 2150/3000  x range: [-4.454, 4.515]
  [Scheduler] Reverse step 2100/3000  x range: [-4.930, 4.238]
  [Scheduler] Reverse step 2050/3000  x range: [-4.662, 4.793]
  [Scheduler] Reverse step 2000/3000  x range: [-4.707, 4.736]
  [Scheduler] Reverse step 1950/3000  x range: [-4.219, 4.518]
  [Scheduler] Reverse step 1900/3000  x range: [-4.470, 4.432]
  [Scheduler] Reverse step 1850/3000  x range: [-4.773, 4.428]
  [Scheduler] Reverse step 1800/3000  x range: [-5.065, 4.739]
  [Scheduler] Reverse step 1750/3000  x range: [-4.451, 4.751]
  [Scheduler] Reverse step 1700/3000  x range: [-4.718, 4.894]
  [Scheduler] Reverse step 1650/3000  x range: [-4.818, 4.827]
  [Scheduler] Reverse step 1600/3000  x range: [-4.512, 4.326]
  [Scheduler] Reverse step 1550/3000  x range: [-4.723, 4.182]
  [Scheduler] Reverse step 1500/3000  x range: [-4.379, 4.446]
  [Scheduler] Reverse step 1450/3000  x range: [-4.489, 4.402]
  [Scheduler] Reverse step 1400/3000  x range: [-4.987, 4.485]
  [Scheduler] Reverse step 1350/3000  x range: [-5.060, 4.437]
  [Scheduler] Reverse step 1300/3000  x range: [-4.644, 4.165]
  [Scheduler] Reverse step 1250/3000  x range: [-4.629, 4.185]
  [Scheduler] Reverse step 1200/3000  x range: [-4.498, 4.537]
  [Scheduler] Reverse step 1150/3000  x range: [-4.560, 4.664]
  [Scheduler] Reverse step 1100/3000  x range: [-4.815, 4.371]
  [Scheduler] Reverse step 1050/3000  x range: [-4.890, 4.741]
  [Scheduler] Reverse step 1000/3000  x range: [-4.589, 5.004]
  [Scheduler] Reverse step 950/3000  x range: [-4.811, 4.993]
  [Scheduler] Reverse step 900/3000  x range: [-4.635, 4.588]
  [Scheduler] Reverse step 850/3000  x range: [-4.687, 4.632]
  [Scheduler] Reverse step 800/3000  x range: [-4.592, 4.595]
  [Scheduler] Reverse step 750/3000  x range: [-4.437, 4.421]
  [Scheduler] Reverse step 700/3000  x range: [-4.721, 4.332]
  [Scheduler] Reverse step 650/3000  x range: [-4.370, 4.381]
  [Scheduler] Reverse step 600/3000  x range: [-4.523, 4.871]
  [Scheduler] Reverse step 550/3000  x range: [-5.386, 5.331]
  [Scheduler] Reverse step 500/3000  x range: [-5.076, 5.303]
  [Scheduler] Reverse step 450/3000  x range: [-5.652, 5.681]
  [Scheduler] Reverse step 400/3000  x range: [-5.383, 6.291]
  [Scheduler] Reverse step 350/3000  x range: [-5.803, 5.993]
  [Scheduler] Reverse step 300/3000  x range: [-5.810, 5.846]
  [Scheduler] Reverse step 250/3000  x range: [-6.007, 5.676]
  [Scheduler] Reverse step 200/3000  x range: [-6.007, 5.727]
  [Scheduler] Reverse step 150/3000  x range: [-6.016, 5.642]
  [Scheduler] Reverse step 100/3000  x range: [-6.176, 5.566]
  [Scheduler] Reverse step  50/3000  x range: [-6.328, 5.194]
  [Scheduler] Reverse step   0/3000  x range: [-6.412, 5.186]
  Generated: 768/5120

  --- Batch 13 (64 samples) ---
  [Scheduler] Reverse step 2999/3000  x range: [-4.420, 4.611]
  [Scheduler] Reverse step 2950/3000  x range: [-4.513, 4.830]
  [Scheduler] Reverse step 2900/3000  x range: [-4.527, 4.708]
  [Scheduler] Reverse step 2850/3000  x range: [-4.547, 4.643]
  [Scheduler] Reverse step 2800/3000  x range: [-4.554, 4.514]
  [Scheduler] Reverse step 2750/3000  x range: [-4.506, 4.500]
  [Scheduler] Reverse step 2700/3000  x range: [-4.725, 4.641]
  [Scheduler] Reverse step 2650/3000  x range: [-4.304, 5.188]
  [Scheduler] Reverse step 2600/3000  x range: [-4.321, 4.542]
  [Scheduler] Reverse step 2550/3000  x range: [-4.612, 4.359]
  [Scheduler] Reverse step 2500/3000  x range: [-4.601, 4.397]
  [Scheduler] Reverse step 2450/3000  x range: [-4.733, 5.046]
  [Scheduler] Reverse step 2400/3000  x range: [-4.399, 4.661]
  [Scheduler] Reverse step 2350/3000  x range: [-4.466, 4.619]
  [Scheduler] Reverse step 2300/3000  x range: [-4.602, 4.554]
  [Scheduler] Reverse step 2250/3000  x range: [-4.316, 4.226]
  [Scheduler] Reverse step 2200/3000  x range: [-4.491, 4.791]
  [Scheduler] Reverse step 2150/3000  x range: [-4.548, 4.362]
  [Scheduler] Reverse step 2100/3000  x range: [-4.776, 4.453]
  [Scheduler] Reverse step 2050/3000  x range: [-4.648, 4.455]
  [Scheduler] Reverse step 2000/3000  x range: [-5.169, 4.458]
  [Scheduler] Reverse step 1950/3000  x range: [-4.341, 4.382]
  [Scheduler] Reverse step 1900/3000  x range: [-4.218, 4.836]
  [Scheduler] Reverse step 1850/3000  x range: [-4.314, 4.843]
  [Scheduler] Reverse step 1800/3000  x range: [-4.540, 4.496]
  [Scheduler] Reverse step 1750/3000  x range: [-4.895, 4.517]
  [Scheduler] Reverse step 1700/3000  x range: [-4.603, 4.586]
  [Scheduler] Reverse step 1650/3000  x range: [-4.212, 4.373]
  [Scheduler] Reverse step 1600/3000  x range: [-4.498, 4.286]
  [Scheduler] Reverse step 1550/3000  x range: [-4.408, 4.442]
  [Scheduler] Reverse step 1500/3000  x range: [-4.031, 4.491]
  [Scheduler] Reverse step 1450/3000  x range: [-4.650, 4.467]
  [Scheduler] Reverse step 1400/3000  x range: [-4.565, 4.825]
  [Scheduler] Reverse step 1350/3000  x range: [-4.540, 4.672]
  [Scheduler] Reverse step 1300/3000  x range: [-5.087, 4.354]
  [Scheduler] Reverse step 1250/3000  x range: [-4.453, 4.491]
  [Scheduler] Reverse step 1200/3000  x range: [-4.360, 4.510]
  [Scheduler] Reverse step 1150/3000  x range: [-4.480, 5.069]
  [Scheduler] Reverse step 1100/3000  x range: [-4.321, 4.515]
  [Scheduler] Reverse step 1050/3000  x range: [-4.299, 5.191]
  [Scheduler] Reverse step 1000/3000  x range: [-4.375, 4.076]
  [Scheduler] Reverse step 950/3000  x range: [-4.673, 4.507]
  [Scheduler] Reverse step 900/3000  x range: [-4.698, 4.798]
  [Scheduler] Reverse step 850/3000  x range: [-4.478, 4.369]
  [Scheduler] Reverse step 800/3000  x range: [-4.318, 4.724]
  [Scheduler] Reverse step 750/3000  x range: [-4.701, 4.986]
  [Scheduler] Reverse step 700/3000  x range: [-4.476, 4.822]
  [Scheduler] Reverse step 650/3000  x range: [-4.571, 4.488]
  [Scheduler] Reverse step 600/3000  x range: [-4.809, 4.519]
  [Scheduler] Reverse step 550/3000  x range: [-5.054, 4.731]
  [Scheduler] Reverse step 500/3000  x range: [-5.240, 4.803]
  [Scheduler] Reverse step 450/3000  x range: [-5.220, 4.996]
  [Scheduler] Reverse step 400/3000  x range: [-5.278, 5.202]
  [Scheduler] Reverse step 350/3000  x range: [-5.090, 4.989]
  [Scheduler] Reverse step 300/3000  x range: [-5.361, 5.606]
  [Scheduler] Reverse step 250/3000  x range: [-5.474, 5.495]
  [Scheduler] Reverse step 200/3000  x range: [-5.206, 5.618]
  [Scheduler] Reverse step 150/3000  x range: [-5.096, 5.996]
  [Scheduler] Reverse step 100/3000  x range: [-5.310, 6.019]
  [Scheduler] Reverse step  50/3000  x range: [-5.286, 5.673]
  [Scheduler] Reverse step   0/3000  x range: [-5.120, 5.292]
  Generated: 832/5120

  --- Batch 14 (64 samples) ---
  [Scheduler] Reverse step 2999/3000  x range: [-4.248, 4.346]
  [Scheduler] Reverse step 2950/3000  x range: [-4.310, 4.370]
  [Scheduler] Reverse step 2900/3000  x range: [-4.649, 5.189]
  [Scheduler] Reverse step 2850/3000  x range: [-4.648, 5.403]
  [Scheduler] Reverse step 2800/3000  x range: [-4.201, 4.348]
  [Scheduler] Reverse step 2750/3000  x range: [-4.517, 5.117]
  [Scheduler] Reverse step 2700/3000  x range: [-4.250, 4.510]
  [Scheduler] Reverse step 2650/3000  x range: [-4.601, 4.592]
  [Scheduler] Reverse step 2600/3000  x range: [-4.948, 4.734]
  [Scheduler] Reverse step 2550/3000  x range: [-4.859, 4.591]
  [Scheduler] Reverse step 2500/3000  x range: [-4.614, 4.578]
  [Scheduler] Reverse step 2450/3000  x range: [-4.902, 4.735]
  [Scheduler] Reverse step 2400/3000  x range: [-4.665, 4.623]
  [Scheduler] Reverse step 2350/3000  x range: [-4.672, 4.104]
  [Scheduler] Reverse step 2300/3000  x range: [-5.048, 4.329]
  [Scheduler] Reverse step 2250/3000  x range: [-4.695, 4.537]
  [Scheduler] Reverse step 2200/3000  x range: [-4.715, 5.578]
  [Scheduler] Reverse step 2150/3000  x range: [-4.090, 4.553]
  [Scheduler] Reverse step 2100/3000  x range: [-4.593, 4.388]
  [Scheduler] Reverse step 2050/3000  x range: [-4.753, 5.031]
  [Scheduler] Reverse step 2000/3000  x range: [-4.438, 4.544]
  [Scheduler] Reverse step 1950/3000  x range: [-4.431, 4.901]
  [Scheduler] Reverse step 1900/3000  x range: [-4.826, 4.776]
  [Scheduler] Reverse step 1850/3000  x range: [-4.393, 4.479]
  [Scheduler] Reverse step 1800/3000  x range: [-4.528, 4.875]
  [Scheduler] Reverse step 1750/3000  x range: [-5.051, 4.667]
  [Scheduler] Reverse step 1700/3000  x range: [-4.377, 4.644]
  [Scheduler] Reverse step 1650/3000  x range: [-4.398, 4.380]
  [Scheduler] Reverse step 1600/3000  x range: [-4.998, 4.713]
  [Scheduler] Reverse step 1550/3000  x range: [-4.849, 4.515]
  [Scheduler] Reverse step 1500/3000  x range: [-4.488, 4.487]
  [Scheduler] Reverse step 1450/3000  x range: [-4.321, 4.283]
  [Scheduler] Reverse step 1400/3000  x range: [-4.867, 5.017]
  [Scheduler] Reverse step 1350/3000  x range: [-4.765, 4.630]
  [Scheduler] Reverse step 1300/3000  x range: [-4.562, 4.483]
  [Scheduler] Reverse step 1250/3000  x range: [-4.494, 4.226]
  [Scheduler] Reverse step 1200/3000  x range: [-4.493, 4.223]
  [Scheduler] Reverse step 1150/3000  x range: [-4.329, 4.676]
  [Scheduler] Reverse step 1100/3000  x range: [-4.632, 4.914]
  [Scheduler] Reverse step 1050/3000  x range: [-4.541, 4.872]
  [Scheduler] Reverse step 1000/3000  x range: [-4.499, 4.863]
  [Scheduler] Reverse step 950/3000  x range: [-5.108, 5.329]
  [Scheduler] Reverse step 900/3000  x range: [-4.449, 4.732]
  [Scheduler] Reverse step 850/3000  x range: [-4.497, 4.878]
  [Scheduler] Reverse step 800/3000  x range: [-4.560, 5.106]
  [Scheduler] Reverse step 750/3000  x range: [-4.423, 4.528]
  [Scheduler] Reverse step 700/3000  x range: [-4.896, 5.292]
  [Scheduler] Reverse step 650/3000  x range: [-4.881, 4.811]
  [Scheduler] Reverse step 600/3000  x range: [-4.616, 5.080]
  [Scheduler] Reverse step 550/3000  x range: [-4.871, 4.969]
  [Scheduler] Reverse step 500/3000  x range: [-4.748, 5.456]
  [Scheduler] Reverse step 450/3000  x range: [-4.833, 5.243]
  [Scheduler] Reverse step 400/3000  x range: [-5.213, 5.620]
  [Scheduler] Reverse step 350/3000  x range: [-5.439, 5.818]
  [Scheduler] Reverse step 300/3000  x range: [-5.685, 5.441]
  [Scheduler] Reverse step 250/3000  x range: [-5.589, 5.691]
  [Scheduler] Reverse step 200/3000  x range: [-5.228, 6.167]
  [Scheduler] Reverse step 150/3000  x range: [-5.450, 5.925]
  [Scheduler] Reverse step 100/3000  x range: [-5.391, 5.798]
  [Scheduler] Reverse step  50/3000  x range: [-5.316, 5.674]
  [Scheduler] Reverse step   0/3000  x range: [-5.250, 5.523]
  Generated: 896/5120

  --- Batch 15 (64 samples) ---
  [Scheduler] Reverse step 2999/3000  x range: [-5.059, 4.472]
  [Scheduler] Reverse step 2950/3000  x range: [-4.625, 4.501]
  [Scheduler] Reverse step 2900/3000  x range: [-4.746, 4.485]
  [Scheduler] Reverse step 2850/3000  x range: [-4.579, 4.403]
  [Scheduler] Reverse step 2800/3000  x range: [-4.601, 4.438]
  [Scheduler] Reverse step 2750/3000  x range: [-4.278, 4.621]
  [Scheduler] Reverse step 2700/3000  x range: [-4.591, 4.340]
  [Scheduler] Reverse step 2650/3000  x range: [-4.573, 4.840]
  [Scheduler] Reverse step 2600/3000  x range: [-4.516, 4.337]
  [Scheduler] Reverse step 2550/3000  x range: [-4.622, 4.456]
  [Scheduler] Reverse step 2500/3000  x range: [-5.221, 4.671]
  [Scheduler] Reverse step 2450/3000  x range: [-4.843, 4.406]
  [Scheduler] Reverse step 2400/3000  x range: [-4.473, 4.208]
  [Scheduler] Reverse step 2350/3000  x range: [-4.562, 4.375]
  [Scheduler] Reverse step 2300/3000  x range: [-4.385, 4.677]
  [Scheduler] Reverse step 2250/3000  x range: [-4.417, 4.688]
  [Scheduler] Reverse step 2200/3000  x range: [-4.339, 4.546]
  [Scheduler] Reverse step 2150/3000  x range: [-5.511, 4.687]
  [Scheduler] Reverse step 2100/3000  x range: [-4.571, 4.482]
  [Scheduler] Reverse step 2050/3000  x range: [-4.581, 4.469]
  [Scheduler] Reverse step 2000/3000  x range: [-4.552, 4.439]
  [Scheduler] Reverse step 1950/3000  x range: [-4.890, 4.349]
  [Scheduler] Reverse step 1900/3000  x range: [-4.279, 5.224]
  [Scheduler] Reverse step 1850/3000  x range: [-4.539, 4.476]
  [Scheduler] Reverse step 1800/3000  x range: [-4.628, 4.432]
  [Scheduler] Reverse step 1750/3000  x range: [-5.025, 4.301]
  [Scheduler] Reverse step 1700/3000  x range: [-4.613, 4.408]
  [Scheduler] Reverse step 1650/3000  x range: [-4.507, 4.453]
  [Scheduler] Reverse step 1600/3000  x range: [-4.815, 4.609]
  [Scheduler] Reverse step 1550/3000  x range: [-5.224, 4.283]
  [Scheduler] Reverse step 1500/3000  x range: [-5.540, 4.568]
  [Scheduler] Reverse step 1450/3000  x range: [-4.544, 4.135]
  [Scheduler] Reverse step 1400/3000  x range: [-4.442, 4.409]
  [Scheduler] Reverse step 1350/3000  x range: [-4.738, 4.556]
  [Scheduler] Reverse step 1300/3000  x range: [-4.349, 4.792]
  [Scheduler] Reverse step 1250/3000  x range: [-4.735, 4.895]
  [Scheduler] Reverse step 1200/3000  x range: [-4.702, 4.721]
  [Scheduler] Reverse step 1150/3000  x range: [-4.888, 4.421]
  [Scheduler] Reverse step 1100/3000  x range: [-4.453, 4.276]
  [Scheduler] Reverse step 1050/3000  x range: [-4.334, 4.270]
  [Scheduler] Reverse step 1000/3000  x range: [-4.516, 4.855]
  [Scheduler] Reverse step 950/3000  x range: [-4.575, 4.453]
  [Scheduler] Reverse step 900/3000  x range: [-4.892, 4.678]
  [Scheduler] Reverse step 850/3000  x range: [-4.442, 4.328]
  [Scheduler] Reverse step 800/3000  x range: [-4.575, 4.158]
  [Scheduler] Reverse step 750/3000  x range: [-4.930, 4.560]
  [Scheduler] Reverse step 700/3000  x range: [-4.813, 4.374]
  [Scheduler] Reverse step 650/3000  x range: [-4.390, 4.836]
  [Scheduler] Reverse step 600/3000  x range: [-4.550, 4.411]
  [Scheduler] Reverse step 550/3000  x range: [-4.506, 4.494]
  [Scheduler] Reverse step 500/3000  x range: [-4.823, 4.892]
  [Scheduler] Reverse step 450/3000  x range: [-4.838, 5.323]
  [Scheduler] Reverse step 400/3000  x range: [-5.160, 5.204]
  [Scheduler] Reverse step 350/3000  x range: [-5.369, 5.157]
  [Scheduler] Reverse step 300/3000  x range: [-5.626, 5.330]
  [Scheduler] Reverse step 250/3000  x range: [-5.572, 5.458]
  [Scheduler] Reverse step 200/3000  x range: [-5.307, 5.375]
  [Scheduler] Reverse step 150/3000  x range: [-5.016, 5.356]
  [Scheduler] Reverse step 100/3000  x range: [-5.102, 5.497]
  [Scheduler] Reverse step  50/3000  x range: [-4.936, 5.463]
  [Scheduler] Reverse step   0/3000  x range: [-4.965, 5.235]
  Generated: 960/5120

  --- Batch 16 (64 samples) ---
  [Scheduler] Reverse step 2999/3000  x range: [-4.631, 4.697]
  [Scheduler] Reverse step 2950/3000  x range: [-4.248, 4.290]
  [Scheduler] Reverse step 2900/3000  x range: [-4.942, 4.779]
  [Scheduler] Reverse step 2850/3000  x range: [-4.634, 4.517]
  [Scheduler] Reverse step 2800/3000  x range: [-4.315, 4.693]
  [Scheduler] Reverse step 2750/3000  x range: [-4.438, 4.326]
  [Scheduler] Reverse step 2700/3000  x range: [-4.455, 4.372]
  [Scheduler] Reverse step 2650/3000  x range: [-4.513, 4.615]
  [Scheduler] Reverse step 2600/3000  x range: [-4.433, 4.428]
  [Scheduler] Reverse step 2550/3000  x range: [-4.516, 4.941]
  [Scheduler] Reverse step 2500/3000  x range: [-4.598, 4.905]
  [Scheduler] Reverse step 2450/3000  x range: [-4.615, 4.433]
  [Scheduler] Reverse step 2400/3000  x range: [-4.415, 4.409]
  [Scheduler] Reverse step 2350/3000  x range: [-4.798, 4.639]
  [Scheduler] Reverse step 2300/3000  x range: [-4.492, 4.520]
  [Scheduler] Reverse step 2250/3000  x range: [-4.656, 4.255]
  [Scheduler] Reverse step 2200/3000  x range: [-4.542, 4.388]
  [Scheduler] Reverse step 2150/3000  x range: [-4.407, 4.210]
  [Scheduler] Reverse step 2100/3000  x range: [-4.374, 4.346]
  [Scheduler] Reverse step 2050/3000  x range: [-4.436, 4.196]
  [Scheduler] Reverse step 2000/3000  x range: [-4.772, 4.485]
  [Scheduler] Reverse step 1950/3000  x range: [-4.639, 4.510]
  [Scheduler] Reverse step 1900/3000  x range: [-4.438, 4.375]
  [Scheduler] Reverse step 1850/3000  x range: [-4.429, 4.362]
  [Scheduler] Reverse step 1800/3000  x range: [-4.933, 4.425]
  [Scheduler] Reverse step 1750/3000  x range: [-4.687, 4.779]
  [Scheduler] Reverse step 1700/3000  x range: [-4.518, 4.450]
  [Scheduler] Reverse step 1650/3000  x range: [-4.300, 4.122]
  [Scheduler] Reverse step 1600/3000  x range: [-4.343, 4.626]
  [Scheduler] Reverse step 1550/3000  x range: [-4.356, 4.726]
  [Scheduler] Reverse step 1500/3000  x range: [-4.409, 4.637]
  [Scheduler] Reverse step 1450/3000  x range: [-4.409, 4.438]
  [Scheduler] Reverse step 1400/3000  x range: [-4.419, 4.353]
  [Scheduler] Reverse step 1350/3000  x range: [-4.163, 4.512]
  [Scheduler] Reverse step 1300/3000  x range: [-4.315, 4.586]
  [Scheduler] Reverse step 1250/3000  x range: [-5.125, 4.220]
  [Scheduler] Reverse step 1200/3000  x range: [-4.729, 4.545]
  [Scheduler] Reverse step 1150/3000  x range: [-4.223, 4.615]
  [Scheduler] Reverse step 1100/3000  x range: [-4.581, 4.993]
  [Scheduler] Reverse step 1050/3000  x range: [-4.927, 4.862]
  [Scheduler] Reverse step 1000/3000  x range: [-4.745, 4.525]
  [Scheduler] Reverse step 950/3000  x range: [-4.423, 5.275]
  [Scheduler] Reverse step 900/3000  x range: [-4.306, 4.519]
  [Scheduler] Reverse step 850/3000  x range: [-4.317, 4.703]
  [Scheduler] Reverse step 800/3000  x range: [-4.528, 4.439]
  [Scheduler] Reverse step 750/3000  x range: [-4.267, 4.556]
  [Scheduler] Reverse step 700/3000  x range: [-4.834, 4.695]
  [Scheduler] Reverse step 650/3000  x range: [-5.132, 4.570]
  [Scheduler] Reverse step 600/3000  x range: [-5.158, 4.616]
  [Scheduler] Reverse step 550/3000  x range: [-5.760, 4.946]
  [Scheduler] Reverse step 500/3000  x range: [-5.875, 5.116]
  [Scheduler] Reverse step 450/3000  x range: [-5.765, 5.405]
  [Scheduler] Reverse step 400/3000  x range: [-5.122, 5.418]
  [Scheduler] Reverse step 350/3000  x range: [-5.377, 5.401]
  [Scheduler] Reverse step 300/3000  x range: [-5.319, 5.457]
  [Scheduler] Reverse step 250/3000  x range: [-5.397, 5.476]
  [Scheduler] Reverse step 200/3000  x range: [-5.131, 5.553]
  [Scheduler] Reverse step 150/3000  x range: [-5.260, 5.594]
  [Scheduler] Reverse step 100/3000  x range: [-5.187, 5.611]
  [Scheduler] Reverse step  50/3000  x range: [-5.082, 5.165]
  [Scheduler] Reverse step   0/3000  x range: [-4.989, 5.021]
  Generated: 1024/5120

  --- Batch 17 (64 samples) ---
  [Scheduler] Reverse step 2999/3000  x range: [-4.420, 4.542]
  [Scheduler] Reverse step 2950/3000  x range: [-4.297, 4.841]
  [Scheduler] Reverse step 2900/3000  x range: [-4.197, 4.799]
  [Scheduler] Reverse step 2850/3000  x range: [-4.236, 4.684]
  [Scheduler] Reverse step 2800/3000  x range: [-4.405, 4.900]
  [Scheduler] Reverse step 2750/3000  x range: [-4.484, 4.387]
  [Scheduler] Reverse step 2700/3000  x range: [-4.504, 5.237]
  [Scheduler] Reverse step 2650/3000  x range: [-4.729, 4.472]
  [Scheduler] Reverse step 2600/3000  x range: [-4.483, 4.158]
  [Scheduler] Reverse step 2550/3000  x range: [-4.359, 4.429]
  [Scheduler] Reverse step 2500/3000  x range: [-4.730, 4.412]
  [Scheduler] Reverse step 2450/3000  x range: [-4.598, 4.344]
  [Scheduler] Reverse step 2400/3000  x range: [-4.567, 5.100]
  [Scheduler] Reverse step 2350/3000  x range: [-4.406, 4.637]
  [Scheduler] Reverse step 2300/3000  x range: [-4.455, 5.292]
  [Scheduler] Reverse step 2250/3000  x range: [-4.553, 4.493]
  [Scheduler] Reverse step 2200/3000  x range: [-4.403, 4.626]
  [Scheduler] Reverse step 2150/3000  x range: [-4.146, 4.523]
  [Scheduler] Reverse step 2100/3000  x range: [-5.026, 4.437]
  [Scheduler] Reverse step 2050/3000  x range: [-4.479, 4.487]
  [Scheduler] Reverse step 2000/3000  x range: [-4.524, 4.931]
  [Scheduler] Reverse step 1950/3000  x range: [-4.521, 4.221]
  [Scheduler] Reverse step 1900/3000  x range: [-4.221, 4.797]
  [Scheduler] Reverse step 1850/3000  x range: [-4.428, 4.304]
  [Scheduler] Reverse step 1800/3000  x range: [-4.768, 4.592]
  [Scheduler] Reverse step 1750/3000  x range: [-4.970, 4.962]
  [Scheduler] Reverse step 1700/3000  x range: [-4.704, 4.896]
  [Scheduler] Reverse step 1650/3000  x range: [-4.561, 4.847]
  [Scheduler] Reverse step 1600/3000  x range: [-4.996, 4.698]
  [Scheduler] Reverse step 1550/3000  x range: [-4.591, 4.332]
  [Scheduler] Reverse step 1500/3000  x range: [-4.734, 4.409]
  [Scheduler] Reverse step 1450/3000  x range: [-5.093, 4.823]
  [Scheduler] Reverse step 1400/3000  x range: [-4.822, 4.596]
  [Scheduler] Reverse step 1350/3000  x range: [-4.452, 4.967]
  [Scheduler] Reverse step 1300/3000  x range: [-4.409, 4.656]
  [Scheduler] Reverse step 1250/3000  x range: [-4.416, 4.568]
  [Scheduler] Reverse step 1200/3000  x range: [-4.701, 4.869]
  [Scheduler] Reverse step 1150/3000  x range: [-4.794, 5.025]
  [Scheduler] Reverse step 1100/3000  x range: [-4.918, 4.572]
  [Scheduler] Reverse step 1050/3000  x range: [-4.843, 4.690]
  [Scheduler] Reverse step 1000/3000  x range: [-4.693, 4.648]
  [Scheduler] Reverse step 950/3000  x range: [-4.363, 5.234]
  [Scheduler] Reverse step 900/3000  x range: [-4.694, 5.398]
  [Scheduler] Reverse step 850/3000  x range: [-4.319, 4.653]
  [Scheduler] Reverse step 800/3000  x range: [-5.110, 4.837]
  [Scheduler] Reverse step 750/3000  x range: [-4.340, 4.842]
  [Scheduler] Reverse step 700/3000  x range: [-4.452, 4.598]
  [Scheduler] Reverse step 650/3000  x range: [-4.514, 4.663]
  [Scheduler] Reverse step 600/3000  x range: [-4.932, 4.936]
  [Scheduler] Reverse step 550/3000  x range: [-5.026, 4.870]
  [Scheduler] Reverse step 500/3000  x range: [-4.901, 5.084]
  [Scheduler] Reverse step 450/3000  x range: [-5.222, 5.227]
  [Scheduler] Reverse step 400/3000  x range: [-5.335, 5.557]
  [Scheduler] Reverse step 350/3000  x range: [-5.156, 5.372]
  [Scheduler] Reverse step 300/3000  x range: [-5.458, 5.512]
  [Scheduler] Reverse step 250/3000  x range: [-5.294, 5.819]
  [Scheduler] Reverse step 200/3000  x range: [-5.142, 5.650]
  [Scheduler] Reverse step 150/3000  x range: [-5.340, 5.609]
  [Scheduler] Reverse step 100/3000  x range: [-5.303, 5.892]
  [Scheduler] Reverse step  50/3000  x range: [-5.056, 5.590]
  [Scheduler] Reverse step   0/3000  x range: [-5.067, 5.556]
  Generated: 1088/5120

  --- Batch 18 (64 samples) ---
  [Scheduler] Reverse step 2999/3000  x range: [-4.768, 4.655]
  [Scheduler] Reverse step 2950/3000  x range: [-4.368, 4.567]
  [Scheduler] Reverse step 2900/3000  x range: [-4.939, 4.278]
  [Scheduler] Reverse step 2850/3000  x range: [-5.085, 4.266]
  [Scheduler] Reverse step 2800/3000  x range: [-4.671, 4.410]
  [Scheduler] Reverse step 2750/3000  x range: [-4.425, 5.224]
  [Scheduler] Reverse step 2700/3000  x range: [-4.616, 4.368]
  [Scheduler] Reverse step 2650/3000  x range: [-4.856, 4.546]
  [Scheduler] Reverse step 2600/3000  x range: [-5.329, 4.540]
  [Scheduler] Reverse step 2550/3000  x range: [-4.733, 4.379]
  [Scheduler] Reverse step 2500/3000  x range: [-4.597, 4.807]
  [Scheduler] Reverse step 2450/3000  x range: [-4.378, 4.839]
  [Scheduler] Reverse step 2400/3000  x range: [-4.932, 4.802]
  [Scheduler] Reverse step 2350/3000  x range: [-4.981, 4.486]
  [Scheduler] Reverse step 2300/3000  x range: [-4.670, 4.427]
  [Scheduler] Reverse step 2250/3000  x range: [-4.780, 4.448]
  [Scheduler] Reverse step 2200/3000  x range: [-4.407, 4.690]
  [Scheduler] Reverse step 2150/3000  x range: [-4.471, 4.274]
  [Scheduler] Reverse step 2100/3000  x range: [-4.667, 4.130]
  [Scheduler] Reverse step 2050/3000  x range: [-4.841, 5.204]
  [Scheduler] Reverse step 2000/3000  x range: [-4.690, 4.251]
  [Scheduler] Reverse step 1950/3000  x range: [-5.182, 5.040]
  [Scheduler] Reverse step 1900/3000  x range: [-4.588, 4.453]
  [Scheduler] Reverse step 1850/3000  x range: [-4.704, 4.434]
  [Scheduler] Reverse step 1800/3000  x range: [-4.775, 4.305]
  [Scheduler] Reverse step 1750/3000  x range: [-4.538, 4.768]
  [Scheduler] Reverse step 1700/3000  x range: [-5.063, 5.022]
  [Scheduler] Reverse step 1650/3000  x range: [-4.431, 4.542]
  [Scheduler] Reverse step 1600/3000  x range: [-4.116, 4.443]
  [Scheduler] Reverse step 1550/3000  x range: [-4.467, 4.887]
  [Scheduler] Reverse step 1500/3000  x range: [-4.511, 4.581]
  [Scheduler] Reverse step 1450/3000  x range: [-4.661, 4.589]
  [Scheduler] Reverse step 1400/3000  x range: [-4.568, 4.441]
  [Scheduler] Reverse step 1350/3000  x range: [-4.463, 4.635]
  [Scheduler] Reverse step 1300/3000  x range: [-4.677, 4.643]
  [Scheduler] Reverse step 1250/3000  x range: [-4.691, 4.671]
  [Scheduler] Reverse step 1200/3000  x range: [-4.407, 4.257]
  [Scheduler] Reverse step 1150/3000  x range: [-5.048, 4.252]
  [Scheduler] Reverse step 1100/3000  x range: [-4.307, 4.500]
  [Scheduler] Reverse step 1050/3000  x range: [-4.482, 4.540]
  [Scheduler] Reverse step 1000/3000  x range: [-4.841, 4.412]
  [Scheduler] Reverse step 950/3000  x range: [-4.856, 4.558]
  [Scheduler] Reverse step 900/3000  x range: [-4.396, 4.044]
  [Scheduler] Reverse step 850/3000  x range: [-4.408, 4.462]
  [Scheduler] Reverse step 800/3000  x range: [-4.305, 4.477]
  [Scheduler] Reverse step 750/3000  x range: [-4.240, 4.365]
  [Scheduler] Reverse step 700/3000  x range: [-5.188, 4.686]
  [Scheduler] Reverse step 650/3000  x range: [-5.169, 4.485]
  [Scheduler] Reverse step 600/3000  x range: [-4.955, 4.759]
  [Scheduler] Reverse step 550/3000  x range: [-4.849, 4.646]
  [Scheduler] Reverse step 500/3000  x range: [-4.993, 5.211]
  [Scheduler] Reverse step 450/3000  x range: [-5.490, 5.041]
  [Scheduler] Reverse step 400/3000  x range: [-5.350, 5.329]
  [Scheduler] Reverse step 350/3000  x range: [-5.728, 5.354]
  [Scheduler] Reverse step 300/3000  x range: [-5.910, 5.808]
  [Scheduler] Reverse step 250/3000  x range: [-5.785, 5.731]
  [Scheduler] Reverse step 200/3000  x range: [-5.956, 5.605]
  [Scheduler] Reverse step 150/3000  x range: [-5.894, 5.512]
  [Scheduler] Reverse step 100/3000  x range: [-5.896, 5.638]
  [Scheduler] Reverse step  50/3000  x range: [-5.622, 5.519]
  [Scheduler] Reverse step   0/3000  x range: [-5.480, 5.399]
  Generated: 1152/5120

  --- Batch 19 (64 samples) ---
  [Scheduler] Reverse step 2999/3000  x range: [-4.663, 4.320]
  [Scheduler] Reverse step 2950/3000  x range: [-4.308, 4.727]
  [Scheduler] Reverse step 2900/3000  x range: [-4.418, 4.794]
  [Scheduler] Reverse step 2850/3000  x range: [-4.705, 4.637]
  [Scheduler] Reverse step 2800/3000  x range: [-4.519, 4.233]
  [Scheduler] Reverse step 2750/3000  x range: [-4.996, 4.605]
  [Scheduler] Reverse step 2700/3000  x range: [-4.885, 4.826]
  [Scheduler] Reverse step 2650/3000  x range: [-4.631, 4.470]
  [Scheduler] Reverse step 2600/3000  x range: [-4.547, 4.588]
  [Scheduler] Reverse step 2550/3000  x range: [-4.525, 4.490]
  [Scheduler] Reverse step 2500/3000  x range: [-4.706, 4.671]
  [Scheduler] Reverse step 2450/3000  x range: [-4.572, 4.831]
  [Scheduler] Reverse step 2400/3000  x range: [-4.395, 4.561]
  [Scheduler] Reverse step 2350/3000  x range: [-4.576, 4.638]
  [Scheduler] Reverse step 2300/3000  x range: [-4.652, 4.522]
  [Scheduler] Reverse step 2250/3000  x range: [-4.327, 4.892]
  [Scheduler] Reverse step 2200/3000  x range: [-4.705, 4.698]
  [Scheduler] Reverse step 2150/3000  x range: [-4.705, 4.657]
  [Scheduler] Reverse step 2100/3000  x range: [-4.775, 4.083]
  [Scheduler] Reverse step 2050/3000  x range: [-5.036, 4.253]
  [Scheduler] Reverse step 2000/3000  x range: [-4.426, 4.393]
  [Scheduler] Reverse step 1950/3000  x range: [-4.607, 4.705]
  [Scheduler] Reverse step 1900/3000  x range: [-5.128, 4.455]
  [Scheduler] Reverse step 1850/3000  x range: [-4.356, 4.545]
  [Scheduler] Reverse step 1800/3000  x range: [-5.052, 4.882]
  [Scheduler] Reverse step 1750/3000  x range: [-4.442, 4.177]
  [Scheduler] Reverse step 1700/3000  x range: [-4.448, 4.907]
  [Scheduler] Reverse step 1650/3000  x range: [-4.864, 4.801]
  [Scheduler] Reverse step 1600/3000  x range: [-4.515, 4.316]
  [Scheduler] Reverse step 1550/3000  x range: [-4.629, 4.777]
  [Scheduler] Reverse step 1500/3000  x range: [-4.658, 4.389]
  [Scheduler] Reverse step 1450/3000  x range: [-4.488, 4.321]
  [Scheduler] Reverse step 1400/3000  x range: [-4.359, 4.370]
  [Scheduler] Reverse step 1350/3000  x range: [-4.378, 4.442]
  [Scheduler] Reverse step 1300/3000  x range: [-4.342, 4.460]
  [Scheduler] Reverse step 1250/3000  x range: [-4.305, 4.378]
  [Scheduler] Reverse step 1200/3000  x range: [-4.331, 4.288]
  [Scheduler] Reverse step 1150/3000  x range: [-4.452, 4.607]
  [Scheduler] Reverse step 1100/3000  x range: [-4.595, 4.211]
  [Scheduler] Reverse step 1050/3000  x range: [-4.403, 5.337]
  [Scheduler] Reverse step 1000/3000  x range: [-4.283, 4.979]
  [Scheduler] Reverse step 950/3000  x range: [-4.893, 4.218]
  [Scheduler] Reverse step 900/3000  x range: [-5.228, 4.465]
  [Scheduler] Reverse step 850/3000  x range: [-4.671, 4.932]
  [Scheduler] Reverse step 800/3000  x range: [-4.287, 4.395]
  [Scheduler] Reverse step 750/3000  x range: [-4.413, 4.571]
  [Scheduler] Reverse step 700/3000  x range: [-4.497, 4.321]
  [Scheduler] Reverse step 650/3000  x range: [-4.464, 4.385]
  [Scheduler] Reverse step 600/3000  x range: [-4.970, 4.570]
  [Scheduler] Reverse step 550/3000  x range: [-5.057, 5.017]
  [Scheduler] Reverse step 500/3000  x range: [-5.322, 5.093]
  [Scheduler] Reverse step 450/3000  x range: [-5.335, 5.271]
  [Scheduler] Reverse step 400/3000  x range: [-5.417, 5.045]
  [Scheduler] Reverse step 350/3000  x range: [-5.515, 5.241]
  [Scheduler] Reverse step 300/3000  x range: [-5.477, 5.681]
  [Scheduler] Reverse step 250/3000  x range: [-5.544, 5.810]
  [Scheduler] Reverse step 200/3000  x range: [-5.351, 5.692]
  [Scheduler] Reverse step 150/3000  x range: [-5.586, 5.645]
  [Scheduler] Reverse step 100/3000  x range: [-6.220, 5.586]
  [Scheduler] Reverse step  50/3000  x range: [-6.656, 5.599]
  [Scheduler] Reverse step   0/3000  x range: [-6.586, 5.336]
  Generated: 1216/5120

  --- Batch 20 (64 samples) ---
  [Scheduler] Reverse step 2999/3000  x range: [-4.603, 4.842]
  [Scheduler] Reverse step 2950/3000  x range: [-4.769, 4.479]
  [Scheduler] Reverse step 2900/3000  x range: [-4.544, 4.725]
  [Scheduler] Reverse step 2850/3000  x range: [-4.734, 4.846]
  [Scheduler] Reverse step 2800/3000  x range: [-4.844, 4.377]
  [Scheduler] Reverse step 2750/3000  x range: [-5.320, 4.468]
  [Scheduler] Reverse step 2700/3000  x range: [-4.532, 4.735]
  [Scheduler] Reverse step 2650/3000  x range: [-4.382, 4.806]
  [Scheduler] Reverse step 2600/3000  x range: [-4.376, 4.812]
  [Scheduler] Reverse step 2550/3000  x range: [-4.453, 4.548]
  [Scheduler] Reverse step 2500/3000  x range: [-4.501, 4.409]
  [Scheduler] Reverse step 2450/3000  x range: [-4.404, 4.575]
  [Scheduler] Reverse step 2400/3000  x range: [-4.716, 4.282]
  [Scheduler] Reverse step 2350/3000  x range: [-4.475, 4.695]
  [Scheduler] Reverse step 2300/3000  x range: [-5.044, 4.682]
  [Scheduler] Reverse step 2250/3000  x range: [-4.236, 4.842]
  [Scheduler] Reverse step 2200/3000  x range: [-4.394, 4.730]
  [Scheduler] Reverse step 2150/3000  x range: [-4.436, 4.531]
  [Scheduler] Reverse step 2100/3000  x range: [-4.513, 4.637]
  [Scheduler] Reverse step 2050/3000  x range: [-4.305, 4.683]
  [Scheduler] Reverse step 2000/3000  x range: [-4.434, 4.546]
  [Scheduler] Reverse step 1950/3000  x range: [-4.554, 4.667]
  [Scheduler] Reverse step 1900/3000  x range: [-4.518, 4.675]
  [Scheduler] Reverse step 1850/3000  x range: [-4.385, 4.852]
  [Scheduler] Reverse step 1800/3000  x range: [-4.225, 4.507]
  [Scheduler] Reverse step 1750/3000  x range: [-4.396, 4.590]
  [Scheduler] Reverse step 1700/3000  x range: [-4.538, 4.661]
  [Scheduler] Reverse step 1650/3000  x range: [-4.388, 4.098]
  [Scheduler] Reverse step 1600/3000  x range: [-4.609, 4.373]
  [Scheduler] Reverse step 1550/3000  x range: [-4.404, 4.330]
  [Scheduler] Reverse step 1500/3000  x range: [-4.519, 4.447]
  [Scheduler] Reverse step 1450/3000  x range: [-4.485, 4.345]
  [Scheduler] Reverse step 1400/3000  x range: [-4.682, 4.317]
  [Scheduler] Reverse step 1350/3000  x range: [-4.378, 4.421]
  [Scheduler] Reverse step 1300/3000  x range: [-4.590, 4.453]
  [Scheduler] Reverse step 1250/3000  x range: [-4.561, 4.940]
  [Scheduler] Reverse step 1200/3000  x range: [-4.356, 4.208]
  [Scheduler] Reverse step 1150/3000  x range: [-4.505, 4.683]
  [Scheduler] Reverse step 1100/3000  x range: [-4.641, 4.804]
  [Scheduler] Reverse step 1050/3000  x range: [-4.294, 4.939]
  [Scheduler] Reverse step 1000/3000  x range: [-4.293, 5.070]
  [Scheduler] Reverse step 950/3000  x range: [-5.183, 4.531]
  [Scheduler] Reverse step 900/3000  x range: [-4.896, 4.951]
  [Scheduler] Reverse step 850/3000  x range: [-4.414, 4.647]
  [Scheduler] Reverse step 800/3000  x range: [-4.526, 4.565]
  [Scheduler] Reverse step 750/3000  x range: [-4.474, 5.365]
  [Scheduler] Reverse step 700/3000  x range: [-4.459, 5.381]
  [Scheduler] Reverse step 650/3000  x range: [-4.366, 5.048]
  [Scheduler] Reverse step 600/3000  x range: [-4.561, 5.072]
  [Scheduler] Reverse step 550/3000  x range: [-4.776, 5.401]
  [Scheduler] Reverse step 500/3000  x range: [-5.097, 5.214]
  [Scheduler] Reverse step 450/3000  x range: [-5.325, 5.516]
  [Scheduler] Reverse step 400/3000  x range: [-5.648, 5.692]
  [Scheduler] Reverse step 350/3000  x range: [-5.847, 5.700]
  [Scheduler] Reverse step 300/3000  x range: [-5.491, 5.905]
  [Scheduler] Reverse step 250/3000  x range: [-5.235, 5.583]
  [Scheduler] Reverse step 200/3000  x range: [-5.389, 5.362]
  [Scheduler] Reverse step 150/3000  x range: [-5.402, 5.380]
  [Scheduler] Reverse step 100/3000  x range: [-5.372, 5.228]
  [Scheduler] Reverse step  50/3000  x range: [-5.189, 5.118]
  [Scheduler] Reverse step   0/3000  x range: [-5.288, 5.049]
  Generated: 1280/5120

  --- Batch 21 (64 samples) ---
  [Scheduler] Reverse step 2999/3000  x range: [-4.545, 4.679]
  [Scheduler] Reverse step 2950/3000  x range: [-4.356, 4.552]
  [Scheduler] Reverse step 2900/3000  x range: [-4.334, 4.615]
  [Scheduler] Reverse step 2850/3000  x range: [-4.796, 4.529]
  [Scheduler] Reverse step 2800/3000  x range: [-4.452, 4.673]
  [Scheduler] Reverse step 2750/3000  x range: [-4.831, 4.285]
  [Scheduler] Reverse step 2700/3000  x range: [-4.586, 4.575]
  [Scheduler] Reverse step 2650/3000  x range: [-4.233, 4.694]
  [Scheduler] Reverse step 2600/3000  x range: [-4.545, 4.315]
  [Scheduler] Reverse step 2550/3000  x range: [-4.973, 4.752]
  [Scheduler] Reverse step 2500/3000  x range: [-4.684, 4.556]
  [Scheduler] Reverse step 2450/3000  x range: [-4.892, 4.407]
  [Scheduler] Reverse step 2400/3000  x range: [-4.570, 4.422]
  [Scheduler] Reverse step 2350/3000  x range: [-4.962, 4.575]
  [Scheduler] Reverse step 2300/3000  x range: [-4.358, 4.440]
  [Scheduler] Reverse step 2250/3000  x range: [-4.443, 5.446]
  [Scheduler] Reverse step 2200/3000  x range: [-4.571, 4.396]
  [Scheduler] Reverse step 2150/3000  x range: [-4.900, 4.320]
  [Scheduler] Reverse step 2100/3000  x range: [-4.222, 5.229]
  [Scheduler] Reverse step 2050/3000  x range: [-4.929, 4.535]
  [Scheduler] Reverse step 2000/3000  x range: [-4.254, 4.288]
  [Scheduler] Reverse step 1950/3000  x range: [-4.562, 4.502]
  [Scheduler] Reverse step 1900/3000  x range: [-4.521, 4.758]
  [Scheduler] Reverse step 1850/3000  x range: [-4.681, 4.672]
  [Scheduler] Reverse step 1800/3000  x range: [-4.972, 4.244]
  [Scheduler] Reverse step 1750/3000  x range: [-4.576, 4.469]
  [Scheduler] Reverse step 1700/3000  x range: [-4.619, 4.395]
  [Scheduler] Reverse step 1650/3000  x range: [-4.091, 4.859]
  [Scheduler] Reverse step 1600/3000  x range: [-4.362, 4.759]
  [Scheduler] Reverse step 1550/3000  x range: [-4.608, 4.445]
  [Scheduler] Reverse step 1500/3000  x range: [-4.509, 4.318]
  [Scheduler] Reverse step 1450/3000  x range: [-4.652, 3.939]
  [Scheduler] Reverse step 1400/3000  x range: [-4.691, 4.583]
  [Scheduler] Reverse step 1350/3000  x range: [-4.407, 4.167]
  [Scheduler] Reverse step 1300/3000  x range: [-4.776, 4.388]
  [Scheduler] Reverse step 1250/3000  x range: [-4.989, 4.459]
  [Scheduler] Reverse step 1200/3000  x range: [-4.472, 4.610]
  [Scheduler] Reverse step 1150/3000  x range: [-4.629, 4.380]
  [Scheduler] Reverse step 1100/3000  x range: [-4.565, 4.884]
  [Scheduler] Reverse step 1050/3000  x range: [-4.699, 4.306]
  [Scheduler] Reverse step 1000/3000  x range: [-4.307, 4.986]
  [Scheduler] Reverse step 950/3000  x range: [-4.497, 5.565]
  [Scheduler] Reverse step 900/3000  x range: [-4.768, 5.052]
  [Scheduler] Reverse step 850/3000  x range: [-4.603, 4.976]
  [Scheduler] Reverse step 800/3000  x range: [-4.371, 4.628]
  [Scheduler] Reverse step 750/3000  x range: [-4.422, 4.595]
  [Scheduler] Reverse step 700/3000  x range: [-4.321, 4.480]
  [Scheduler] Reverse step 650/3000  x range: [-4.676, 4.751]
  [Scheduler] Reverse step 600/3000  x range: [-4.882, 5.131]
  [Scheduler] Reverse step 550/3000  x range: [-5.370, 5.076]
  [Scheduler] Reverse step 500/3000  x range: [-4.953, 5.221]
  [Scheduler] Reverse step 450/3000  x range: [-5.370, 5.478]
  [Scheduler] Reverse step 400/3000  x range: [-5.175, 5.801]
  [Scheduler] Reverse step 350/3000  x range: [-5.653, 5.424]
  [Scheduler] Reverse step 300/3000  x range: [-5.688, 5.393]
  [Scheduler] Reverse step 250/3000  x range: [-5.497, 5.501]
  [Scheduler] Reverse step 200/3000  x range: [-5.418, 5.707]
  [Scheduler] Reverse step 150/3000  x range: [-6.063, 5.580]
  [Scheduler] Reverse step 100/3000  x range: [-5.662, 5.387]
  [Scheduler] Reverse step  50/3000  x range: [-5.452, 5.549]
  [Scheduler] Reverse step   0/3000  x range: [-5.478, 5.753]
  Generated: 1344/5120

  --- Batch 22 (64 samples) ---
  [Scheduler] Reverse step 2999/3000  x range: [-4.358, 4.237]
  [Scheduler] Reverse step 2950/3000  x range: [-4.380, 4.454]
  [Scheduler] Reverse step 2900/3000  x range: [-4.962, 5.067]
  [Scheduler] Reverse step 2850/3000  x range: [-4.731, 4.479]
  [Scheduler] Reverse step 2800/3000  x range: [-4.416, 4.856]
  [Scheduler] Reverse step 2750/3000  x range: [-4.896, 4.377]
  [Scheduler] Reverse step 2700/3000  x range: [-4.436, 4.821]
  [Scheduler] Reverse step 2650/3000  x range: [-4.540, 4.473]
  [Scheduler] Reverse step 2600/3000  x range: [-5.016, 4.632]
  [Scheduler] Reverse step 2550/3000  x range: [-4.993, 4.600]
  [Scheduler] Reverse step 2500/3000  x range: [-4.195, 4.862]
  [Scheduler] Reverse step 2450/3000  x range: [-4.671, 4.589]
  [Scheduler] Reverse step 2400/3000  x range: [-4.323, 4.566]
  [Scheduler] Reverse step 2350/3000  x range: [-4.430, 4.514]
  [Scheduler] Reverse step 2300/3000  x range: [-5.216, 4.763]
  [Scheduler] Reverse step 2250/3000  x range: [-4.851, 4.349]
  [Scheduler] Reverse step 2200/3000  x range: [-4.338, 4.295]
  [Scheduler] Reverse step 2150/3000  x range: [-4.481, 4.190]
  [Scheduler] Reverse step 2100/3000  x range: [-4.367, 4.683]
  [Scheduler] Reverse step 2050/3000  x range: [-4.634, 4.345]
  [Scheduler] Reverse step 2000/3000  x range: [-4.819, 4.083]
  [Scheduler] Reverse step 1950/3000  x range: [-4.772, 4.570]
  [Scheduler] Reverse step 1900/3000  x range: [-4.484, 4.408]
  [Scheduler] Reverse step 1850/3000  x range: [-4.233, 4.292]
  [Scheduler] Reverse step 1800/3000  x range: [-4.668, 4.557]
  [Scheduler] Reverse step 1750/3000  x range: [-4.309, 4.559]
  [Scheduler] Reverse step 1700/3000  x range: [-4.402, 5.073]
  [Scheduler] Reverse step 1650/3000  x range: [-4.611, 4.564]
  [Scheduler] Reverse step 1600/3000  x range: [-4.441, 4.479]
  [Scheduler] Reverse step 1550/3000  x range: [-4.267, 4.433]
  [Scheduler] Reverse step 1500/3000  x range: [-4.749, 4.536]
  [Scheduler] Reverse step 1450/3000  x range: [-4.557, 4.328]
  [Scheduler] Reverse step 1400/3000  x range: [-4.759, 4.821]
  [Scheduler] Reverse step 1350/3000  x range: [-5.010, 4.931]
  [Scheduler] Reverse step 1300/3000  x range: [-4.606, 4.356]
  [Scheduler] Reverse step 1250/3000  x range: [-4.551, 4.650]
  [Scheduler] Reverse step 1200/3000  x range: [-4.672, 4.609]
  [Scheduler] Reverse step 1150/3000  x range: [-4.417, 4.634]
  [Scheduler] Reverse step 1100/3000  x range: [-4.384, 5.032]
  [Scheduler] Reverse step 1050/3000  x range: [-4.454, 4.718]
  [Scheduler] Reverse step 1000/3000  x range: [-4.505, 4.551]
  [Scheduler] Reverse step 950/3000  x range: [-4.342, 4.809]
  [Scheduler] Reverse step 900/3000  x range: [-4.450, 4.269]
  [Scheduler] Reverse step 850/3000  x range: [-4.473, 4.170]
  [Scheduler] Reverse step 800/3000  x range: [-4.540, 4.755]
  [Scheduler] Reverse step 750/3000  x range: [-4.847, 4.666]
  [Scheduler] Reverse step 700/3000  x range: [-4.975, 4.867]
  [Scheduler] Reverse step 650/3000  x range: [-5.123, 4.519]
  [Scheduler] Reverse step 600/3000  x range: [-4.687, 4.689]
  [Scheduler] Reverse step 550/3000  x range: [-5.338, 4.792]
  [Scheduler] Reverse step 500/3000  x range: [-5.755, 5.035]
  [Scheduler] Reverse step 450/3000  x range: [-5.563, 5.182]
  [Scheduler] Reverse step 400/3000  x range: [-5.613, 5.370]
  [Scheduler] Reverse step 350/3000  x range: [-5.677, 5.593]
  [Scheduler] Reverse step 300/3000  x range: [-5.692, 5.416]
  [Scheduler] Reverse step 250/3000  x range: [-6.522, 5.352]
  [Scheduler] Reverse step 200/3000  x range: [-6.833, 5.298]
  [Scheduler] Reverse step 150/3000  x range: [-7.028, 5.487]
  [Scheduler] Reverse step 100/3000  x range: [-7.145, 5.659]
  [Scheduler] Reverse step  50/3000  x range: [-7.318, 5.543]
  [Scheduler] Reverse step   0/3000  x range: [-7.372, 5.862]
  Generated: 1408/5120

  --- Batch 23 (64 samples) ---
  [Scheduler] Reverse step 2999/3000  x range: [-4.714, 4.649]
  [Scheduler] Reverse step 2950/3000  x range: [-4.243, 4.268]
  [Scheduler] Reverse step 2900/3000  x range: [-4.347, 4.385]
  [Scheduler] Reverse step 2850/3000  x range: [-4.796, 4.722]
  [Scheduler] Reverse step 2800/3000  x range: [-4.675, 4.520]
  [Scheduler] Reverse step 2750/3000  x range: [-4.546, 4.510]
  [Scheduler] Reverse step 2700/3000  x range: [-4.939, 4.938]
  [Scheduler] Reverse step 2650/3000  x range: [-4.945, 4.521]
  [Scheduler] Reverse step 2600/3000  x range: [-4.287, 4.857]
  [Scheduler] Reverse step 2550/3000  x range: [-4.903, 4.573]
  [Scheduler] Reverse step 2500/3000  x range: [-4.543, 4.470]
  [Scheduler] Reverse step 2450/3000  x range: [-4.370, 4.389]
  [Scheduler] Reverse step 2400/3000  x range: [-4.606, 4.323]
  [Scheduler] Reverse step 2350/3000  x range: [-4.318, 4.906]
  [Scheduler] Reverse step 2300/3000  x range: [-4.489, 4.417]
  [Scheduler] Reverse step 2250/3000  x range: [-4.485, 4.627]
  [Scheduler] Reverse step 2200/3000  x range: [-4.477, 4.435]
  [Scheduler] Reverse step 2150/3000  x range: [-4.307, 4.165]
  [Scheduler] Reverse step 2100/3000  x range: [-4.546, 4.519]
  [Scheduler] Reverse step 2050/3000  x range: [-4.803, 4.336]
  [Scheduler] Reverse step 2000/3000  x range: [-4.275, 4.405]
  [Scheduler] Reverse step 1950/3000  x range: [-4.269, 4.597]
  [Scheduler] Reverse step 1900/3000  x range: [-4.683, 4.637]
  [Scheduler] Reverse step 1850/3000  x range: [-4.471, 4.725]
  [Scheduler] Reverse step 1800/3000  x range: [-4.251, 4.788]
  [Scheduler] Reverse step 1750/3000  x range: [-4.316, 4.328]
  [Scheduler] Reverse step 1700/3000  x range: [-4.487, 4.797]
  [Scheduler] Reverse step 1650/3000  x range: [-4.967, 4.681]
  [Scheduler] Reverse step 1600/3000  x range: [-4.349, 4.666]
  [Scheduler] Reverse step 1550/3000  x range: [-4.326, 5.341]
  [Scheduler] Reverse step 1500/3000  x range: [-4.632, 4.390]
  [Scheduler] Reverse step 1450/3000  x range: [-4.685, 4.160]
  [Scheduler] Reverse step 1400/3000  x range: [-4.381, 4.823]
  [Scheduler] Reverse step 1350/3000  x range: [-4.400, 4.370]
  [Scheduler] Reverse step 1300/3000  x range: [-5.449, 4.503]
  [Scheduler] Reverse step 1250/3000  x range: [-4.466, 4.816]
  [Scheduler] Reverse step 1200/3000  x range: [-4.744, 4.940]
  [Scheduler] Reverse step 1150/3000  x range: [-4.408, 4.109]
  [Scheduler] Reverse step 1100/3000  x range: [-4.430, 4.513]
  [Scheduler] Reverse step 1050/3000  x range: [-4.393, 4.585]
  [Scheduler] Reverse step 1000/3000  x range: [-4.585, 4.605]
  [Scheduler] Reverse step 950/3000  x range: [-4.431, 4.691]
  [Scheduler] Reverse step 900/3000  x range: [-4.462, 4.577]
  [Scheduler] Reverse step 850/3000  x range: [-5.037, 4.674]
  [Scheduler] Reverse step 800/3000  x range: [-4.566, 5.284]
  [Scheduler] Reverse step 750/3000  x range: [-4.700, 5.054]
  [Scheduler] Reverse step 700/3000  x range: [-4.824, 4.683]
  [Scheduler] Reverse step 650/3000  x range: [-5.047, 5.010]
  [Scheduler] Reverse step 600/3000  x range: [-4.970, 5.015]
  [Scheduler] Reverse step 550/3000  x range: [-5.150, 5.370]
  [Scheduler] Reverse step 500/3000  x range: [-5.670, 5.545]
  [Scheduler] Reverse step 450/3000  x range: [-5.497, 5.588]
  [Scheduler] Reverse step 400/3000  x range: [-5.512, 5.889]
  [Scheduler] Reverse step 350/3000  x range: [-5.870, 5.419]
  [Scheduler] Reverse step 300/3000  x range: [-5.676, 5.339]
  [Scheduler] Reverse step 250/3000  x range: [-5.680, 5.528]
  [Scheduler] Reverse step 200/3000  x range: [-5.379, 5.639]
  [Scheduler] Reverse step 150/3000  x range: [-5.184, 5.542]
  [Scheduler] Reverse step 100/3000  x range: [-5.216, 5.713]
  [Scheduler] Reverse step  50/3000  x range: [-5.132, 5.633]
  [Scheduler] Reverse step   0/3000  x range: [-5.138, 5.250]
  Generated: 1472/5120

  --- Batch 24 (64 samples) ---
  [Scheduler] Reverse step 2999/3000  x range: [-4.683, 4.372]
  [Scheduler] Reverse step 2950/3000  x range: [-4.530, 4.376]
  [Scheduler] Reverse step 2900/3000  x range: [-4.527, 4.794]
  [Scheduler] Reverse step 2850/3000  x range: [-4.287, 4.184]
  [Scheduler] Reverse step 2800/3000  x range: [-4.182, 5.198]
  [Scheduler] Reverse step 2750/3000  x range: [-4.627, 4.208]
  [Scheduler] Reverse step 2700/3000  x range: [-4.262, 4.632]
  [Scheduler] Reverse step 2650/3000  x range: [-4.444, 4.542]
  [Scheduler] Reverse step 2600/3000  x range: [-4.639, 4.550]
  [Scheduler] Reverse step 2550/3000  x range: [-4.891, 4.451]
  [Scheduler] Reverse step 2500/3000  x range: [-4.471, 4.576]
  [Scheduler] Reverse step 2450/3000  x range: [-4.533, 4.496]
  [Scheduler] Reverse step 2400/3000  x range: [-4.895, 4.150]
  [Scheduler] Reverse step 2350/3000  x range: [-5.962, 4.478]
  [Scheduler] Reverse step 2300/3000  x range: [-4.866, 4.596]
  [Scheduler] Reverse step 2250/3000  x range: [-4.473, 4.529]
  [Scheduler] Reverse step 2200/3000  x range: [-4.497, 4.686]
  [Scheduler] Reverse step 2150/3000  x range: [-4.617, 4.737]
  [Scheduler] Reverse step 2100/3000  x range: [-4.442, 4.664]
  [Scheduler] Reverse step 2050/3000  x range: [-4.929, 5.162]
  [Scheduler] Reverse step 2000/3000  x range: [-4.435, 4.617]
  [Scheduler] Reverse step 1950/3000  x range: [-4.770, 4.524]
  [Scheduler] Reverse step 1900/3000  x range: [-4.976, 4.357]
  [Scheduler] Reverse step 1850/3000  x range: [-4.846, 4.225]
  [Scheduler] Reverse step 1800/3000  x range: [-5.366, 4.409]
  [Scheduler] Reverse step 1750/3000  x range: [-5.388, 4.498]
  [Scheduler] Reverse step 1700/3000  x range: [-4.930, 4.788]
  [Scheduler] Reverse step 1650/3000  x range: [-4.645, 4.432]
  [Scheduler] Reverse step 1600/3000  x range: [-4.310, 4.378]
  [Scheduler] Reverse step 1550/3000  x range: [-4.629, 3.991]
  [Scheduler] Reverse step 1500/3000  x range: [-4.435, 4.412]
  [Scheduler] Reverse step 1450/3000  x range: [-4.410, 4.390]
  [Scheduler] Reverse step 1400/3000  x range: [-4.697, 4.374]
  [Scheduler] Reverse step 1350/3000  x range: [-4.378, 4.547]
  [Scheduler] Reverse step 1300/3000  x range: [-4.443, 4.801]
  [Scheduler] Reverse step 1250/3000  x range: [-4.707, 4.517]
  [Scheduler] Reverse step 1200/3000  x range: [-4.441, 4.725]
  [Scheduler] Reverse step 1150/3000  x range: [-4.370, 4.957]
  [Scheduler] Reverse step 1100/3000  x range: [-4.572, 4.466]
  [Scheduler] Reverse step 1050/3000  x range: [-4.820, 4.747]
  [Scheduler] Reverse step 1000/3000  x range: [-4.544, 4.992]
  [Scheduler] Reverse step 950/3000  x range: [-4.747, 4.693]
  [Scheduler] Reverse step 900/3000  x range: [-4.422, 4.506]
  [Scheduler] Reverse step 850/3000  x range: [-4.463, 4.532]
  [Scheduler] Reverse step 800/3000  x range: [-4.949, 4.537]
  [Scheduler] Reverse step 750/3000  x range: [-4.235, 5.307]
  [Scheduler] Reverse step 700/3000  x range: [-4.479, 4.779]
  [Scheduler] Reverse step 650/3000  x range: [-4.925, 4.820]
  [Scheduler] Reverse step 600/3000  x range: [-4.892, 4.488]
  [Scheduler] Reverse step 550/3000  x range: [-5.060, 4.546]
  [Scheduler] Reverse step 500/3000  x range: [-5.194, 4.499]
  [Scheduler] Reverse step 450/3000  x range: [-5.314, 4.687]
  [Scheduler] Reverse step 400/3000  x range: [-5.300, 5.239]
  [Scheduler] Reverse step 350/3000  x range: [-5.411, 5.216]
  [Scheduler] Reverse step 300/3000  x range: [-5.577, 5.319]
  [Scheduler] Reverse step 250/3000  x range: [-5.348, 5.229]
  [Scheduler] Reverse step 200/3000  x range: [-5.700, 5.215]
  [Scheduler] Reverse step 150/3000  x range: [-5.308, 5.490]
  [Scheduler] Reverse step 100/3000  x range: [-5.215, 5.403]
  [Scheduler] Reverse step  50/3000  x range: [-5.113, 5.403]
  [Scheduler] Reverse step   0/3000  x range: [-5.132, 5.287]
  Generated: 1536/5120

  --- Batch 25 (64 samples) ---
  [Scheduler] Reverse step 2999/3000  x range: [-4.651, 4.431]
  [Scheduler] Reverse step 2950/3000  x range: [-4.721, 4.348]
  [Scheduler] Reverse step 2900/3000  x range: [-4.404, 4.433]
  [Scheduler] Reverse step 2850/3000  x range: [-4.614, 4.332]
  [Scheduler] Reverse step 2800/3000  x range: [-4.329, 4.578]
  [Scheduler] Reverse step 2750/3000  x range: [-4.608, 4.649]
  [Scheduler] Reverse step 2700/3000  x range: [-4.588, 5.472]
  [Scheduler] Reverse step 2650/3000  x range: [-5.011, 4.847]
  [Scheduler] Reverse step 2600/3000  x range: [-4.588, 4.510]
  [Scheduler] Reverse step 2550/3000  x range: [-4.956, 4.315]
  [Scheduler] Reverse step 2500/3000  x range: [-4.388, 4.897]
  [Scheduler] Reverse step 2450/3000  x range: [-4.324, 4.563]
  [Scheduler] Reverse step 2400/3000  x range: [-4.679, 4.602]
  [Scheduler] Reverse step 2350/3000  x range: [-4.614, 4.952]
  [Scheduler] Reverse step 2300/3000  x range: [-4.420, 4.669]
  [Scheduler] Reverse step 2250/3000  x range: [-4.265, 4.445]
  [Scheduler] Reverse step 2200/3000  x range: [-4.391, 4.538]
  [Scheduler] Reverse step 2150/3000  x range: [-4.236, 4.614]
  [Scheduler] Reverse step 2100/3000  x range: [-4.554, 4.358]
  [Scheduler] Reverse step 2050/3000  x range: [-4.581, 4.440]
  [Scheduler] Reverse step 2000/3000  x range: [-4.519, 4.615]
  [Scheduler] Reverse step 1950/3000  x range: [-4.337, 4.769]
  [Scheduler] Reverse step 1900/3000  x range: [-4.315, 4.292]
  [Scheduler] Reverse step 1850/3000  x range: [-5.163, 5.018]
  [Scheduler] Reverse step 1800/3000  x range: [-4.746, 4.587]
  [Scheduler] Reverse step 1750/3000  x range: [-4.586, 4.471]
  [Scheduler] Reverse step 1700/3000  x range: [-4.669, 5.115]
  [Scheduler] Reverse step 1650/3000  x range: [-4.458, 4.763]
  [Scheduler] Reverse step 1600/3000  x range: [-4.454, 4.567]
  [Scheduler] Reverse step 1550/3000  x range: [-4.532, 4.633]
  [Scheduler] Reverse step 1500/3000  x range: [-5.249, 4.959]
  [Scheduler] Reverse step 1450/3000  x range: [-4.756, 4.279]
  [Scheduler] Reverse step 1400/3000  x range: [-4.411, 4.455]
  [Scheduler] Reverse step 1350/3000  x range: [-4.279, 4.875]
  [Scheduler] Reverse step 1300/3000  x range: [-5.027, 4.616]
  [Scheduler] Reverse step 1250/3000  x range: [-4.689, 4.856]
  [Scheduler] Reverse step 1200/3000  x range: [-4.757, 4.786]
  [Scheduler] Reverse step 1150/3000  x range: [-4.537, 4.946]
  [Scheduler] Reverse step 1100/3000  x range: [-4.924, 4.575]
  [Scheduler] Reverse step 1050/3000  x range: [-4.351, 4.581]
  [Scheduler] Reverse step 1000/3000  x range: [-4.579, 4.555]
  [Scheduler] Reverse step 950/3000  x range: [-4.536, 4.451]
  [Scheduler] Reverse step 900/3000  x range: [-4.479, 4.645]
  [Scheduler] Reverse step 850/3000  x range: [-4.501, 4.441]
  [Scheduler] Reverse step 800/3000  x range: [-4.292, 4.872]
  [Scheduler] Reverse step 750/3000  x range: [-4.968, 4.253]
  [Scheduler] Reverse step 700/3000  x range: [-5.351, 4.815]
  [Scheduler] Reverse step 650/3000  x range: [-4.507, 4.836]
  [Scheduler] Reverse step 600/3000  x range: [-4.629, 4.880]
  [Scheduler] Reverse step 550/3000  x range: [-5.256, 5.066]
  [Scheduler] Reverse step 500/3000  x range: [-4.948, 5.415]
  [Scheduler] Reverse step 450/3000  x range: [-5.329, 5.173]
  [Scheduler] Reverse step 400/3000  x range: [-5.620, 5.414]
  [Scheduler] Reverse step 350/3000  x range: [-5.801, 5.338]
  [Scheduler] Reverse step 300/3000  x range: [-5.830, 5.411]
  [Scheduler] Reverse step 250/3000  x range: [-5.410, 5.803]
  [Scheduler] Reverse step 200/3000  x range: [-5.372, 5.489]
  [Scheduler] Reverse step 150/3000  x range: [-5.245, 5.629]
  [Scheduler] Reverse step 100/3000  x range: [-5.537, 5.274]
  [Scheduler] Reverse step  50/3000  x range: [-5.624, 5.163]
  [Scheduler] Reverse step   0/3000  x range: [-5.674, 5.141]
  Generated: 1600/5120

  --- Batch 26 (64 samples) ---
  [Scheduler] Reverse step 2999/3000  x range: [-4.609, 4.545]
  [Scheduler] Reverse step 2950/3000  x range: [-4.429, 4.522]
  [Scheduler] Reverse step 2900/3000  x range: [-4.899, 4.726]
  [Scheduler] Reverse step 2850/3000  x range: [-4.607, 4.282]
  [Scheduler] Reverse step 2800/3000  x range: [-4.639, 4.416]
  [Scheduler] Reverse step 2750/3000  x range: [-4.474, 4.753]
  [Scheduler] Reverse step 2700/3000  x range: [-4.537, 4.890]
  [Scheduler] Reverse step 2650/3000  x range: [-4.811, 4.289]
  [Scheduler] Reverse step 2600/3000  x range: [-4.533, 4.968]
  [Scheduler] Reverse step 2550/3000  x range: [-4.419, 4.269]
  [Scheduler] Reverse step 2500/3000  x range: [-4.406, 4.278]
  [Scheduler] Reverse step 2450/3000  x range: [-4.659, 5.221]
  [Scheduler] Reverse step 2400/3000  x range: [-4.733, 5.149]
  [Scheduler] Reverse step 2350/3000  x range: [-4.803, 4.700]
  [Scheduler] Reverse step 2300/3000  x range: [-4.477, 4.412]
  [Scheduler] Reverse step 2250/3000  x range: [-4.335, 4.521]
  [Scheduler] Reverse step 2200/3000  x range: [-4.963, 4.302]
  [Scheduler] Reverse step 2150/3000  x range: [-4.312, 4.686]
  [Scheduler] Reverse step 2100/3000  x range: [-5.070, 4.280]
  [Scheduler] Reverse step 2050/3000  x range: [-4.411, 4.614]
  [Scheduler] Reverse step 2000/3000  x range: [-4.414, 4.465]
  [Scheduler] Reverse step 1950/3000  x range: [-4.731, 4.530]
  [Scheduler] Reverse step 1900/3000  x range: [-4.291, 4.393]
  [Scheduler] Reverse step 1850/3000  x range: [-4.557, 5.365]
  [Scheduler] Reverse step 1800/3000  x range: [-4.438, 4.389]
  [Scheduler] Reverse step 1750/3000  x range: [-4.852, 4.402]
  [Scheduler] Reverse step 1700/3000  x range: [-4.289, 4.568]
  [Scheduler] Reverse step 1650/3000  x range: [-4.330, 4.575]
  [Scheduler] Reverse step 1600/3000  x range: [-4.840, 4.581]
  [Scheduler] Reverse step 1550/3000  x range: [-4.343, 4.472]
  [Scheduler] Reverse step 1500/3000  x range: [-4.568, 4.343]
  [Scheduler] Reverse step 1450/3000  x range: [-4.359, 4.522]
  [Scheduler] Reverse step 1400/3000  x range: [-4.853, 4.917]
  [Scheduler] Reverse step 1350/3000  x range: [-4.572, 4.569]
  [Scheduler] Reverse step 1300/3000  x range: [-4.633, 4.564]
  [Scheduler] Reverse step 1250/3000  x range: [-4.240, 4.672]
  [Scheduler] Reverse step 1200/3000  x range: [-4.365, 4.421]
  [Scheduler] Reverse step 1150/3000  x range: [-4.290, 4.749]
  [Scheduler] Reverse step 1100/3000  x range: [-4.453, 4.482]
  [Scheduler] Reverse step 1050/3000  x range: [-4.340, 4.260]
  [Scheduler] Reverse step 1000/3000  x range: [-4.750, 4.448]
  [Scheduler] Reverse step 950/3000  x range: [-4.732, 4.494]
  [Scheduler] Reverse step 900/3000  x range: [-4.304, 5.037]
  [Scheduler] Reverse step 850/3000  x range: [-4.126, 4.574]
  [Scheduler] Reverse step 800/3000  x range: [-4.809, 4.643]
  [Scheduler] Reverse step 750/3000  x range: [-4.314, 4.374]
  [Scheduler] Reverse step 700/3000  x range: [-4.409, 4.406]
  [Scheduler] Reverse step 650/3000  x range: [-4.665, 4.605]
  [Scheduler] Reverse step 600/3000  x range: [-4.915, 4.665]
  [Scheduler] Reverse step 550/3000  x range: [-5.354, 4.493]
  [Scheduler] Reverse step 500/3000  x range: [-5.585, 4.879]
  [Scheduler] Reverse step 450/3000  x range: [-5.547, 4.914]
  [Scheduler] Reverse step 400/3000  x range: [-5.470, 5.161]
  [Scheduler] Reverse step 350/3000  x range: [-5.719, 5.210]
  [Scheduler] Reverse step 300/3000  x range: [-5.604, 5.569]
  [Scheduler] Reverse step 250/3000  x range: [-5.339, 5.605]
  [Scheduler] Reverse step 200/3000  x range: [-5.446, 5.672]
  [Scheduler] Reverse step 150/3000  x range: [-5.369, 5.904]
  [Scheduler] Reverse step 100/3000  x range: [-5.281, 5.532]
  [Scheduler] Reverse step  50/3000  x range: [-5.123, 5.394]
  [Scheduler] Reverse step   0/3000  x range: [-4.992, 5.305]
  Generated: 1664/5120

  --- Batch 27 (64 samples) ---
  [Scheduler] Reverse step 2999/3000  x range: [-4.872, 4.583]
  [Scheduler] Reverse step 2950/3000  x range: [-4.492, 4.855]
  [Scheduler] Reverse step 2900/3000  x range: [-4.402, 4.212]
  [Scheduler] Reverse step 2850/3000  x range: [-4.604, 4.729]
  [Scheduler] Reverse step 2800/3000  x range: [-4.798, 4.259]
  [Scheduler] Reverse step 2750/3000  x range: [-4.766, 4.377]
  [Scheduler] Reverse step 2700/3000  x range: [-4.670, 4.358]
  [Scheduler] Reverse step 2650/3000  x range: [-5.003, 4.541]
  [Scheduler] Reverse step 2600/3000  x range: [-4.956, 5.033]
  [Scheduler] Reverse step 2550/3000  x range: [-4.355, 4.342]
  [Scheduler] Reverse step 2500/3000  x range: [-4.608, 5.046]
  [Scheduler] Reverse step 2450/3000  x range: [-4.358, 4.272]
  [Scheduler] Reverse step 2400/3000  x range: [-4.706, 5.017]
  [Scheduler] Reverse step 2350/3000  x range: [-4.279, 4.996]
  [Scheduler] Reverse step 2300/3000  x range: [-5.335, 4.183]
  [Scheduler] Reverse step 2250/3000  x range: [-4.782, 4.969]
  [Scheduler] Reverse step 2200/3000  x range: [-4.547, 4.607]
  [Scheduler] Reverse step 2150/3000  x range: [-4.517, 4.476]
  [Scheduler] Reverse step 2100/3000  x range: [-4.677, 4.386]
  [Scheduler] Reverse step 2050/3000  x range: [-4.741, 4.677]
  [Scheduler] Reverse step 2000/3000  x range: [-4.454, 4.641]
  [Scheduler] Reverse step 1950/3000  x range: [-4.776, 4.578]
  [Scheduler] Reverse step 1900/3000  x range: [-4.559, 4.719]
  [Scheduler] Reverse step 1850/3000  x range: [-4.259, 4.269]
  [Scheduler] Reverse step 1800/3000  x range: [-4.502, 4.490]
  [Scheduler] Reverse step 1750/3000  x range: [-4.287, 4.640]
  [Scheduler] Reverse step 1700/3000  x range: [-4.285, 4.669]
  [Scheduler] Reverse step 1650/3000  x range: [-4.798, 4.584]
  [Scheduler] Reverse step 1600/3000  x range: [-4.369, 4.205]
  [Scheduler] Reverse step 1550/3000  x range: [-5.192, 4.513]
  [Scheduler] Reverse step 1500/3000  x range: [-4.485, 4.475]
  [Scheduler] Reverse step 1450/3000  x range: [-4.944, 4.638]
  [Scheduler] Reverse step 1400/3000  x range: [-4.630, 4.742]
  [Scheduler] Reverse step 1350/3000  x range: [-4.524, 4.589]
  [Scheduler] Reverse step 1300/3000  x range: [-4.290, 5.004]
  [Scheduler] Reverse step 1250/3000  x range: [-4.308, 4.760]
  [Scheduler] Reverse step 1200/3000  x range: [-4.610, 4.590]
  [Scheduler] Reverse step 1150/3000  x range: [-4.312, 4.632]
  [Scheduler] Reverse step 1100/3000  x range: [-4.402, 4.045]
  [Scheduler] Reverse step 1050/3000  x range: [-4.533, 4.671]
  [Scheduler] Reverse step 1000/3000  x range: [-4.466, 5.036]
  [Scheduler] Reverse step 950/3000  x range: [-4.812, 5.017]
  [Scheduler] Reverse step 900/3000  x range: [-4.555, 4.858]
  [Scheduler] Reverse step 850/3000  x range: [-4.784, 4.865]
  [Scheduler] Reverse step 800/3000  x range: [-4.946, 4.603]
  [Scheduler] Reverse step 750/3000  x range: [-4.662, 4.571]
  [Scheduler] Reverse step 700/3000  x range: [-4.557, 5.412]
  [Scheduler] Reverse step 650/3000  x range: [-5.287, 4.996]
  [Scheduler] Reverse step 600/3000  x range: [-5.021, 5.485]
  [Scheduler] Reverse step 550/3000  x range: [-5.178, 5.465]
  [Scheduler] Reverse step 500/3000  x range: [-5.484, 5.087]
  [Scheduler] Reverse step 450/3000  x range: [-5.380, 5.202]
  [Scheduler] Reverse step 400/3000  x range: [-5.550, 5.369]
  [Scheduler] Reverse step 350/3000  x range: [-5.427, 5.294]
  [Scheduler] Reverse step 300/3000  x range: [-5.228, 5.390]
  [Scheduler] Reverse step 250/3000  x range: [-5.577, 5.592]
  [Scheduler] Reverse step 200/3000  x range: [-5.171, 5.984]
  [Scheduler] Reverse step 150/3000  x range: [-5.256, 6.037]
  [Scheduler] Reverse step 100/3000  x range: [-5.251, 5.912]
  [Scheduler] Reverse step  50/3000  x range: [-5.046, 5.659]
  [Scheduler] Reverse step   0/3000  x range: [-5.072, 5.448]
  Generated: 1728/5120

  --- Batch 28 (64 samples) ---
  [Scheduler] Reverse step 2999/3000  x range: [-4.249, 4.356]
  [Scheduler] Reverse step 2950/3000  x range: [-4.713, 4.744]
  [Scheduler] Reverse step 2900/3000  x range: [-4.691, 4.188]
  [Scheduler] Reverse step 2850/3000  x range: [-4.136, 4.170]
  [Scheduler] Reverse step 2800/3000  x range: [-4.595, 4.497]
  [Scheduler] Reverse step 2750/3000  x range: [-4.586, 4.230]
  [Scheduler] Reverse step 2700/3000  x range: [-4.751, 4.546]
  [Scheduler] Reverse step 2650/3000  x range: [-4.542, 5.187]
  [Scheduler] Reverse step 2600/3000  x range: [-4.408, 4.385]
  [Scheduler] Reverse step 2550/3000  x range: [-4.488, 4.909]
  [Scheduler] Reverse step 2500/3000  x range: [-4.707, 4.478]
  [Scheduler] Reverse step 2450/3000  x range: [-4.690, 4.674]
  [Scheduler] Reverse step 2400/3000  x range: [-4.696, 4.556]
  [Scheduler] Reverse step 2350/3000  x range: [-4.249, 4.458]
  [Scheduler] Reverse step 2300/3000  x range: [-4.590, 4.682]
  [Scheduler] Reverse step 2250/3000  x range: [-4.879, 4.461]
  [Scheduler] Reverse step 2200/3000  x range: [-4.585, 4.418]
  [Scheduler] Reverse step 2150/3000  x range: [-4.746, 4.330]
  [Scheduler] Reverse step 2100/3000  x range: [-4.435, 4.507]
  [Scheduler] Reverse step 2050/3000  x range: [-4.835, 4.370]
  [Scheduler] Reverse step 2000/3000  x range: [-4.449, 4.838]
  [Scheduler] Reverse step 1950/3000  x range: [-4.642, 4.813]
  [Scheduler] Reverse step 1900/3000  x range: [-5.180, 4.908]
  [Scheduler] Reverse step 1850/3000  x range: [-4.641, 4.533]
  [Scheduler] Reverse step 1800/3000  x range: [-4.794, 4.855]
  [Scheduler] Reverse step 1750/3000  x range: [-5.245, 4.555]
  [Scheduler] Reverse step 1700/3000  x range: [-4.799, 4.366]
  [Scheduler] Reverse step 1650/3000  x range: [-4.431, 4.693]
  [Scheduler] Reverse step 1600/3000  x range: [-4.395, 4.347]
  [Scheduler] Reverse step 1550/3000  x range: [-4.658, 4.525]
  [Scheduler] Reverse step 1500/3000  x range: [-4.537, 4.626]
  [Scheduler] Reverse step 1450/3000  x range: [-4.552, 4.610]
  [Scheduler] Reverse step 1400/3000  x range: [-4.668, 4.367]
  [Scheduler] Reverse step 1350/3000  x range: [-4.260, 4.576]
  [Scheduler] Reverse step 1300/3000  x range: [-4.359, 4.279]
  [Scheduler] Reverse step 1250/3000  x range: [-4.441, 4.546]
  [Scheduler] Reverse step 1200/3000  x range: [-4.571, 4.477]
  [Scheduler] Reverse step 1150/3000  x range: [-4.739, 4.635]
  [Scheduler] Reverse step 1100/3000  x range: [-4.666, 4.559]
  [Scheduler] Reverse step 1050/3000  x range: [-4.480, 4.427]
  [Scheduler] Reverse step 1000/3000  x range: [-4.663, 4.303]
  [Scheduler] Reverse step 950/3000  x range: [-4.317, 4.309]
  [Scheduler] Reverse step 900/3000  x range: [-4.333, 4.396]
  [Scheduler] Reverse step 850/3000  x range: [-4.334, 4.434]
  [Scheduler] Reverse step 800/3000  x range: [-4.416, 4.521]
  [Scheduler] Reverse step 750/3000  x range: [-4.553, 4.806]
  [Scheduler] Reverse step 700/3000  x range: [-4.677, 4.742]
  [Scheduler] Reverse step 650/3000  x range: [-4.684, 4.954]
  [Scheduler] Reverse step 600/3000  x range: [-4.834, 4.817]
  [Scheduler] Reverse step 550/3000  x range: [-5.007, 5.074]
  [Scheduler] Reverse step 500/3000  x range: [-5.056, 5.044]
  [Scheduler] Reverse step 450/3000  x range: [-4.814, 5.284]
  [Scheduler] Reverse step 400/3000  x range: [-5.243, 5.669]
  [Scheduler] Reverse step 350/3000  x range: [-5.233, 5.487]
  [Scheduler] Reverse step 300/3000  x range: [-5.774, 5.254]
  [Scheduler] Reverse step 250/3000  x range: [-5.631, 5.682]
  [Scheduler] Reverse step 200/3000  x range: [-5.878, 5.598]
  [Scheduler] Reverse step 150/3000  x range: [-6.163, 5.902]
  [Scheduler] Reverse step 100/3000  x range: [-6.383, 6.430]
  [Scheduler] Reverse step  50/3000  x range: [-6.624, 6.640]
  [Scheduler] Reverse step   0/3000  x range: [-6.792, 6.841]
  Generated: 1792/5120

  --- Batch 29 (64 samples) ---
  [Scheduler] Reverse step 2999/3000  x range: [-4.503, 4.322]
  [Scheduler] Reverse step 2950/3000  x range: [-4.432, 4.522]
  [Scheduler] Reverse step 2900/3000  x range: [-4.513, 4.907]
  [Scheduler] Reverse step 2850/3000  x range: [-4.451, 4.747]
  [Scheduler] Reverse step 2800/3000  x range: [-4.739, 4.690]
  [Scheduler] Reverse step 2750/3000  x range: [-4.528, 4.497]
  [Scheduler] Reverse step 2700/3000  x range: [-4.598, 4.904]
  [Scheduler] Reverse step 2650/3000  x range: [-4.798, 4.570]
  [Scheduler] Reverse step 2600/3000  x range: [-4.405, 4.881]
  [Scheduler] Reverse step 2550/3000  x range: [-4.589, 4.388]
  [Scheduler] Reverse step 2500/3000  x range: [-5.051, 4.397]
  [Scheduler] Reverse step 2450/3000  x range: [-4.317, 4.790]
  [Scheduler] Reverse step 2400/3000  x range: [-4.630, 4.418]
  [Scheduler] Reverse step 2350/3000  x range: [-4.270, 4.574]
  [Scheduler] Reverse step 2300/3000  x range: [-4.999, 4.573]
  [Scheduler] Reverse step 2250/3000  x range: [-4.576, 5.025]
  [Scheduler] Reverse step 2200/3000  x range: [-4.438, 4.279]
  [Scheduler] Reverse step 2150/3000  x range: [-4.320, 4.600]
  [Scheduler] Reverse step 2100/3000  x range: [-4.601, 4.532]
  [Scheduler] Reverse step 2050/3000  x range: [-4.148, 4.378]
  [Scheduler] Reverse step 2000/3000  x range: [-5.180, 4.673]
  [Scheduler] Reverse step 1950/3000  x range: [-4.511, 4.177]
  [Scheduler] Reverse step 1900/3000  x range: [-4.959, 4.496]
  [Scheduler] Reverse step 1850/3000  x range: [-4.306, 4.529]
  [Scheduler] Reverse step 1800/3000  x range: [-4.409, 4.789]
  [Scheduler] Reverse step 1750/3000  x range: [-4.639, 4.479]
  [Scheduler] Reverse step 1700/3000  x range: [-4.348, 4.844]
  [Scheduler] Reverse step 1650/3000  x range: [-4.799, 4.627]
  [Scheduler] Reverse step 1600/3000  x range: [-4.745, 5.462]
  [Scheduler] Reverse step 1550/3000  x range: [-4.677, 4.470]
  [Scheduler] Reverse step 1500/3000  x range: [-4.583, 4.524]
  [Scheduler] Reverse step 1450/3000  x range: [-4.480, 4.161]
  [Scheduler] Reverse step 1400/3000  x range: [-4.469, 4.429]
  [Scheduler] Reverse step 1350/3000  x range: [-4.661, 4.358]
  [Scheduler] Reverse step 1300/3000  x range: [-4.409, 4.643]
  [Scheduler] Reverse step 1250/3000  x range: [-5.001, 4.905]
  [Scheduler] Reverse step 1200/3000  x range: [-4.365, 4.739]
  [Scheduler] Reverse step 1150/3000  x range: [-4.624, 5.393]
  [Scheduler] Reverse step 1100/3000  x range: [-4.496, 4.556]
  [Scheduler] Reverse step 1050/3000  x range: [-4.173, 4.557]
  [Scheduler] Reverse step 1000/3000  x range: [-4.275, 4.997]
  [Scheduler] Reverse step 950/3000  x range: [-4.719, 4.613]
  [Scheduler] Reverse step 900/3000  x range: [-4.964, 4.725]
  [Scheduler] Reverse step 850/3000  x range: [-4.447, 4.633]
  [Scheduler] Reverse step 800/3000  x range: [-4.814, 4.472]
  [Scheduler] Reverse step 750/3000  x range: [-4.840, 4.595]
  [Scheduler] Reverse step 700/3000  x range: [-4.532, 4.592]
  [Scheduler] Reverse step 650/3000  x range: [-4.372, 4.517]
  [Scheduler] Reverse step 600/3000  x range: [-4.485, 5.032]
  [Scheduler] Reverse step 550/3000  x range: [-5.050, 5.361]
  [Scheduler] Reverse step 500/3000  x range: [-4.781, 5.217]
  [Scheduler] Reverse step 450/3000  x range: [-5.206, 5.505]
  [Scheduler] Reverse step 400/3000  x range: [-5.311, 5.149]
  [Scheduler] Reverse step 350/3000  x range: [-5.460, 5.227]
  [Scheduler] Reverse step 300/3000  x range: [-5.523, 5.590]
  [Scheduler] Reverse step 250/3000  x range: [-5.418, 5.535]
  [Scheduler] Reverse step 200/3000  x range: [-5.478, 5.352]
  [Scheduler] Reverse step 150/3000  x range: [-5.403, 5.312]
  [Scheduler] Reverse step 100/3000  x range: [-5.394, 5.129]
  [Scheduler] Reverse step  50/3000  x range: [-5.561, 5.022]
  [Scheduler] Reverse step   0/3000  x range: [-5.452, 5.084]
  Generated: 1856/5120

  --- Batch 30 (64 samples) ---
  [Scheduler] Reverse step 2999/3000  x range: [-4.660, 4.321]
  [Scheduler] Reverse step 2950/3000  x range: [-4.360, 4.613]
  [Scheduler] Reverse step 2900/3000  x range: [-4.671, 4.437]
  [Scheduler] Reverse step 2850/3000  x range: [-4.885, 4.323]
  [Scheduler] Reverse step 2800/3000  x range: [-4.857, 4.705]
  [Scheduler] Reverse step 2750/3000  x range: [-4.102, 5.326]
  [Scheduler] Reverse step 2700/3000  x range: [-4.207, 4.440]
  [Scheduler] Reverse step 2650/3000  x range: [-4.485, 4.673]
  [Scheduler] Reverse step 2600/3000  x range: [-4.530, 4.312]
  [Scheduler] Reverse step 2550/3000  x range: [-4.445, 4.863]
  [Scheduler] Reverse step 2500/3000  x range: [-4.905, 4.647]
  [Scheduler] Reverse step 2450/3000  x range: [-4.996, 4.450]
  [Scheduler] Reverse step 2400/3000  x range: [-4.377, 4.422]
  [Scheduler] Reverse step 2350/3000  x range: [-4.677, 5.042]
  [Scheduler] Reverse step 2300/3000  x range: [-4.338, 4.577]
  [Scheduler] Reverse step 2250/3000  x range: [-4.535, 4.798]
  [Scheduler] Reverse step 2200/3000  x range: [-4.445, 4.425]
  [Scheduler] Reverse step 2150/3000  x range: [-4.728, 4.589]
  [Scheduler] Reverse step 2100/3000  x range: [-5.289, 4.447]
  [Scheduler] Reverse step 2050/3000  x range: [-4.301, 4.560]
  [Scheduler] Reverse step 2000/3000  x range: [-4.763, 4.246]
  [Scheduler] Reverse step 1950/3000  x range: [-4.614, 4.290]
  [Scheduler] Reverse step 1900/3000  x range: [-4.770, 4.320]
  [Scheduler] Reverse step 1850/3000  x range: [-4.737, 4.431]
  [Scheduler] Reverse step 1800/3000  x range: [-4.512, 4.599]
  [Scheduler] Reverse step 1750/3000  x range: [-5.125, 4.828]
  [Scheduler] Reverse step 1700/3000  x range: [-4.986, 4.242]
  [Scheduler] Reverse step 1650/3000  x range: [-4.546, 4.617]
  [Scheduler] Reverse step 1600/3000  x range: [-4.247, 4.620]
  [Scheduler] Reverse step 1550/3000  x range: [-4.685, 4.530]
  [Scheduler] Reverse step 1500/3000  x range: [-4.361, 4.626]
  [Scheduler] Reverse step 1450/3000  x range: [-4.627, 4.851]
  [Scheduler] Reverse step 1400/3000  x range: [-4.563, 4.547]
  [Scheduler] Reverse step 1350/3000  x range: [-4.817, 4.405]
  [Scheduler] Reverse step 1300/3000  x range: [-4.683, 4.378]
  [Scheduler] Reverse step 1250/3000  x range: [-4.936, 4.539]
  [Scheduler] Reverse step 1200/3000  x range: [-4.765, 4.511]
  [Scheduler] Reverse step 1150/3000  x range: [-4.613, 4.489]
  [Scheduler] Reverse step 1100/3000  x range: [-4.143, 4.252]
  [Scheduler] Reverse step 1050/3000  x range: [-4.065, 4.735]
  [Scheduler] Reverse step 1000/3000  x range: [-4.422, 4.653]
  [Scheduler] Reverse step 950/3000  x range: [-4.314, 4.248]
  [Scheduler] Reverse step 900/3000  x range: [-4.643, 4.920]
  [Scheduler] Reverse step 850/3000  x range: [-4.469, 4.693]
  [Scheduler] Reverse step 800/3000  x range: [-4.458, 4.719]
  [Scheduler] Reverse step 750/3000  x range: [-4.577, 4.658]
  [Scheduler] Reverse step 700/3000  x range: [-4.168, 4.672]
  [Scheduler] Reverse step 650/3000  x range: [-4.592, 4.312]
  [Scheduler] Reverse step 600/3000  x range: [-4.978, 5.100]
  [Scheduler] Reverse step 550/3000  x range: [-4.790, 5.115]
  [Scheduler] Reverse step 500/3000  x range: [-5.196, 5.328]
  [Scheduler] Reverse step 450/3000  x range: [-4.882, 5.151]
  [Scheduler] Reverse step 400/3000  x range: [-5.455, 4.990]
  [Scheduler] Reverse step 350/3000  x range: [-5.609, 5.096]
  [Scheduler] Reverse step 300/3000  x range: [-5.821, 5.386]
  [Scheduler] Reverse step 250/3000  x range: [-5.789, 5.706]
  [Scheduler] Reverse step 200/3000  x range: [-5.515, 5.425]
  [Scheduler] Reverse step 150/3000  x range: [-5.337, 5.459]
  [Scheduler] Reverse step 100/3000  x range: [-5.405, 5.197]
  [Scheduler] Reverse step  50/3000  x range: [-5.275, 5.074]
  [Scheduler] Reverse step   0/3000  x range: [-5.239, 4.982]
  Generated: 1920/5120

  --- Batch 31 (64 samples) ---
  [Scheduler] Reverse step 2999/3000  x range: [-4.436, 4.980]
  [Scheduler] Reverse step 2950/3000  x range: [-5.414, 4.490]
  [Scheduler] Reverse step 2900/3000  x range: [-4.433, 4.527]
  [Scheduler] Reverse step 2850/3000  x range: [-4.686, 4.667]
  [Scheduler] Reverse step 2800/3000  x range: [-4.457, 4.481]
  [Scheduler] Reverse step 2750/3000  x range: [-4.412, 4.477]
  [Scheduler] Reverse step 2700/3000  x range: [-4.858, 4.658]
  [Scheduler] Reverse step 2650/3000  x range: [-4.572, 4.859]
  [Scheduler] Reverse step 2600/3000  x range: [-5.011, 4.798]
  [Scheduler] Reverse step 2550/3000  x range: [-4.485, 4.693]
  [Scheduler] Reverse step 2500/3000  x range: [-4.320, 4.603]
  [Scheduler] Reverse step 2450/3000  x range: [-4.161, 4.587]
  [Scheduler] Reverse step 2400/3000  x range: [-4.790, 4.376]
  [Scheduler] Reverse step 2350/3000  x range: [-4.513, 4.517]
  [Scheduler] Reverse step 2300/3000  x range: [-4.375, 4.917]
  [Scheduler] Reverse step 2250/3000  x range: [-4.477, 4.828]
  [Scheduler] Reverse step 2200/3000  x range: [-4.275, 4.382]
  [Scheduler] Reverse step 2150/3000  x range: [-4.869, 4.165]
  [Scheduler] Reverse step 2100/3000  x range: [-4.831, 4.692]
  [Scheduler] Reverse step 2050/3000  x range: [-4.495, 4.601]
  [Scheduler] Reverse step 2000/3000  x range: [-4.720, 4.648]
  [Scheduler] Reverse step 1950/3000  x range: [-4.714, 4.420]
  [Scheduler] Reverse step 1900/3000  x range: [-4.338, 4.435]
  [Scheduler] Reverse step 1850/3000  x range: [-4.551, 4.871]
  [Scheduler] Reverse step 1800/3000  x range: [-4.712, 5.236]
  [Scheduler] Reverse step 1750/3000  x range: [-4.552, 4.773]
  [Scheduler] Reverse step 1700/3000  x range: [-4.407, 4.726]
  [Scheduler] Reverse step 1650/3000  x range: [-4.420, 4.503]
  [Scheduler] Reverse step 1600/3000  x range: [-4.171, 4.644]
  [Scheduler] Reverse step 1550/3000  x range: [-4.373, 4.316]
  [Scheduler] Reverse step 1500/3000  x range: [-4.339, 4.401]
  [Scheduler] Reverse step 1450/3000  x range: [-4.561, 4.461]
  [Scheduler] Reverse step 1400/3000  x range: [-4.719, 4.771]
  [Scheduler] Reverse step 1350/3000  x range: [-4.447, 4.452]
  [Scheduler] Reverse step 1300/3000  x range: [-4.521, 4.879]
  [Scheduler] Reverse step 1250/3000  x range: [-4.604, 4.780]
  [Scheduler] Reverse step 1200/3000  x range: [-4.551, 4.830]
  [Scheduler] Reverse step 1150/3000  x range: [-4.741, 4.598]
  [Scheduler] Reverse step 1100/3000  x range: [-4.601, 4.437]
  [Scheduler] Reverse step 1050/3000  x range: [-4.239, 4.396]
  [Scheduler] Reverse step 1000/3000  x range: [-4.357, 4.757]
  [Scheduler] Reverse step 950/3000  x range: [-5.515, 4.675]
  [Scheduler] Reverse step 900/3000  x range: [-4.640, 5.023]
  [Scheduler] Reverse step 850/3000  x range: [-4.464, 4.608]
  [Scheduler] Reverse step 800/3000  x range: [-4.464, 4.867]
  [Scheduler] Reverse step 750/3000  x range: [-4.749, 4.923]
  [Scheduler] Reverse step 700/3000  x range: [-4.447, 4.409]
  [Scheduler] Reverse step 650/3000  x range: [-4.922, 4.651]
  [Scheduler] Reverse step 600/3000  x range: [-5.275, 4.643]
  [Scheduler] Reverse step 550/3000  x range: [-4.973, 5.288]
  [Scheduler] Reverse step 500/3000  x range: [-5.089, 5.100]
  [Scheduler] Reverse step 450/3000  x range: [-4.851, 5.331]
  [Scheduler] Reverse step 400/3000  x range: [-5.214, 5.333]
  [Scheduler] Reverse step 350/3000  x range: [-5.550, 5.765]
  [Scheduler] Reverse step 300/3000  x range: [-5.293, 5.941]
  [Scheduler] Reverse step 250/3000  x range: [-5.674, 5.516]
  [Scheduler] Reverse step 200/3000  x range: [-5.537, 5.693]
  [Scheduler] Reverse step 150/3000  x range: [-5.251, 5.373]
  [Scheduler] Reverse step 100/3000  x range: [-5.174, 5.264]
  [Scheduler] Reverse step  50/3000  x range: [-5.062, 5.145]
  [Scheduler] Reverse step   0/3000  x range: [-5.051, 5.388]
  Generated: 1984/5120

  --- Batch 32 (64 samples) ---
  [Scheduler] Reverse step 2999/3000  x range: [-4.581, 4.545]
  [Scheduler] Reverse step 2950/3000  x range: [-4.492, 4.711]
  [Scheduler] Reverse step 2900/3000  x range: [-5.318, 4.253]
  [Scheduler] Reverse step 2850/3000  x range: [-4.633, 4.123]
  [Scheduler] Reverse step 2800/3000  x range: [-4.780, 4.445]
  [Scheduler] Reverse step 2750/3000  x range: [-4.456, 4.802]
  [Scheduler] Reverse step 2700/3000  x range: [-4.651, 4.176]
  [Scheduler] Reverse step 2650/3000  x range: [-4.791, 5.180]
  [Scheduler] Reverse step 2600/3000  x range: [-4.539, 4.519]
  [Scheduler] Reverse step 2550/3000  x range: [-4.383, 4.694]
  [Scheduler] Reverse step 2500/3000  x range: [-4.877, 4.528]
  [Scheduler] Reverse step 2450/3000  x range: [-4.957, 4.695]
  [Scheduler] Reverse step 2400/3000  x range: [-4.193, 4.451]
  [Scheduler] Reverse step 2350/3000  x range: [-4.413, 4.404]
  [Scheduler] Reverse step 2300/3000  x range: [-4.377, 4.574]
  [Scheduler] Reverse step 2250/3000  x range: [-4.651, 4.122]
  [Scheduler] Reverse step 2200/3000  x range: [-4.779, 4.466]
  [Scheduler] Reverse step 2150/3000  x range: [-4.337, 5.200]
  [Scheduler] Reverse step 2100/3000  x range: [-4.554, 4.418]
  [Scheduler] Reverse step 2050/3000  x range: [-4.212, 4.552]
  [Scheduler] Reverse step 2000/3000  x range: [-4.843, 4.551]
  [Scheduler] Reverse step 1950/3000  x range: [-4.353, 4.353]
  [Scheduler] Reverse step 1900/3000  x range: [-4.353, 4.731]
  [Scheduler] Reverse step 1850/3000  x range: [-4.143, 4.564]
  [Scheduler] Reverse step 1800/3000  x range: [-4.382, 4.490]
  [Scheduler] Reverse step 1750/3000  x range: [-4.187, 4.129]
  [Scheduler] Reverse step 1700/3000  x range: [-4.439, 4.621]
  [Scheduler] Reverse step 1650/3000  x range: [-4.512, 4.643]
  [Scheduler] Reverse step 1600/3000  x range: [-4.477, 4.509]
  [Scheduler] Reverse step 1550/3000  x range: [-4.486, 4.431]
  [Scheduler] Reverse step 1500/3000  x range: [-4.992, 4.669]
  [Scheduler] Reverse step 1450/3000  x range: [-5.111, 4.562]
  [Scheduler] Reverse step 1400/3000  x range: [-4.914, 4.486]
  [Scheduler] Reverse step 1350/3000  x range: [-4.659, 4.847]
  [Scheduler] Reverse step 1300/3000  x range: [-4.826, 4.634]
  [Scheduler] Reverse step 1250/3000  x range: [-4.347, 4.447]
  [Scheduler] Reverse step 1200/3000  x range: [-4.477, 4.573]
  [Scheduler] Reverse step 1150/3000  x range: [-4.557, 4.672]
  [Scheduler] Reverse step 1100/3000  x range: [-4.787, 4.412]
  [Scheduler] Reverse step 1050/3000  x range: [-4.394, 4.498]
  [Scheduler] Reverse step 1000/3000  x range: [-4.254, 4.753]
  [Scheduler] Reverse step 950/3000  x range: [-4.340, 4.324]
  [Scheduler] Reverse step 900/3000  x range: [-4.305, 4.476]
  [Scheduler] Reverse step 850/3000  x range: [-4.593, 4.461]
  [Scheduler] Reverse step 800/3000  x range: [-4.327, 4.463]
  [Scheduler] Reverse step 750/3000  x range: [-4.540, 4.599]
  [Scheduler] Reverse step 700/3000  x range: [-4.731, 4.622]
  [Scheduler] Reverse step 650/3000  x range: [-4.562, 4.367]
  [Scheduler] Reverse step 600/3000  x range: [-5.047, 4.614]
  [Scheduler] Reverse step 550/3000  x range: [-4.632, 4.954]
  [Scheduler] Reverse step 500/3000  x range: [-4.804, 4.875]
  [Scheduler] Reverse step 450/3000  x range: [-4.790, 5.463]
  [Scheduler] Reverse step 400/3000  x range: [-5.097, 5.513]
  [Scheduler] Reverse step 350/3000  x range: [-5.086, 5.621]
  [Scheduler] Reverse step 300/3000  x range: [-5.174, 5.620]
  [Scheduler] Reverse step 250/3000  x range: [-5.484, 5.815]
  [Scheduler] Reverse step 200/3000  x range: [-5.573, 6.061]
  [Scheduler] Reverse step 150/3000  x range: [-5.802, 6.335]
  [Scheduler] Reverse step 100/3000  x range: [-5.962, 6.700]
  [Scheduler] Reverse step  50/3000  x range: [-6.315, 6.620]
  [Scheduler] Reverse step   0/3000  x range: [-6.693, 7.026]
  Generated: 2048/5120

  --- Batch 33 (64 samples) ---
  [Scheduler] Reverse step 2999/3000  x range: [-4.380, 4.353]
  [Scheduler] Reverse step 2950/3000  x range: [-4.489, 4.340]
  [Scheduler] Reverse step 2900/3000  x range: [-4.157, 4.711]
  [Scheduler] Reverse step 2850/3000  x range: [-4.504, 4.572]
  [Scheduler] Reverse step 2800/3000  x range: [-4.462, 4.271]
  [Scheduler] Reverse step 2750/3000  x range: [-4.629, 4.298]
  [Scheduler] Reverse step 2700/3000  x range: [-4.816, 4.765]
  [Scheduler] Reverse step 2650/3000  x range: [-4.352, 4.444]
  [Scheduler] Reverse step 2600/3000  x range: [-4.217, 5.018]
  [Scheduler] Reverse step 2550/3000  x range: [-4.034, 4.573]
  [Scheduler] Reverse step 2500/3000  x range: [-4.488, 4.792]
  [Scheduler] Reverse step 2450/3000  x range: [-4.615, 4.275]
  [Scheduler] Reverse step 2400/3000  x range: [-4.568, 4.765]
  [Scheduler] Reverse step 2350/3000  x range: [-4.358, 4.707]
  [Scheduler] Reverse step 2300/3000  x range: [-4.913, 4.688]
  [Scheduler] Reverse step 2250/3000  x range: [-4.286, 4.367]
  [Scheduler] Reverse step 2200/3000  x range: [-4.707, 4.340]
  [Scheduler] Reverse step 2150/3000  x range: [-4.738, 4.404]
  [Scheduler] Reverse step 2100/3000  x range: [-4.282, 4.973]
  [Scheduler] Reverse step 2050/3000  x range: [-4.528, 4.583]
  [Scheduler] Reverse step 2000/3000  x range: [-4.251, 4.519]
  [Scheduler] Reverse step 1950/3000  x range: [-4.381, 4.602]
  [Scheduler] Reverse step 1900/3000  x range: [-4.797, 4.329]
  [Scheduler] Reverse step 1850/3000  x range: [-4.444, 4.698]
  [Scheduler] Reverse step 1800/3000  x range: [-4.817, 4.710]
  [Scheduler] Reverse step 1750/3000  x range: [-4.693, 4.750]
  [Scheduler] Reverse step 1700/3000  x range: [-4.653, 4.859]
  [Scheduler] Reverse step 1650/3000  x range: [-5.101, 4.453]
  [Scheduler] Reverse step 1600/3000  x range: [-4.587, 4.605]
  [Scheduler] Reverse step 1550/3000  x range: [-4.427, 4.776]
  [Scheduler] Reverse step 1500/3000  x range: [-4.719, 4.721]
  [Scheduler] Reverse step 1450/3000  x range: [-4.431, 4.890]
  [Scheduler] Reverse step 1400/3000  x range: [-4.968, 4.562]
  [Scheduler] Reverse step 1350/3000  x range: [-5.038, 4.447]
  [Scheduler] Reverse step 1300/3000  x range: [-5.304, 4.529]
  [Scheduler] Reverse step 1250/3000  x range: [-4.625, 4.397]
  [Scheduler] Reverse step 1200/3000  x range: [-4.499, 4.838]
  [Scheduler] Reverse step 1150/3000  x range: [-4.643, 4.484]
  [Scheduler] Reverse step 1100/3000  x range: [-4.518, 4.687]
  [Scheduler] Reverse step 1050/3000  x range: [-4.603, 5.005]
  [Scheduler] Reverse step 1000/3000  x range: [-4.420, 4.763]
  [Scheduler] Reverse step 950/3000  x range: [-4.554, 4.662]
  [Scheduler] Reverse step 900/3000  x range: [-4.408, 4.931]
  [Scheduler] Reverse step 850/3000  x range: [-4.334, 4.397]
  [Scheduler] Reverse step 800/3000  x range: [-4.099, 4.306]
  [Scheduler] Reverse step 750/3000  x range: [-4.359, 4.586]
  [Scheduler] Reverse step 700/3000  x range: [-4.758, 5.151]
  [Scheduler] Reverse step 650/3000  x range: [-4.730, 4.364]
  [Scheduler] Reverse step 600/3000  x range: [-4.842, 5.097]
  [Scheduler] Reverse step 550/3000  x range: [-5.013, 5.120]
  [Scheduler] Reverse step 500/3000  x range: [-5.264, 5.044]
  [Scheduler] Reverse step 450/3000  x range: [-5.256, 4.969]
  [Scheduler] Reverse step 400/3000  x range: [-5.409, 5.142]
  [Scheduler] Reverse step 350/3000  x range: [-5.660, 5.285]
  [Scheduler] Reverse step 300/3000  x range: [-5.455, 5.247]
  [Scheduler] Reverse step 250/3000  x range: [-5.571, 5.358]
  [Scheduler] Reverse step 200/3000  x range: [-5.594, 5.334]
  [Scheduler] Reverse step 150/3000  x range: [-5.628, 5.438]
  [Scheduler] Reverse step 100/3000  x range: [-5.180, 5.297]
  [Scheduler] Reverse step  50/3000  x range: [-5.065, 5.385]
  [Scheduler] Reverse step   0/3000  x range: [-5.007, 5.592]
  Generated: 2112/5120

  --- Batch 34 (64 samples) ---
  [Scheduler] Reverse step 2999/3000  x range: [-4.835, 4.469]
  [Scheduler] Reverse step 2950/3000  x range: [-4.525, 4.693]
  [Scheduler] Reverse step 2900/3000  x range: [-4.273, 4.581]
  [Scheduler] Reverse step 2850/3000  x range: [-4.395, 4.384]
  [Scheduler] Reverse step 2800/3000  x range: [-4.423, 4.542]
  [Scheduler] Reverse step 2750/3000  x range: [-4.613, 4.274]
  [Scheduler] Reverse step 2700/3000  x range: [-4.915, 4.466]
  [Scheduler] Reverse step 2650/3000  x range: [-4.422, 4.782]
  [Scheduler] Reverse step 2600/3000  x range: [-4.462, 4.531]
  [Scheduler] Reverse step 2550/3000  x range: [-4.390, 4.463]
  [Scheduler] Reverse step 2500/3000  x range: [-4.801, 4.199]
  [Scheduler] Reverse step 2450/3000  x range: [-4.384, 4.621]
  [Scheduler] Reverse step 2400/3000  x range: [-4.510, 4.346]
  [Scheduler] Reverse step 2350/3000  x range: [-4.382, 4.456]
  [Scheduler] Reverse step 2300/3000  x range: [-4.641, 4.533]
  [Scheduler] Reverse step 2250/3000  x range: [-4.761, 4.254]
  [Scheduler] Reverse step 2200/3000  x range: [-5.443, 4.745]
  [Scheduler] Reverse step 2150/3000  x range: [-4.546, 4.153]
  [Scheduler] Reverse step 2100/3000  x range: [-4.679, 4.352]
  [Scheduler] Reverse step 2050/3000  x range: [-4.289, 4.277]
  [Scheduler] Reverse step 2000/3000  x range: [-4.532, 4.905]
  [Scheduler] Reverse step 1950/3000  x range: [-4.951, 4.616]
  [Scheduler] Reverse step 1900/3000  x range: [-4.373, 4.192]
  [Scheduler] Reverse step 1850/3000  x range: [-4.202, 4.536]
  [Scheduler] Reverse step 1800/3000  x range: [-4.665, 4.296]
  [Scheduler] Reverse step 1750/3000  x range: [-4.451, 4.502]
  [Scheduler] Reverse step 1700/3000  x range: [-4.523, 4.596]
  [Scheduler] Reverse step 1650/3000  x range: [-4.578, 4.758]
  [Scheduler] Reverse step 1600/3000  x range: [-4.396, 4.480]
  [Scheduler] Reverse step 1550/3000  x range: [-4.291, 4.589]
  [Scheduler] Reverse step 1500/3000  x range: [-4.288, 4.562]
  [Scheduler] Reverse step 1450/3000  x range: [-4.792, 4.856]
  [Scheduler] Reverse step 1400/3000  x range: [-4.366, 4.787]
  [Scheduler] Reverse step 1350/3000  x range: [-4.716, 4.173]
  [Scheduler] Reverse step 1300/3000  x range: [-4.706, 4.885]
  [Scheduler] Reverse step 1250/3000  x range: [-4.682, 4.209]
  [Scheduler] Reverse step 1200/3000  x range: [-4.211, 4.848]
  [Scheduler] Reverse step 1150/3000  x range: [-4.232, 5.145]
  [Scheduler] Reverse step 1100/3000  x range: [-4.284, 4.790]
  [Scheduler] Reverse step 1050/3000  x range: [-4.851, 4.437]
  [Scheduler] Reverse step 1000/3000  x range: [-4.297, 4.299]
  [Scheduler] Reverse step 950/3000  x range: [-4.744, 4.409]
  [Scheduler] Reverse step 900/3000  x range: [-4.615, 4.580]
  [Scheduler] Reverse step 850/3000  x range: [-4.593, 5.457]
  [Scheduler] Reverse step 800/3000  x range: [-4.812, 4.741]
  [Scheduler] Reverse step 750/3000  x range: [-4.864, 4.795]
  [Scheduler] Reverse step 700/3000  x range: [-4.709, 4.832]
  [Scheduler] Reverse step 650/3000  x range: [-4.788, 5.106]
  [Scheduler] Reverse step 600/3000  x range: [-4.793, 5.134]
  [Scheduler] Reverse step 550/3000  x range: [-5.082, 4.583]
  [Scheduler] Reverse step 500/3000  x range: [-4.609, 4.968]
  [Scheduler] Reverse step 450/3000  x range: [-5.159, 4.940]
  [Scheduler] Reverse step 400/3000  x range: [-5.147, 5.130]
  [Scheduler] Reverse step 350/3000  x range: [-5.424, 5.211]
  [Scheduler] Reverse step 300/3000  x range: [-5.742, 5.392]
  [Scheduler] Reverse step 250/3000  x range: [-5.727, 5.623]
  [Scheduler] Reverse step 200/3000  x range: [-5.321, 5.685]
  [Scheduler] Reverse step 150/3000  x range: [-5.548, 5.673]
  [Scheduler] Reverse step 100/3000  x range: [-5.328, 5.513]
  [Scheduler] Reverse step  50/3000  x range: [-5.325, 5.684]
  [Scheduler] Reverse step   0/3000  x range: [-5.488, 5.496]
  Generated: 2176/5120

  --- Batch 35 (64 samples) ---
  [Scheduler] Reverse step 2999/3000  x range: [-4.521, 4.609]
  [Scheduler] Reverse step 2950/3000  x range: [-5.027, 4.575]
  [Scheduler] Reverse step 2900/3000  x range: [-4.625, 5.104]
  [Scheduler] Reverse step 2850/3000  x range: [-4.909, 4.700]
  [Scheduler] Reverse step 2800/3000  x range: [-4.433, 4.880]
  [Scheduler] Reverse step 2750/3000  x range: [-4.682, 4.534]
  [Scheduler] Reverse step 2700/3000  x range: [-4.628, 4.712]
  [Scheduler] Reverse step 2650/3000  x range: [-4.591, 4.569]
  [Scheduler] Reverse step 2600/3000  x range: [-4.563, 4.820]
  [Scheduler] Reverse step 2550/3000  x range: [-4.346, 4.567]
  [Scheduler] Reverse step 2500/3000  x range: [-4.302, 4.478]
  [Scheduler] Reverse step 2450/3000  x range: [-4.449, 4.662]
  [Scheduler] Reverse step 2400/3000  x range: [-4.253, 4.482]
  [Scheduler] Reverse step 2350/3000  x range: [-4.690, 4.480]
  [Scheduler] Reverse step 2300/3000  x range: [-4.222, 4.546]
  [Scheduler] Reverse step 2250/3000  x range: [-4.679, 4.523]
  [Scheduler] Reverse step 2200/3000  x range: [-4.610, 4.420]
  [Scheduler] Reverse step 2150/3000  x range: [-4.377, 4.687]
  [Scheduler] Reverse step 2100/3000  x range: [-4.690, 4.966]
  [Scheduler] Reverse step 2050/3000  x range: [-4.460, 4.741]
  [Scheduler] Reverse step 2000/3000  x range: [-4.609, 4.439]
  [Scheduler] Reverse step 1950/3000  x range: [-4.309, 4.561]
  [Scheduler] Reverse step 1900/3000  x range: [-5.159, 4.642]
  [Scheduler] Reverse step 1850/3000  x range: [-4.217, 4.618]
  [Scheduler] Reverse step 1800/3000  x range: [-4.913, 4.621]
  [Scheduler] Reverse step 1750/3000  x range: [-4.564, 4.593]
  [Scheduler] Reverse step 1700/3000  x range: [-4.371, 4.373]
  [Scheduler] Reverse step 1650/3000  x range: [-4.546, 4.435]
  [Scheduler] Reverse step 1600/3000  x range: [-4.567, 4.681]
  [Scheduler] Reverse step 1550/3000  x range: [-4.443, 4.197]
  [Scheduler] Reverse step 1500/3000  x range: [-4.974, 4.612]
  [Scheduler] Reverse step 1450/3000  x range: [-5.164, 4.167]
  [Scheduler] Reverse step 1400/3000  x range: [-4.856, 4.337]
  [Scheduler] Reverse step 1350/3000  x range: [-4.385, 4.796]
  [Scheduler] Reverse step 1300/3000  x range: [-4.371, 4.558]
  [Scheduler] Reverse step 1250/3000  x range: [-4.402, 4.200]
  [Scheduler] Reverse step 1200/3000  x range: [-4.372, 4.675]
  [Scheduler] Reverse step 1150/3000  x range: [-4.233, 4.368]
  [Scheduler] Reverse step 1100/3000  x range: [-4.468, 4.726]
  [Scheduler] Reverse step 1050/3000  x range: [-5.434, 4.631]
  [Scheduler] Reverse step 1000/3000  x range: [-4.871, 4.489]
  [Scheduler] Reverse step 950/3000  x range: [-4.564, 4.478]
  [Scheduler] Reverse step 900/3000  x range: [-4.413, 4.654]
  [Scheduler] Reverse step 850/3000  x range: [-4.464, 4.441]
  [Scheduler] Reverse step 800/3000  x range: [-4.372, 4.574]
  [Scheduler] Reverse step 750/3000  x range: [-4.563, 5.054]
  [Scheduler] Reverse step 700/3000  x range: [-4.459, 5.102]
  [Scheduler] Reverse step 650/3000  x range: [-4.919, 5.574]
  [Scheduler] Reverse step 600/3000  x range: [-4.512, 6.298]
  [Scheduler] Reverse step 550/3000  x range: [-4.715, 6.846]
  [Scheduler] Reverse step 500/3000  x range: [-4.929, 5.832]
  [Scheduler] Reverse step 450/3000  x range: [-5.176, 5.681]
  [Scheduler] Reverse step 400/3000  x range: [-5.127, 5.691]
  [Scheduler] Reverse step 350/3000  x range: [-5.481, 5.595]
  [Scheduler] Reverse step 300/3000  x range: [-5.658, 5.651]
  [Scheduler] Reverse step 250/3000  x range: [-5.739, 5.556]
  [Scheduler] Reverse step 200/3000  x range: [-5.444, 5.404]
  [Scheduler] Reverse step 150/3000  x range: [-5.413, 5.334]
  [Scheduler] Reverse step 100/3000  x range: [-5.186, 5.144]
  [Scheduler] Reverse step  50/3000  x range: [-5.262, 5.140]
  [Scheduler] Reverse step   0/3000  x range: [-5.435, 5.186]
  Generated: 2240/5120

  --- Batch 36 (64 samples) ---
  [Scheduler] Reverse step 2999/3000  x range: [-4.738, 4.382]
  [Scheduler] Reverse step 2950/3000  x range: [-5.180, 4.418]
  [Scheduler] Reverse step 2900/3000  x range: [-5.327, 4.532]
  [Scheduler] Reverse step 2850/3000  x range: [-4.522, 4.564]
  [Scheduler] Reverse step 2800/3000  x range: [-4.810, 4.351]
  [Scheduler] Reverse step 2750/3000  x range: [-4.302, 4.983]
  [Scheduler] Reverse step 2700/3000  x range: [-5.021, 4.674]
  [Scheduler] Reverse step 2650/3000  x range: [-4.950, 4.520]
  [Scheduler] Reverse step 2600/3000  x range: [-4.417, 4.220]
  [Scheduler] Reverse step 2550/3000  x range: [-4.395, 4.282]
  [Scheduler] Reverse step 2500/3000  x range: [-4.567, 4.518]
  [Scheduler] Reverse step 2450/3000  x range: [-4.382, 4.571]
  [Scheduler] Reverse step 2400/3000  x range: [-4.631, 4.321]
  [Scheduler] Reverse step 2350/3000  x range: [-5.074, 4.508]
  [Scheduler] Reverse step 2300/3000  x range: [-4.649, 4.263]
  [Scheduler] Reverse step 2250/3000  x range: [-4.425, 4.556]
  [Scheduler] Reverse step 2200/3000  x range: [-4.506, 4.587]
  [Scheduler] Reverse step 2150/3000  x range: [-4.718, 4.423]
  [Scheduler] Reverse step 2100/3000  x range: [-4.347, 4.572]
  [Scheduler] Reverse step 2050/3000  x range: [-4.677, 4.241]
  [Scheduler] Reverse step 2000/3000  x range: [-5.365, 4.671]
  [Scheduler] Reverse step 1950/3000  x range: [-4.651, 4.368]
  [Scheduler] Reverse step 1900/3000  x range: [-4.985, 4.382]
  [Scheduler] Reverse step 1850/3000  x range: [-4.558, 4.482]
  [Scheduler] Reverse step 1800/3000  x range: [-4.681, 4.374]
  [Scheduler] Reverse step 1750/3000  x range: [-4.744, 4.529]
  [Scheduler] Reverse step 1700/3000  x range: [-4.445, 4.632]
  [Scheduler] Reverse step 1650/3000  x range: [-4.416, 4.585]
  [Scheduler] Reverse step 1600/3000  x range: [-4.795, 4.598]
  [Scheduler] Reverse step 1550/3000  x range: [-4.567, 4.390]
  [Scheduler] Reverse step 1500/3000  x range: [-4.191, 4.503]
  [Scheduler] Reverse step 1450/3000  x range: [-4.382, 5.027]
  [Scheduler] Reverse step 1400/3000  x range: [-4.703, 4.678]
  [Scheduler] Reverse step 1350/3000  x range: [-4.387, 4.516]
  [Scheduler] Reverse step 1300/3000  x range: [-4.200, 4.595]
  [Scheduler] Reverse step 1250/3000  x range: [-4.220, 4.510]
  [Scheduler] Reverse step 1200/3000  x range: [-4.675, 4.442]
  [Scheduler] Reverse step 1150/3000  x range: [-4.723, 5.163]
  [Scheduler] Reverse step 1100/3000  x range: [-4.546, 4.818]
  [Scheduler] Reverse step 1050/3000  x range: [-4.243, 4.532]
  [Scheduler] Reverse step 1000/3000  x range: [-4.742, 4.401]
  [Scheduler] Reverse step 950/3000  x range: [-4.691, 4.807]
  [Scheduler] Reverse step 900/3000  x range: [-4.444, 4.534]
  [Scheduler] Reverse step 850/3000  x range: [-4.567, 4.213]
  [Scheduler] Reverse step 800/3000  x range: [-4.384, 4.460]
  [Scheduler] Reverse step 750/3000  x range: [-4.628, 5.133]
  [Scheduler] Reverse step 700/3000  x range: [-4.413, 4.318]
  [Scheduler] Reverse step 650/3000  x range: [-5.123, 4.346]
  [Scheduler] Reverse step 600/3000  x range: [-4.745, 4.670]
  [Scheduler] Reverse step 550/3000  x range: [-4.916, 4.859]
  [Scheduler] Reverse step 500/3000  x range: [-5.183, 5.183]
  [Scheduler] Reverse step 450/3000  x range: [-5.236, 4.929]
  [Scheduler] Reverse step 400/3000  x range: [-5.121, 5.062]
  [Scheduler] Reverse step 350/3000  x range: [-5.316, 5.156]
  [Scheduler] Reverse step 300/3000  x range: [-5.582, 5.362]
  [Scheduler] Reverse step 250/3000  x range: [-5.501, 5.514]
  [Scheduler] Reverse step 200/3000  x range: [-5.565, 5.305]
  [Scheduler] Reverse step 150/3000  x range: [-5.491, 5.304]
  [Scheduler] Reverse step 100/3000  x range: [-5.376, 5.568]
  [Scheduler] Reverse step  50/3000  x range: [-5.007, 5.534]
  [Scheduler] Reverse step   0/3000  x range: [-4.977, 5.238]
  Generated: 2304/5120

  --- Batch 37 (64 samples) ---
  [Scheduler] Reverse step 2999/3000  x range: [-4.480, 4.629]
  [Scheduler] Reverse step 2950/3000  x range: [-4.499, 4.312]
  [Scheduler] Reverse step 2900/3000  x range: [-4.659, 4.622]
  [Scheduler] Reverse step 2850/3000  x range: [-4.239, 4.547]
  [Scheduler] Reverse step 2800/3000  x range: [-4.983, 4.154]
  [Scheduler] Reverse step 2750/3000  x range: [-4.460, 4.517]
  [Scheduler] Reverse step 2700/3000  x range: [-4.338, 4.263]
  [Scheduler] Reverse step 2650/3000  x range: [-4.266, 4.395]
  [Scheduler] Reverse step 2600/3000  x range: [-4.570, 4.331]
  [Scheduler] Reverse step 2550/3000  x range: [-4.420, 4.850]
  [Scheduler] Reverse step 2500/3000  x range: [-4.855, 4.796]
  [Scheduler] Reverse step 2450/3000  x range: [-4.933, 4.176]
  [Scheduler] Reverse step 2400/3000  x range: [-4.401, 4.670]
  [Scheduler] Reverse step 2350/3000  x range: [-4.984, 4.705]
  [Scheduler] Reverse step 2300/3000  x range: [-4.736, 4.659]
  [Scheduler] Reverse step 2250/3000  x range: [-4.461, 4.432]
  [Scheduler] Reverse step 2200/3000  x range: [-4.441, 4.420]
  [Scheduler] Reverse step 2150/3000  x range: [-4.524, 4.605]
  [Scheduler] Reverse step 2100/3000  x range: [-4.605, 4.499]
  [Scheduler] Reverse step 2050/3000  x range: [-4.645, 5.353]
  [Scheduler] Reverse step 2000/3000  x range: [-4.805, 5.299]
  [Scheduler] Reverse step 1950/3000  x range: [-4.847, 4.678]
  [Scheduler] Reverse step 1900/3000  x range: [-4.674, 4.442]
  [Scheduler] Reverse step 1850/3000  x range: [-4.453, 4.407]
  [Scheduler] Reverse step 1800/3000  x range: [-4.299, 4.376]
  [Scheduler] Reverse step 1750/3000  x range: [-4.629, 4.504]
  [Scheduler] Reverse step 1700/3000  x range: [-4.809, 4.545]
  [Scheduler] Reverse step 1650/3000  x range: [-4.576, 4.910]
  [Scheduler] Reverse step 1600/3000  x range: [-4.591, 4.352]
  [Scheduler] Reverse step 1550/3000  x range: [-4.606, 4.432]
  [Scheduler] Reverse step 1500/3000  x range: [-4.840, 4.329]
  [Scheduler] Reverse step 1450/3000  x range: [-4.932, 4.295]
  [Scheduler] Reverse step 1400/3000  x range: [-4.595, 4.163]
  [Scheduler] Reverse step 1350/3000  x range: [-4.388, 4.559]
  [Scheduler] Reverse step 1300/3000  x range: [-4.675, 4.528]
  [Scheduler] Reverse step 1250/3000  x range: [-5.005, 4.422]
  [Scheduler] Reverse step 1200/3000  x range: [-4.410, 4.709]
  [Scheduler] Reverse step 1150/3000  x range: [-4.912, 4.446]
  [Scheduler] Reverse step 1100/3000  x range: [-4.464, 4.469]
  [Scheduler] Reverse step 1050/3000  x range: [-4.365, 4.359]
  [Scheduler] Reverse step 1000/3000  x range: [-4.505, 4.831]
  [Scheduler] Reverse step 950/3000  x range: [-4.591, 4.537]
  [Scheduler] Reverse step 900/3000  x range: [-4.569, 4.571]
  [Scheduler] Reverse step 850/3000  x range: [-4.705, 4.769]
  [Scheduler] Reverse step 800/3000  x range: [-4.755, 4.432]
  [Scheduler] Reverse step 750/3000  x range: [-4.733, 4.443]
  [Scheduler] Reverse step 700/3000  x range: [-4.209, 4.236]
  [Scheduler] Reverse step 650/3000  x range: [-4.487, 4.225]
  [Scheduler] Reverse step 600/3000  x range: [-4.882, 4.602]
  [Scheduler] Reverse step 550/3000  x range: [-4.929, 5.288]
  [Scheduler] Reverse step 500/3000  x range: [-5.008, 5.159]
  [Scheduler] Reverse step 450/3000  x range: [-5.864, 5.591]
  [Scheduler] Reverse step 400/3000  x range: [-6.004, 5.796]
  [Scheduler] Reverse step 350/3000  x range: [-5.469, 5.465]
  [Scheduler] Reverse step 300/3000  x range: [-5.623, 5.333]
  [Scheduler] Reverse step 250/3000  x range: [-5.359, 5.583]
  [Scheduler] Reverse step 200/3000  x range: [-5.263, 5.400]
  [Scheduler] Reverse step 150/3000  x range: [-5.220, 5.315]
  [Scheduler] Reverse step 100/3000  x range: [-5.189, 5.243]
  [Scheduler] Reverse step  50/3000  x range: [-5.225, 5.164]
  [Scheduler] Reverse step   0/3000  x range: [-5.186, 5.062]
  Generated: 2368/5120

  --- Batch 38 (64 samples) ---
  [Scheduler] Reverse step 2999/3000  x range: [-4.688, 4.196]
  [Scheduler] Reverse step 2950/3000  x range: [-4.919, 4.354]
  [Scheduler] Reverse step 2900/3000  x range: [-4.376, 4.659]
  [Scheduler] Reverse step 2850/3000  x range: [-4.832, 4.320]
  [Scheduler] Reverse step 2800/3000  x range: [-4.334, 4.525]
  [Scheduler] Reverse step 2750/3000  x range: [-4.444, 4.203]
  [Scheduler] Reverse step 2700/3000  x range: [-4.862, 4.393]
  [Scheduler] Reverse step 2650/3000  x range: [-4.986, 4.288]
  [Scheduler] Reverse step 2600/3000  x range: [-4.636, 4.643]
  [Scheduler] Reverse step 2550/3000  x range: [-4.513, 4.508]
  [Scheduler] Reverse step 2500/3000  x range: [-5.244, 4.662]
  [Scheduler] Reverse step 2450/3000  x range: [-4.654, 4.704]
  [Scheduler] Reverse step 2400/3000  x range: [-4.658, 4.696]
  [Scheduler] Reverse step 2350/3000  x range: [-4.382, 4.718]
  [Scheduler] Reverse step 2300/3000  x range: [-4.687, 4.770]
  [Scheduler] Reverse step 2250/3000  x range: [-4.451, 4.389]
  [Scheduler] Reverse step 2200/3000  x range: [-4.467, 4.815]
  [Scheduler] Reverse step 2150/3000  x range: [-4.612, 4.544]
  [Scheduler] Reverse step 2100/3000  x range: [-4.558, 4.488]
  [Scheduler] Reverse step 2050/3000  x range: [-4.521, 4.629]
  [Scheduler] Reverse step 2000/3000  x range: [-4.954, 4.589]
  [Scheduler] Reverse step 1950/3000  x range: [-4.473, 4.686]
  [Scheduler] Reverse step 1900/3000  x range: [-4.841, 4.477]
  [Scheduler] Reverse step 1850/3000  x range: [-4.335, 4.731]
  [Scheduler] Reverse step 1800/3000  x range: [-4.403, 4.582]
  [Scheduler] Reverse step 1750/3000  x range: [-4.180, 4.706]
  [Scheduler] Reverse step 1700/3000  x range: [-4.283, 4.478]
  [Scheduler] Reverse step 1650/3000  x range: [-4.590, 4.536]
  [Scheduler] Reverse step 1600/3000  x range: [-4.508, 4.703]
  [Scheduler] Reverse step 1550/3000  x range: [-4.817, 4.842]
  [Scheduler] Reverse step 1500/3000  x range: [-4.619, 4.525]
  [Scheduler] Reverse step 1450/3000  x range: [-4.408, 4.558]
  [Scheduler] Reverse step 1400/3000  x range: [-4.479, 4.707]
  [Scheduler] Reverse step 1350/3000  x range: [-4.482, 4.739]
  [Scheduler] Reverse step 1300/3000  x range: [-4.570, 5.023]
  [Scheduler] Reverse step 1250/3000  x range: [-4.450, 4.953]
  [Scheduler] Reverse step 1200/3000  x range: [-4.700, 5.700]
  [Scheduler] Reverse step 1150/3000  x range: [-4.695, 4.724]
  [Scheduler] Reverse step 1100/3000  x range: [-4.431, 4.318]
  [Scheduler] Reverse step 1050/3000  x range: [-4.478, 4.274]
  [Scheduler] Reverse step 1000/3000  x range: [-5.209, 4.404]
  [Scheduler] Reverse step 950/3000  x range: [-4.624, 4.613]
  [Scheduler] Reverse step 900/3000  x range: [-5.071, 4.915]
  [Scheduler] Reverse step 850/3000  x range: [-4.483, 4.391]
  [Scheduler] Reverse step 800/3000  x range: [-4.730, 4.411]
  [Scheduler] Reverse step 750/3000  x range: [-4.375, 4.592]
  [Scheduler] Reverse step 700/3000  x range: [-4.676, 4.693]
  [Scheduler] Reverse step 650/3000  x range: [-5.173, 4.724]
  [Scheduler] Reverse step 600/3000  x range: [-5.015, 4.745]
  [Scheduler] Reverse step 550/3000  x range: [-5.239, 4.785]
  [Scheduler] Reverse step 500/3000  x range: [-5.431, 5.387]
  [Scheduler] Reverse step 450/3000  x range: [-5.532, 5.237]
  [Scheduler] Reverse step 400/3000  x range: [-4.990, 5.339]
  [Scheduler] Reverse step 350/3000  x range: [-5.074, 5.467]
  [Scheduler] Reverse step 300/3000  x range: [-5.198, 5.935]
  [Scheduler] Reverse step 250/3000  x range: [-5.419, 5.379]
  [Scheduler] Reverse step 200/3000  x range: [-5.388, 5.440]
  [Scheduler] Reverse step 150/3000  x range: [-5.359, 5.728]
  [Scheduler] Reverse step 100/3000  x range: [-5.252, 5.804]
  [Scheduler] Reverse step  50/3000  x range: [-5.207, 5.570]
  [Scheduler] Reverse step   0/3000  x range: [-5.201, 5.666]
  Generated: 2432/5120

  --- Batch 39 (64 samples) ---
  [Scheduler] Reverse step 2999/3000  x range: [-4.308, 5.072]
  [Scheduler] Reverse step 2950/3000  x range: [-4.936, 4.938]
  [Scheduler] Reverse step 2900/3000  x range: [-4.927, 4.652]
  [Scheduler] Reverse step 2850/3000  x range: [-4.302, 4.809]
  [Scheduler] Reverse step 2800/3000  x range: [-4.592, 4.491]
  [Scheduler] Reverse step 2750/3000  x range: [-4.565, 4.534]
  [Scheduler] Reverse step 2700/3000  x range: [-4.627, 4.322]
  [Scheduler] Reverse step 2650/3000  x range: [-4.253, 4.451]
  [Scheduler] Reverse step 2600/3000  x range: [-4.587, 4.986]
  [Scheduler] Reverse step 2550/3000  x range: [-5.184, 4.521]
  [Scheduler] Reverse step 2500/3000  x range: [-4.339, 4.491]
  [Scheduler] Reverse step 2450/3000  x range: [-4.586, 4.642]
  [Scheduler] Reverse step 2400/3000  x range: [-4.667, 4.154]
  [Scheduler] Reverse step 2350/3000  x range: [-4.360, 4.336]
  [Scheduler] Reverse step 2300/3000  x range: [-4.952, 4.840]
  [Scheduler] Reverse step 2250/3000  x range: [-4.189, 4.266]
  [Scheduler] Reverse step 2200/3000  x range: [-4.474, 4.810]
  [Scheduler] Reverse step 2150/3000  x range: [-4.688, 4.793]
  [Scheduler] Reverse step 2100/3000  x range: [-4.359, 4.526]
  [Scheduler] Reverse step 2050/3000  x range: [-4.553, 4.672]
  [Scheduler] Reverse step 2000/3000  x range: [-4.223, 4.564]
  [Scheduler] Reverse step 1950/3000  x range: [-4.255, 4.763]
  [Scheduler] Reverse step 1900/3000  x range: [-4.647, 4.296]
  [Scheduler] Reverse step 1850/3000  x range: [-4.559, 4.509]
  [Scheduler] Reverse step 1800/3000  x range: [-4.565, 4.619]
  [Scheduler] Reverse step 1750/3000  x range: [-5.493, 4.931]
  [Scheduler] Reverse step 1700/3000  x range: [-4.287, 4.655]
  [Scheduler] Reverse step 1650/3000  x range: [-4.939, 4.877]
  [Scheduler] Reverse step 1600/3000  x range: [-4.353, 4.432]
  [Scheduler] Reverse step 1550/3000  x range: [-4.824, 4.878]
  [Scheduler] Reverse step 1500/3000  x range: [-4.484, 4.384]
  [Scheduler] Reverse step 1450/3000  x range: [-5.124, 4.958]
  [Scheduler] Reverse step 1400/3000  x range: [-4.475, 4.614]
  [Scheduler] Reverse step 1350/3000  x range: [-4.345, 4.880]
  [Scheduler] Reverse step 1300/3000  x range: [-4.610, 4.854]
  [Scheduler] Reverse step 1250/3000  x range: [-4.570, 4.429]
  [Scheduler] Reverse step 1200/3000  x range: [-4.450, 4.503]
  [Scheduler] Reverse step 1150/3000  x range: [-4.288, 4.331]
  [Scheduler] Reverse step 1100/3000  x range: [-4.580, 4.786]
  [Scheduler] Reverse step 1050/3000  x range: [-4.642, 4.561]
  [Scheduler] Reverse step 1000/3000  x range: [-4.337, 4.493]
  [Scheduler] Reverse step 950/3000  x range: [-4.557, 4.627]
  [Scheduler] Reverse step 900/3000  x range: [-4.971, 4.725]
  [Scheduler] Reverse step 850/3000  x range: [-4.788, 4.966]
  [Scheduler] Reverse step 800/3000  x range: [-4.783, 4.773]
  [Scheduler] Reverse step 750/3000  x range: [-4.435, 4.442]
  [Scheduler] Reverse step 700/3000  x range: [-4.520, 4.405]
  [Scheduler] Reverse step 650/3000  x range: [-4.703, 4.842]
  [Scheduler] Reverse step 600/3000  x range: [-4.738, 4.499]
  [Scheduler] Reverse step 550/3000  x range: [-4.646, 4.827]
  [Scheduler] Reverse step 500/3000  x range: [-5.331, 4.895]
  [Scheduler] Reverse step 450/3000  x range: [-5.075, 5.421]
  [Scheduler] Reverse step 400/3000  x range: [-5.421, 5.394]
  [Scheduler] Reverse step 350/3000  x range: [-5.409, 5.821]
  [Scheduler] Reverse step 300/3000  x range: [-5.274, 5.661]
  [Scheduler] Reverse step 250/3000  x range: [-5.442, 5.398]
  [Scheduler] Reverse step 200/3000  x range: [-5.409, 5.987]
  [Scheduler] Reverse step 150/3000  x range: [-5.752, 5.959]
  [Scheduler] Reverse step 100/3000  x range: [-5.790, 5.744]
  [Scheduler] Reverse step  50/3000  x range: [-6.099, 5.385]
  [Scheduler] Reverse step   0/3000  x range: [-5.535, 5.183]
  Generated: 2496/5120

  --- Batch 40 (64 samples) ---
  [Scheduler] Reverse step 2999/3000  x range: [-5.861, 4.209]
  [Scheduler] Reverse step 2950/3000  x range: [-5.024, 4.261]
  [Scheduler] Reverse step 2900/3000  x range: [-4.426, 4.833]
  [Scheduler] Reverse step 2850/3000  x range: [-4.385, 4.363]
  [Scheduler] Reverse step 2800/3000  x range: [-4.526, 4.458]
  [Scheduler] Reverse step 2750/3000  x range: [-4.330, 4.532]
  [Scheduler] Reverse step 2700/3000  x range: [-4.474, 4.192]
  [Scheduler] Reverse step 2650/3000  x range: [-4.889, 4.406]
  [Scheduler] Reverse step 2600/3000  x range: [-4.692, 4.379]
  [Scheduler] Reverse step 2550/3000  x range: [-5.094, 4.607]
  [Scheduler] Reverse step 2500/3000  x range: [-4.469, 4.467]
  [Scheduler] Reverse step 2450/3000  x range: [-4.715, 4.223]
  [Scheduler] Reverse step 2400/3000  x range: [-4.444, 4.954]
  [Scheduler] Reverse step 2350/3000  x range: [-4.828, 4.761]
  [Scheduler] Reverse step 2300/3000  x range: [-5.052, 4.634]
  [Scheduler] Reverse step 2250/3000  x range: [-5.284, 4.659]
  [Scheduler] Reverse step 2200/3000  x range: [-4.550, 4.458]
  [Scheduler] Reverse step 2150/3000  x range: [-4.201, 4.461]
  [Scheduler] Reverse step 2100/3000  x range: [-4.586, 5.031]
  [Scheduler] Reverse step 2050/3000  x range: [-4.407, 4.517]
  [Scheduler] Reverse step 2000/3000  x range: [-4.450, 4.761]
  [Scheduler] Reverse step 1950/3000  x range: [-4.229, 4.728]
  [Scheduler] Reverse step 1900/3000  x range: [-4.446, 4.532]
  [Scheduler] Reverse step 1850/3000  x range: [-4.569, 4.641]
  [Scheduler] Reverse step 1800/3000  x range: [-4.461, 4.121]
  [Scheduler] Reverse step 1750/3000  x range: [-4.675, 4.327]
  [Scheduler] Reverse step 1700/3000  x range: [-4.384, 4.618]
  [Scheduler] Reverse step 1650/3000  x range: [-4.796, 4.410]
  [Scheduler] Reverse step 1600/3000  x range: [-4.666, 4.597]
  [Scheduler] Reverse step 1550/3000  x range: [-4.672, 4.784]
  [Scheduler] Reverse step 1500/3000  x range: [-4.705, 4.394]
  [Scheduler] Reverse step 1450/3000  x range: [-4.729, 4.488]
  [Scheduler] Reverse step 1400/3000  x range: [-4.287, 4.315]
  [Scheduler] Reverse step 1350/3000  x range: [-4.760, 5.022]
  [Scheduler] Reverse step 1300/3000  x range: [-4.693, 4.418]
  [Scheduler] Reverse step 1250/3000  x range: [-4.611, 4.298]
  [Scheduler] Reverse step 1200/3000  x range: [-4.704, 4.018]
  [Scheduler] Reverse step 1150/3000  x range: [-4.367, 4.774]
  [Scheduler] Reverse step 1100/3000  x range: [-4.545, 4.265]
  [Scheduler] Reverse step 1050/3000  x range: [-4.309, 4.655]
  [Scheduler] Reverse step 1000/3000  x range: [-4.349, 4.540]
  [Scheduler] Reverse step 950/3000  x range: [-4.921, 4.263]
  [Scheduler] Reverse step 900/3000  x range: [-4.558, 4.453]
  [Scheduler] Reverse step 850/3000  x range: [-4.295, 4.124]
  [Scheduler] Reverse step 800/3000  x range: [-4.381, 4.333]
  [Scheduler] Reverse step 750/3000  x range: [-4.519, 4.244]
  [Scheduler] Reverse step 700/3000  x range: [-4.808, 4.174]
  [Scheduler] Reverse step 650/3000  x range: [-4.761, 4.686]
  [Scheduler] Reverse step 600/3000  x range: [-5.549, 4.807]
  [Scheduler] Reverse step 550/3000  x range: [-5.439, 5.162]
  [Scheduler] Reverse step 500/3000  x range: [-5.531, 5.160]
  [Scheduler] Reverse step 450/3000  x range: [-5.294, 5.133]
  [Scheduler] Reverse step 400/3000  x range: [-5.407, 5.482]
  [Scheduler] Reverse step 350/3000  x range: [-5.151, 5.960]
  [Scheduler] Reverse step 300/3000  x range: [-5.287, 5.571]
  [Scheduler] Reverse step 250/3000  x range: [-5.525, 5.469]
  [Scheduler] Reverse step 200/3000  x range: [-5.844, 5.335]
  [Scheduler] Reverse step 150/3000  x range: [-6.267, 5.299]
  [Scheduler] Reverse step 100/3000  x range: [-6.194, 5.349]
  [Scheduler] Reverse step  50/3000  x range: [-6.324, 5.339]
  [Scheduler] Reverse step   0/3000  x range: [-6.140, 5.744]
  Generated: 2560/5120

  --- Batch 41 (64 samples) ---
  [Scheduler] Reverse step 2999/3000  x range: [-4.291, 4.414]
  [Scheduler] Reverse step 2950/3000  x range: [-4.584, 5.097]
  [Scheduler] Reverse step 2900/3000  x range: [-4.346, 4.893]
  [Scheduler] Reverse step 2850/3000  x range: [-4.599, 4.463]
  [Scheduler] Reverse step 2800/3000  x range: [-4.612, 4.384]
  [Scheduler] Reverse step 2750/3000  x range: [-4.472, 5.005]
  [Scheduler] Reverse step 2700/3000  x range: [-4.536, 4.224]
  [Scheduler] Reverse step 2650/3000  x range: [-4.346, 4.814]
  [Scheduler] Reverse step 2600/3000  x range: [-4.493, 5.140]
  [Scheduler] Reverse step 2550/3000  x range: [-5.570, 4.620]
  [Scheduler] Reverse step 2500/3000  x range: [-4.397, 5.246]
  [Scheduler] Reverse step 2450/3000  x range: [-4.647, 4.499]
  [Scheduler] Reverse step 2400/3000  x range: [-4.232, 4.673]
  [Scheduler] Reverse step 2350/3000  x range: [-4.254, 4.475]
  [Scheduler] Reverse step 2300/3000  x range: [-4.315, 4.345]
  [Scheduler] Reverse step 2250/3000  x range: [-4.367, 4.373]
  [Scheduler] Reverse step 2200/3000  x range: [-4.806, 4.564]
  [Scheduler] Reverse step 2150/3000  x range: [-4.785, 4.861]
  [Scheduler] Reverse step 2100/3000  x range: [-4.450, 4.211]
  [Scheduler] Reverse step 2050/3000  x range: [-4.370, 4.470]
  [Scheduler] Reverse step 2000/3000  x range: [-5.237, 4.456]
  [Scheduler] Reverse step 1950/3000  x range: [-4.446, 4.712]
  [Scheduler] Reverse step 1900/3000  x range: [-4.871, 4.897]
  [Scheduler] Reverse step 1850/3000  x range: [-4.675, 4.344]
  [Scheduler] Reverse step 1800/3000  x range: [-4.662, 4.322]
  [Scheduler] Reverse step 1750/3000  x range: [-4.503, 4.469]
  [Scheduler] Reverse step 1700/3000  x range: [-4.928, 4.542]
  [Scheduler] Reverse step 1650/3000  x range: [-4.347, 4.584]
  [Scheduler] Reverse step 1600/3000  x range: [-4.379, 4.653]
  [Scheduler] Reverse step 1550/3000  x range: [-4.466, 4.624]
  [Scheduler] Reverse step 1500/3000  x range: [-4.540, 4.581]
  [Scheduler] Reverse step 1450/3000  x range: [-4.339, 4.652]
  [Scheduler] Reverse step 1400/3000  x range: [-5.140, 4.968]
  [Scheduler] Reverse step 1350/3000  x range: [-4.373, 4.130]
  [Scheduler] Reverse step 1300/3000  x range: [-4.803, 4.779]
  [Scheduler] Reverse step 1250/3000  x range: [-4.820, 4.528]
  [Scheduler] Reverse step 1200/3000  x range: [-4.807, 4.421]
  [Scheduler] Reverse step 1150/3000  x range: [-4.692, 4.712]
  [Scheduler] Reverse step 1100/3000  x range: [-4.402, 4.592]
  [Scheduler] Reverse step 1050/3000  x range: [-4.606, 4.285]
  [Scheduler] Reverse step 1000/3000  x range: [-4.499, 5.085]
  [Scheduler] Reverse step 950/3000  x range: [-4.523, 5.110]
  [Scheduler] Reverse step 900/3000  x range: [-4.725, 4.530]
  [Scheduler] Reverse step 850/3000  x range: [-4.567, 4.247]
  [Scheduler] Reverse step 800/3000  x range: [-4.598, 4.252]
  [Scheduler] Reverse step 750/3000  x range: [-5.087, 4.642]
  [Scheduler] Reverse step 700/3000  x range: [-4.443, 5.022]
  [Scheduler] Reverse step 650/3000  x range: [-4.350, 5.005]
  [Scheduler] Reverse step 600/3000  x range: [-4.589, 5.035]
  [Scheduler] Reverse step 550/3000  x range: [-5.115, 5.196]
  [Scheduler] Reverse step 500/3000  x range: [-5.337, 5.657]
  [Scheduler] Reverse step 450/3000  x range: [-5.324, 5.347]
  [Scheduler] Reverse step 400/3000  x range: [-5.228, 5.226]
  [Scheduler] Reverse step 350/3000  x range: [-5.054, 5.456]
  [Scheduler] Reverse step 300/3000  x range: [-5.309, 5.579]
  [Scheduler] Reverse step 250/3000  x range: [-5.124, 5.873]
  [Scheduler] Reverse step 200/3000  x range: [-5.246, 5.307]
  [Scheduler] Reverse step 150/3000  x range: [-5.066, 5.360]
  [Scheduler] Reverse step 100/3000  x range: [-5.382, 5.386]
  [Scheduler] Reverse step  50/3000  x range: [-5.200, 5.253]
  [Scheduler] Reverse step   0/3000  x range: [-5.107, 5.191]
  Generated: 2624/5120

  --- Batch 42 (64 samples) ---
  [Scheduler] Reverse step 2999/3000  x range: [-4.353, 4.715]
  [Scheduler] Reverse step 2950/3000  x range: [-4.745, 4.624]
  [Scheduler] Reverse step 2900/3000  x range: [-4.375, 5.193]
  [Scheduler] Reverse step 2850/3000  x range: [-4.715, 4.536]
  [Scheduler] Reverse step 2800/3000  x range: [-4.832, 4.262]
  [Scheduler] Reverse step 2750/3000  x range: [-4.822, 4.521]
  [Scheduler] Reverse step 2700/3000  x range: [-5.013, 4.628]
  [Scheduler] Reverse step 2650/3000  x range: [-4.498, 4.274]
  [Scheduler] Reverse step 2600/3000  x range: [-4.297, 4.501]
  [Scheduler] Reverse step 2550/3000  x range: [-4.694, 4.742]
  [Scheduler] Reverse step 2500/3000  x range: [-5.159, 4.403]
  [Scheduler] Reverse step 2450/3000  x range: [-5.029, 4.657]
  [Scheduler] Reverse step 2400/3000  x range: [-4.518, 5.007]
  [Scheduler] Reverse step 2350/3000  x range: [-4.497, 4.484]
  [Scheduler] Reverse step 2300/3000  x range: [-4.739, 4.547]
  [Scheduler] Reverse step 2250/3000  x range: [-4.949, 5.011]
  [Scheduler] Reverse step 2200/3000  x range: [-4.650, 4.722]
  [Scheduler] Reverse step 2150/3000  x range: [-4.682, 4.620]
  [Scheduler] Reverse step 2100/3000  x range: [-4.556, 4.654]
  [Scheduler] Reverse step 2050/3000  x range: [-4.405, 4.644]
  [Scheduler] Reverse step 2000/3000  x range: [-4.740, 5.023]
  [Scheduler] Reverse step 1950/3000  x range: [-4.606, 4.351]
  [Scheduler] Reverse step 1900/3000  x range: [-4.476, 4.593]
  [Scheduler] Reverse step 1850/3000  x range: [-4.196, 4.509]
  [Scheduler] Reverse step 1800/3000  x range: [-4.272, 4.462]
  [Scheduler] Reverse step 1750/3000  x range: [-4.326, 4.280]
  [Scheduler] Reverse step 1700/3000  x range: [-4.308, 4.381]
  [Scheduler] Reverse step 1650/3000  x range: [-4.423, 4.345]
  [Scheduler] Reverse step 1600/3000  x range: [-4.547, 4.487]
  [Scheduler] Reverse step 1550/3000  x range: [-4.365, 4.260]
  [Scheduler] Reverse step 1500/3000  x range: [-4.456, 4.456]
  [Scheduler] Reverse step 1450/3000  x range: [-4.627, 4.125]
  [Scheduler] Reverse step 1400/3000  x range: [-4.417, 4.343]
  [Scheduler] Reverse step 1350/3000  x range: [-4.508, 4.714]
  [Scheduler] Reverse step 1300/3000  x range: [-4.588, 4.755]
  [Scheduler] Reverse step 1250/3000  x range: [-4.562, 4.354]
  [Scheduler] Reverse step 1200/3000  x range: [-4.576, 4.745]
  [Scheduler] Reverse step 1150/3000  x range: [-4.599, 4.717]
  [Scheduler] Reverse step 1100/3000  x range: [-4.658, 4.798]
  [Scheduler] Reverse step 1050/3000  x range: [-4.669, 5.370]
  [Scheduler] Reverse step 1000/3000  x range: [-4.979, 5.338]
  [Scheduler] Reverse step 950/3000  x range: [-5.238, 5.231]
  [Scheduler] Reverse step 900/3000  x range: [-4.709, 4.704]
  [Scheduler] Reverse step 850/3000  x range: [-4.358, 5.081]
  [Scheduler] Reverse step 800/3000  x range: [-4.169, 4.889]
  [Scheduler] Reverse step 750/3000  x range: [-4.479, 4.593]
  [Scheduler] Reverse step 700/3000  x range: [-4.516, 4.693]
  [Scheduler] Reverse step 650/3000  x range: [-4.679, 5.394]
  [Scheduler] Reverse step 600/3000  x range: [-4.817, 5.571]
  [Scheduler] Reverse step 550/3000  x range: [-4.532, 4.595]
  [Scheduler] Reverse step 500/3000  x range: [-5.193, 4.908]
  [Scheduler] Reverse step 450/3000  x range: [-4.989, 5.102]
  [Scheduler] Reverse step 400/3000  x range: [-4.978, 5.141]
  [Scheduler] Reverse step 350/3000  x range: [-5.097, 5.165]
  [Scheduler] Reverse step 300/3000  x range: [-5.208, 5.059]
  [Scheduler] Reverse step 250/3000  x range: [-5.612, 5.140]
  [Scheduler] Reverse step 200/3000  x range: [-5.486, 5.218]
  [Scheduler] Reverse step 150/3000  x range: [-5.383, 5.725]
  [Scheduler] Reverse step 100/3000  x range: [-5.648, 5.397]
  [Scheduler] Reverse step  50/3000  x range: [-5.552, 5.417]
  [Scheduler] Reverse step   0/3000  x range: [-5.519, 5.330]
  Generated: 2688/5120

  --- Batch 43 (64 samples) ---
  [Scheduler] Reverse step 2999/3000  x range: [-4.860, 4.426]
  [Scheduler] Reverse step 2950/3000  x range: [-4.706, 4.658]
  [Scheduler] Reverse step 2900/3000  x range: [-4.818, 4.475]
  [Scheduler] Reverse step 2850/3000  x range: [-4.471, 4.650]
  [Scheduler] Reverse step 2800/3000  x range: [-4.759, 4.797]
  [Scheduler] Reverse step 2750/3000  x range: [-4.798, 4.441]
  [Scheduler] Reverse step 2700/3000  x range: [-4.712, 4.691]
  [Scheduler] Reverse step 2650/3000  x range: [-4.700, 4.404]
  [Scheduler] Reverse step 2600/3000  x range: [-4.416, 4.583]
  [Scheduler] Reverse step 2550/3000  x range: [-4.487, 5.033]
  [Scheduler] Reverse step 2500/3000  x range: [-4.277, 4.400]
  [Scheduler] Reverse step 2450/3000  x range: [-4.574, 4.841]
  [Scheduler] Reverse step 2400/3000  x range: [-5.119, 4.287]
  [Scheduler] Reverse step 2350/3000  x range: [-4.671, 4.840]
  [Scheduler] Reverse step 2300/3000  x range: [-4.689, 4.527]
  [Scheduler] Reverse step 2250/3000  x range: [-4.762, 4.440]
  [Scheduler] Reverse step 2200/3000  x range: [-4.577, 4.621]
  [Scheduler] Reverse step 2150/3000  x range: [-4.425, 4.443]
  [Scheduler] Reverse step 2100/3000  x range: [-4.320, 4.727]
  [Scheduler] Reverse step 2050/3000  x range: [-4.441, 4.666]
  [Scheduler] Reverse step 2000/3000  x range: [-4.855, 5.387]
  [Scheduler] Reverse step 1950/3000  x range: [-4.419, 4.435]
  [Scheduler] Reverse step 1900/3000  x range: [-4.340, 4.667]
  [Scheduler] Reverse step 1850/3000  x range: [-4.486, 5.260]
  [Scheduler] Reverse step 1800/3000  x range: [-4.633, 4.304]
  [Scheduler] Reverse step 1750/3000  x range: [-4.669, 4.082]
  [Scheduler] Reverse step 1700/3000  x range: [-5.026, 4.562]
  [Scheduler] Reverse step 1650/3000  x range: [-4.607, 4.574]
  [Scheduler] Reverse step 1600/3000  x range: [-4.612, 4.330]
  [Scheduler] Reverse step 1550/3000  x range: [-4.247, 4.628]
  [Scheduler] Reverse step 1500/3000  x range: [-4.912, 4.051]
  [Scheduler] Reverse step 1450/3000  x range: [-4.266, 4.643]
  [Scheduler] Reverse step 1400/3000  x range: [-4.287, 4.402]
  [Scheduler] Reverse step 1350/3000  x range: [-4.509, 4.257]
  [Scheduler] Reverse step 1300/3000  x range: [-4.431, 4.195]
  [Scheduler] Reverse step 1250/3000  x range: [-4.503, 4.406]
  [Scheduler] Reverse step 1200/3000  x range: [-4.805, 4.380]
  [Scheduler] Reverse step 1150/3000  x range: [-4.851, 4.548]
  [Scheduler] Reverse step 1100/3000  x range: [-4.651, 4.654]
  [Scheduler] Reverse step 1050/3000  x range: [-4.844, 4.544]
  [Scheduler] Reverse step 1000/3000  x range: [-5.274, 4.679]
  [Scheduler] Reverse step 950/3000  x range: [-4.834, 4.461]
  [Scheduler] Reverse step 900/3000  x range: [-4.368, 5.371]
  [Scheduler] Reverse step 850/3000  x range: [-4.592, 4.796]
  [Scheduler] Reverse step 800/3000  x range: [-4.642, 4.245]
  [Scheduler] Reverse step 750/3000  x range: [-5.082, 4.668]
  [Scheduler] Reverse step 700/3000  x range: [-5.328, 4.696]
  [Scheduler] Reverse step 650/3000  x range: [-4.575, 4.561]
  [Scheduler] Reverse step 600/3000  x range: [-4.890, 4.839]
  [Scheduler] Reverse step 550/3000  x range: [-5.104, 5.357]
  [Scheduler] Reverse step 500/3000  x range: [-4.972, 5.262]
  [Scheduler] Reverse step 450/3000  x range: [-5.496, 5.240]
  [Scheduler] Reverse step 400/3000  x range: [-5.660, 5.270]
  [Scheduler] Reverse step 350/3000  x range: [-5.590, 5.622]
  [Scheduler] Reverse step 300/3000  x range: [-5.850, 5.409]
  [Scheduler] Reverse step 250/3000  x range: [-5.642, 5.448]
  [Scheduler] Reverse step 200/3000  x range: [-5.456, 5.359]
  [Scheduler] Reverse step 150/3000  x range: [-5.710, 5.247]
  [Scheduler] Reverse step 100/3000  x range: [-5.686, 5.146]
  [Scheduler] Reverse step  50/3000  x range: [-5.666, 5.248]
  [Scheduler] Reverse step   0/3000  x range: [-5.410, 5.073]
  Generated: 2752/5120

  --- Batch 44 (64 samples) ---
  [Scheduler] Reverse step 2999/3000  x range: [-4.273, 4.439]
  [Scheduler] Reverse step 2950/3000  x range: [-4.708, 4.697]
  [Scheduler] Reverse step 2900/3000  x range: [-4.671, 4.809]
  [Scheduler] Reverse step 2850/3000  x range: [-4.226, 4.687]
  [Scheduler] Reverse step 2800/3000  x range: [-4.214, 4.788]
  [Scheduler] Reverse step 2750/3000  x range: [-4.714, 4.446]
  [Scheduler] Reverse step 2700/3000  x range: [-4.565, 4.125]
  [Scheduler] Reverse step 2650/3000  x range: [-4.671, 4.139]
  [Scheduler] Reverse step 2600/3000  x range: [-4.505, 4.479]
  [Scheduler] Reverse step 2550/3000  x range: [-4.687, 4.423]
  [Scheduler] Reverse step 2500/3000  x range: [-4.607, 4.249]
  [Scheduler] Reverse step 2450/3000  x range: [-4.579, 4.438]
  [Scheduler] Reverse step 2400/3000  x range: [-4.427, 4.825]
  [Scheduler] Reverse step 2350/3000  x range: [-4.443, 5.141]
  [Scheduler] Reverse step 2300/3000  x range: [-4.658, 4.501]
  [Scheduler] Reverse step 2250/3000  x range: [-4.603, 4.450]
  [Scheduler] Reverse step 2200/3000  x range: [-4.356, 5.075]
  [Scheduler] Reverse step 2150/3000  x range: [-4.328, 4.410]
  [Scheduler] Reverse step 2100/3000  x range: [-4.811, 4.673]
  [Scheduler] Reverse step 2050/3000  x range: [-4.855, 4.470]
  [Scheduler] Reverse step 2000/3000  x range: [-4.404, 4.398]
  [Scheduler] Reverse step 1950/3000  x range: [-4.707, 4.342]
  [Scheduler] Reverse step 1900/3000  x range: [-4.383, 4.737]
  [Scheduler] Reverse step 1850/3000  x range: [-4.355, 4.922]
  [Scheduler] Reverse step 1800/3000  x range: [-4.531, 4.233]
  [Scheduler] Reverse step 1750/3000  x range: [-4.283, 4.713]
  [Scheduler] Reverse step 1700/3000  x range: [-4.409, 4.602]
  [Scheduler] Reverse step 1650/3000  x range: [-4.334, 4.841]
  [Scheduler] Reverse step 1600/3000  x range: [-4.505, 4.939]
  [Scheduler] Reverse step 1550/3000  x range: [-4.540, 4.388]
  [Scheduler] Reverse step 1500/3000  x range: [-4.295, 4.720]
  [Scheduler] Reverse step 1450/3000  x range: [-4.477, 5.100]
  [Scheduler] Reverse step 1400/3000  x range: [-4.475, 5.021]
  [Scheduler] Reverse step 1350/3000  x range: [-4.629, 4.408]
  [Scheduler] Reverse step 1300/3000  x range: [-4.582, 4.558]
  [Scheduler] Reverse step 1250/3000  x range: [-4.437, 4.487]
  [Scheduler] Reverse step 1200/3000  x range: [-4.563, 4.655]
  [Scheduler] Reverse step 1150/3000  x range: [-4.411, 4.694]
  [Scheduler] Reverse step 1100/3000  x range: [-4.422, 4.473]
  [Scheduler] Reverse step 1050/3000  x range: [-4.417, 4.587]
  [Scheduler] Reverse step 1000/3000  x range: [-4.806, 4.467]
  [Scheduler] Reverse step 950/3000  x range: [-5.228, 4.395]
  [Scheduler] Reverse step 900/3000  x range: [-5.733, 4.262]
  [Scheduler] Reverse step 850/3000  x range: [-5.271, 4.627]
  [Scheduler] Reverse step 800/3000  x range: [-4.399, 4.477]
  [Scheduler] Reverse step 750/3000  x range: [-4.176, 4.577]
  [Scheduler] Reverse step 700/3000  x range: [-4.736, 4.559]
  [Scheduler] Reverse step 650/3000  x range: [-4.332, 4.600]
  [Scheduler] Reverse step 600/3000  x range: [-4.560, 5.284]
  [Scheduler] Reverse step 550/3000  x range: [-4.640, 5.273]
  [Scheduler] Reverse step 500/3000  x range: [-4.881, 5.438]
  [Scheduler] Reverse step 450/3000  x range: [-5.122, 6.334]
  [Scheduler] Reverse step 400/3000  x range: [-5.476, 5.969]
  [Scheduler] Reverse step 350/3000  x range: [-5.521, 5.599]
  [Scheduler] Reverse step 300/3000  x range: [-5.573, 5.252]
  [Scheduler] Reverse step 250/3000  x range: [-5.455, 5.572]
  [Scheduler] Reverse step 200/3000  x range: [-5.617, 5.664]
  [Scheduler] Reverse step 150/3000  x range: [-5.867, 5.631]
  [Scheduler] Reverse step 100/3000  x range: [-5.372, 5.819]
  [Scheduler] Reverse step  50/3000  x range: [-5.385, 5.645]
  [Scheduler] Reverse step   0/3000  x range: [-5.377, 5.024]
  Generated: 2816/5120

  --- Batch 45 (64 samples) ---
  [Scheduler] Reverse step 2999/3000  x range: [-4.374, 4.778]
  [Scheduler] Reverse step 2950/3000  x range: [-4.622, 4.564]
  [Scheduler] Reverse step 2900/3000  x range: [-4.331, 4.432]
  [Scheduler] Reverse step 2850/3000  x range: [-4.572, 4.411]
  [Scheduler] Reverse step 2800/3000  x range: [-4.540, 4.624]
  [Scheduler] Reverse step 2750/3000  x range: [-4.409, 4.720]
  [Scheduler] Reverse step 2700/3000  x range: [-4.284, 4.471]
  [Scheduler] Reverse step 2650/3000  x range: [-4.182, 4.242]
  [Scheduler] Reverse step 2600/3000  x range: [-4.564, 4.909]
  [Scheduler] Reverse step 2550/3000  x range: [-4.682, 4.990]
  [Scheduler] Reverse step 2500/3000  x range: [-4.394, 4.892]
  [Scheduler] Reverse step 2450/3000  x range: [-4.624, 4.543]
  [Scheduler] Reverse step 2400/3000  x range: [-4.311, 4.489]
  [Scheduler] Reverse step 2350/3000  x range: [-4.364, 4.389]
  [Scheduler] Reverse step 2300/3000  x range: [-4.355, 4.362]
  [Scheduler] Reverse step 2250/3000  x range: [-4.929, 4.820]
  [Scheduler] Reverse step 2200/3000  x range: [-4.680, 4.626]
  [Scheduler] Reverse step 2150/3000  x range: [-4.294, 4.685]
  [Scheduler] Reverse step 2100/3000  x range: [-4.647, 4.785]
  [Scheduler] Reverse step 2050/3000  x range: [-4.393, 4.634]
  [Scheduler] Reverse step 2000/3000  x range: [-4.323, 5.085]
  [Scheduler] Reverse step 1950/3000  x range: [-4.657, 4.437]
  [Scheduler] Reverse step 1900/3000  x range: [-4.454, 4.834]
  [Scheduler] Reverse step 1850/3000  x range: [-4.621, 4.790]
  [Scheduler] Reverse step 1800/3000  x range: [-5.109, 4.504]
  [Scheduler] Reverse step 1750/3000  x range: [-4.818, 4.578]
  [Scheduler] Reverse step 1700/3000  x range: [-4.787, 4.408]
  [Scheduler] Reverse step 1650/3000  x range: [-4.508, 5.074]
  [Scheduler] Reverse step 1600/3000  x range: [-4.535, 4.381]
  [Scheduler] Reverse step 1550/3000  x range: [-4.812, 4.656]
  [Scheduler] Reverse step 1500/3000  x range: [-4.067, 4.764]
  [Scheduler] Reverse step 1450/3000  x range: [-4.543, 4.585]
  [Scheduler] Reverse step 1400/3000  x range: [-4.541, 4.413]
  [Scheduler] Reverse step 1350/3000  x range: [-4.887, 4.372]
  [Scheduler] Reverse step 1300/3000  x range: [-5.252, 4.202]
  [Scheduler] Reverse step 1250/3000  x range: [-4.895, 4.314]
  [Scheduler] Reverse step 1200/3000  x range: [-5.184, 4.210]
  [Scheduler] Reverse step 1150/3000  x range: [-4.570, 4.296]
  [Scheduler] Reverse step 1100/3000  x range: [-4.497, 4.253]
  [Scheduler] Reverse step 1050/3000  x range: [-4.481, 4.278]
  [Scheduler] Reverse step 1000/3000  x range: [-4.204, 4.390]
  [Scheduler] Reverse step 950/3000  x range: [-4.649, 4.832]
  [Scheduler] Reverse step 900/3000  x range: [-4.644, 4.828]
  [Scheduler] Reverse step 850/3000  x range: [-4.736, 4.697]
  [Scheduler] Reverse step 800/3000  x range: [-4.736, 4.332]
  [Scheduler] Reverse step 750/3000  x range: [-4.841, 4.684]
  [Scheduler] Reverse step 700/3000  x range: [-4.445, 4.535]
  [Scheduler] Reverse step 650/3000  x range: [-4.781, 5.383]
  [Scheduler] Reverse step 600/3000  x range: [-4.572, 5.140]
  [Scheduler] Reverse step 550/3000  x range: [-5.063, 4.821]
  [Scheduler] Reverse step 500/3000  x range: [-5.096, 4.962]
  [Scheduler] Reverse step 450/3000  x range: [-4.908, 5.557]
  [Scheduler] Reverse step 400/3000  x range: [-5.073, 6.061]
  [Scheduler] Reverse step 350/3000  x range: [-5.445, 5.656]
  [Scheduler] Reverse step 300/3000  x range: [-5.663, 5.595]
  [Scheduler] Reverse step 250/3000  x range: [-5.613, 5.291]
  [Scheduler] Reverse step 200/3000  x range: [-5.439, 5.569]
  [Scheduler] Reverse step 150/3000  x range: [-5.318, 5.309]
  [Scheduler] Reverse step 100/3000  x range: [-5.217, 5.232]
  [Scheduler] Reverse step  50/3000  x range: [-5.179, 5.233]
  [Scheduler] Reverse step   0/3000  x range: [-5.244, 5.103]
  Generated: 2880/5120

  --- Batch 46 (64 samples) ---
  [Scheduler] Reverse step 2999/3000  x range: [-4.405, 4.778]
  [Scheduler] Reverse step 2950/3000  x range: [-4.544, 4.566]
  [Scheduler] Reverse step 2900/3000  x range: [-4.427, 4.848]
  [Scheduler] Reverse step 2850/3000  x range: [-4.375, 5.851]
  [Scheduler] Reverse step 2800/3000  x range: [-4.740, 4.951]
  [Scheduler] Reverse step 2750/3000  x range: [-4.986, 5.253]
  [Scheduler] Reverse step 2700/3000  x range: [-4.274, 5.708]
  [Scheduler] Reverse step 2650/3000  x range: [-4.523, 4.418]
  [Scheduler] Reverse step 2600/3000  x range: [-4.535, 4.612]
  [Scheduler] Reverse step 2550/3000  x range: [-4.493, 4.589]
  [Scheduler] Reverse step 2500/3000  x range: [-4.510, 4.886]
  [Scheduler] Reverse step 2450/3000  x range: [-4.461, 4.694]
  [Scheduler] Reverse step 2400/3000  x range: [-4.849, 4.408]
  [Scheduler] Reverse step 2350/3000  x range: [-4.830, 4.719]
  [Scheduler] Reverse step 2300/3000  x range: [-5.025, 5.046]
  [Scheduler] Reverse step 2250/3000  x range: [-4.624, 4.447]
  [Scheduler] Reverse step 2200/3000  x range: [-4.575, 4.598]
  [Scheduler] Reverse step 2150/3000  x range: [-4.512, 4.777]
  [Scheduler] Reverse step 2100/3000  x range: [-4.568, 4.210]
  [Scheduler] Reverse step 2050/3000  x range: [-4.250, 4.430]
  [Scheduler] Reverse step 2000/3000  x range: [-4.218, 4.373]
  [Scheduler] Reverse step 1950/3000  x range: [-4.522, 4.719]
  [Scheduler] Reverse step 1900/3000  x range: [-4.371, 4.463]
  [Scheduler] Reverse step 1850/3000  x range: [-4.439, 4.647]
  [Scheduler] Reverse step 1800/3000  x range: [-4.867, 4.334]
  [Scheduler] Reverse step 1750/3000  x range: [-4.677, 4.288]
  [Scheduler] Reverse step 1700/3000  x range: [-4.158, 4.496]
  [Scheduler] Reverse step 1650/3000  x range: [-4.514, 4.238]
  [Scheduler] Reverse step 1600/3000  x range: [-5.098, 4.694]
  [Scheduler] Reverse step 1550/3000  x range: [-4.235, 4.278]
  [Scheduler] Reverse step 1500/3000  x range: [-4.257, 4.591]
  [Scheduler] Reverse step 1450/3000  x range: [-4.585, 4.851]
  [Scheduler] Reverse step 1400/3000  x range: [-4.516, 4.423]
  [Scheduler] Reverse step 1350/3000  x range: [-4.216, 4.394]
  [Scheduler] Reverse step 1300/3000  x range: [-4.462, 4.722]
  [Scheduler] Reverse step 1250/3000  x range: [-4.814, 4.322]
  [Scheduler] Reverse step 1200/3000  x range: [-4.848, 4.213]
  [Scheduler] Reverse step 1150/3000  x range: [-4.680, 4.305]
  [Scheduler] Reverse step 1100/3000  x range: [-4.440, 4.637]
  [Scheduler] Reverse step 1050/3000  x range: [-4.578, 4.207]
  [Scheduler] Reverse step 1000/3000  x range: [-4.705, 4.255]
  [Scheduler] Reverse step 950/3000  x range: [-5.360, 4.537]
  [Scheduler] Reverse step 900/3000  x range: [-4.305, 4.854]
  [Scheduler] Reverse step 850/3000  x range: [-4.539, 4.520]
  [Scheduler] Reverse step 800/3000  x range: [-4.617, 4.562]
  [Scheduler] Reverse step 750/3000  x range: [-4.959, 4.554]
  [Scheduler] Reverse step 700/3000  x range: [-5.408, 5.020]
  [Scheduler] Reverse step 650/3000  x range: [-5.439, 4.323]
  [Scheduler] Reverse step 600/3000  x range: [-4.953, 4.877]
  [Scheduler] Reverse step 550/3000  x range: [-5.483, 5.494]
  [Scheduler] Reverse step 500/3000  x range: [-6.014, 5.419]
  [Scheduler] Reverse step 450/3000  x range: [-6.191, 5.342]
  [Scheduler] Reverse step 400/3000  x range: [-5.717, 5.310]
  [Scheduler] Reverse step 350/3000  x range: [-5.624, 5.415]
  [Scheduler] Reverse step 300/3000  x range: [-5.539, 5.347]
  [Scheduler] Reverse step 250/3000  x range: [-5.412, 5.174]
  [Scheduler] Reverse step 200/3000  x range: [-5.369, 5.450]
  [Scheduler] Reverse step 150/3000  x range: [-5.272, 5.172]
  [Scheduler] Reverse step 100/3000  x range: [-5.152, 5.201]
  [Scheduler] Reverse step  50/3000  x range: [-5.082, 5.149]
  [Scheduler] Reverse step   0/3000  x range: [-5.009, 4.986]
  Generated: 2944/5120

  --- Batch 47 (64 samples) ---
  [Scheduler] Reverse step 2999/3000  x range: [-4.503, 4.619]
  [Scheduler] Reverse step 2950/3000  x range: [-4.569, 4.193]
  [Scheduler] Reverse step 2900/3000  x range: [-4.706, 4.518]
  [Scheduler] Reverse step 2850/3000  x range: [-4.736, 4.583]
  [Scheduler] Reverse step 2800/3000  x range: [-4.644, 4.508]
  [Scheduler] Reverse step 2750/3000  x range: [-4.459, 4.655]
  [Scheduler] Reverse step 2700/3000  x range: [-4.242, 4.277]
  [Scheduler] Reverse step 2650/3000  x range: [-4.505, 4.247]
  [Scheduler] Reverse step 2600/3000  x range: [-4.592, 4.857]
  [Scheduler] Reverse step 2550/3000  x range: [-4.798, 4.130]
  [Scheduler] Reverse step 2500/3000  x range: [-4.990, 4.710]
  [Scheduler] Reverse step 2450/3000  x range: [-4.214, 4.869]
  [Scheduler] Reverse step 2400/3000  x range: [-4.513, 4.687]
  [Scheduler] Reverse step 2350/3000  x range: [-4.451, 4.841]
  [Scheduler] Reverse step 2300/3000  x range: [-4.632, 4.488]
  [Scheduler] Reverse step 2250/3000  x range: [-4.714, 4.526]
  [Scheduler] Reverse step 2200/3000  x range: [-4.497, 4.395]
  [Scheduler] Reverse step 2150/3000  x range: [-4.479, 4.701]
  [Scheduler] Reverse step 2100/3000  x range: [-4.723, 4.434]
  [Scheduler] Reverse step 2050/3000  x range: [-5.961, 4.788]
  [Scheduler] Reverse step 2000/3000  x range: [-4.406, 4.355]
  [Scheduler] Reverse step 1950/3000  x range: [-4.284, 4.774]
  [Scheduler] Reverse step 1900/3000  x range: [-4.388, 4.623]
  [Scheduler] Reverse step 1850/3000  x range: [-4.585, 4.352]
  [Scheduler] Reverse step 1800/3000  x range: [-4.148, 4.556]
  [Scheduler] Reverse step 1750/3000  x range: [-4.492, 4.450]
  [Scheduler] Reverse step 1700/3000  x range: [-4.108, 4.173]
  [Scheduler] Reverse step 1650/3000  x range: [-4.508, 4.723]
  [Scheduler] Reverse step 1600/3000  x range: [-4.338, 5.202]
  [Scheduler] Reverse step 1550/3000  x range: [-4.818, 4.477]
  [Scheduler] Reverse step 1500/3000  x range: [-4.451, 4.339]
  [Scheduler] Reverse step 1450/3000  x range: [-4.461, 4.434]
  [Scheduler] Reverse step 1400/3000  x range: [-4.597, 4.420]
  [Scheduler] Reverse step 1350/3000  x range: [-4.857, 4.832]
  [Scheduler] Reverse step 1300/3000  x range: [-4.811, 4.734]
  [Scheduler] Reverse step 1250/3000  x range: [-5.207, 4.679]
  [Scheduler] Reverse step 1200/3000  x range: [-4.707, 4.620]
  [Scheduler] Reverse step 1150/3000  x range: [-4.691, 4.443]
  [Scheduler] Reverse step 1100/3000  x range: [-4.374, 4.331]
  [Scheduler] Reverse step 1050/3000  x range: [-4.503, 4.789]
  [Scheduler] Reverse step 1000/3000  x range: [-4.444, 4.448]
  [Scheduler] Reverse step 950/3000  x range: [-4.305, 4.546]
  [Scheduler] Reverse step 900/3000  x range: [-4.465, 4.462]
  [Scheduler] Reverse step 850/3000  x range: [-4.766, 4.598]
  [Scheduler] Reverse step 800/3000  x range: [-4.436, 4.539]
  [Scheduler] Reverse step 750/3000  x range: [-4.452, 4.339]
  [Scheduler] Reverse step 700/3000  x range: [-4.561, 4.504]
  [Scheduler] Reverse step 650/3000  x range: [-4.511, 4.544]
  [Scheduler] Reverse step 600/3000  x range: [-4.653, 4.753]
  [Scheduler] Reverse step 550/3000  x range: [-5.044, 5.375]
  [Scheduler] Reverse step 500/3000  x range: [-5.567, 5.327]
  [Scheduler] Reverse step 450/3000  x range: [-5.669, 5.302]
  [Scheduler] Reverse step 400/3000  x range: [-5.665, 5.451]
  [Scheduler] Reverse step 350/3000  x range: [-5.258, 5.594]
  [Scheduler] Reverse step 300/3000  x range: [-5.415, 5.916]
  [Scheduler] Reverse step 250/3000  x range: [-5.711, 6.227]
  [Scheduler] Reverse step 200/3000  x range: [-5.406, 5.462]
  [Scheduler] Reverse step 150/3000  x range: [-5.338, 5.519]
  [Scheduler] Reverse step 100/3000  x range: [-5.204, 5.195]
  [Scheduler] Reverse step  50/3000  x range: [-5.314, 5.124]
  [Scheduler] Reverse step   0/3000  x range: [-5.160, 5.077]
  Generated: 3008/5120

  --- Batch 48 (64 samples) ---
  [Scheduler] Reverse step 2999/3000  x range: [-4.471, 4.672]
  [Scheduler] Reverse step 2950/3000  x range: [-5.087, 5.034]
  [Scheduler] Reverse step 2900/3000  x range: [-4.909, 4.786]
  [Scheduler] Reverse step 2850/3000  x range: [-4.696, 4.433]
  [Scheduler] Reverse step 2800/3000  x range: [-5.156, 4.454]
  [Scheduler] Reverse step 2750/3000  x range: [-4.535, 4.739]
  [Scheduler] Reverse step 2700/3000  x range: [-4.532, 4.650]
  [Scheduler] Reverse step 2650/3000  x range: [-4.874, 4.286]
  [Scheduler] Reverse step 2600/3000  x range: [-4.836, 4.574]
  [Scheduler] Reverse step 2550/3000  x range: [-4.702, 4.475]
  [Scheduler] Reverse step 2500/3000  x range: [-4.495, 4.690]
  [Scheduler] Reverse step 2450/3000  x range: [-4.463, 4.673]
  [Scheduler] Reverse step 2400/3000  x range: [-4.620, 4.764]
  [Scheduler] Reverse step 2350/3000  x range: [-4.526, 4.793]
  [Scheduler] Reverse step 2300/3000  x range: [-4.597, 4.582]
  [Scheduler] Reverse step 2250/3000  x range: [-4.550, 4.812]
  [Scheduler] Reverse step 2200/3000  x range: [-4.761, 4.399]
  [Scheduler] Reverse step 2150/3000  x range: [-4.378, 4.316]
  [Scheduler] Reverse step 2100/3000  x range: [-4.515, 4.176]
  [Scheduler] Reverse step 2050/3000  x range: [-4.360, 4.235]
  [Scheduler] Reverse step 2000/3000  x range: [-4.616, 4.350]
  [Scheduler] Reverse step 1950/3000  x range: [-4.577, 4.240]
  [Scheduler] Reverse step 1900/3000  x range: [-4.272, 5.016]
  [Scheduler] Reverse step 1850/3000  x range: [-4.388, 4.455]
  [Scheduler] Reverse step 1800/3000  x range: [-4.553, 4.540]
  [Scheduler] Reverse step 1750/3000  x range: [-4.459, 4.488]
  [Scheduler] Reverse step 1700/3000  x range: [-4.723, 4.712]
  [Scheduler] Reverse step 1650/3000  x range: [-4.424, 4.732]
  [Scheduler] Reverse step 1600/3000  x range: [-4.480, 5.218]
  [Scheduler] Reverse step 1550/3000  x range: [-4.716, 4.623]
  [Scheduler] Reverse step 1500/3000  x range: [-4.919, 4.538]
  [Scheduler] Reverse step 1450/3000  x range: [-4.459, 4.667]
  [Scheduler] Reverse step 1400/3000  x range: [-4.844, 4.238]
  [Scheduler] Reverse step 1350/3000  x range: [-4.486, 4.497]
  [Scheduler] Reverse step 1300/3000  x range: [-4.431, 4.605]
  [Scheduler] Reverse step 1250/3000  x range: [-4.339, 5.125]
  [Scheduler] Reverse step 1200/3000  x range: [-4.583, 4.629]
  [Scheduler] Reverse step 1150/3000  x range: [-4.688, 4.441]
  [Scheduler] Reverse step 1100/3000  x range: [-4.450, 4.338]
  [Scheduler] Reverse step 1050/3000  x range: [-4.582, 4.481]
  [Scheduler] Reverse step 1000/3000  x range: [-4.338, 4.874]
  [Scheduler] Reverse step 950/3000  x range: [-4.682, 4.579]
  [Scheduler] Reverse step 900/3000  x range: [-4.308, 4.523]
  [Scheduler] Reverse step 850/3000  x range: [-4.463, 4.780]
  [Scheduler] Reverse step 800/3000  x range: [-4.711, 4.403]
  [Scheduler] Reverse step 750/3000  x range: [-4.994, 4.414]
  [Scheduler] Reverse step 700/3000  x range: [-4.874, 4.772]
  [Scheduler] Reverse step 650/3000  x range: [-4.740, 5.046]
  [Scheduler] Reverse step 600/3000  x range: [-5.093, 5.164]
  [Scheduler] Reverse step 550/3000  x range: [-5.652, 5.298]
  [Scheduler] Reverse step 500/3000  x range: [-5.453, 5.531]
  [Scheduler] Reverse step 450/3000  x range: [-5.786, 5.173]
  [Scheduler] Reverse step 400/3000  x range: [-5.513, 5.374]
  [Scheduler] Reverse step 350/3000  x range: [-5.421, 5.426]
  [Scheduler] Reverse step 300/3000  x range: [-5.638, 5.502]
  [Scheduler] Reverse step 250/3000  x range: [-5.290, 5.407]
  [Scheduler] Reverse step 200/3000  x range: [-5.348, 5.642]
  [Scheduler] Reverse step 150/3000  x range: [-5.425, 5.159]
  [Scheduler] Reverse step 100/3000  x range: [-5.294, 5.296]
  [Scheduler] Reverse step  50/3000  x range: [-5.060, 5.061]
  [Scheduler] Reverse step   0/3000  x range: [-4.983, 4.984]
  Generated: 3072/5120

  --- Batch 49 (64 samples) ---
  [Scheduler] Reverse step 2999/3000  x range: [-4.491, 4.174]
  [Scheduler] Reverse step 2950/3000  x range: [-4.543, 4.320]
  [Scheduler] Reverse step 2900/3000  x range: [-4.809, 4.409]
  [Scheduler] Reverse step 2850/3000  x range: [-4.696, 4.637]
  [Scheduler] Reverse step 2800/3000  x range: [-4.513, 4.352]
  [Scheduler] Reverse step 2750/3000  x range: [-4.612, 4.250]
  [Scheduler] Reverse step 2700/3000  x range: [-4.728, 4.420]
  [Scheduler] Reverse step 2650/3000  x range: [-5.035, 4.107]
  [Scheduler] Reverse step 2600/3000  x range: [-4.681, 4.452]
  [Scheduler] Reverse step 2550/3000  x range: [-4.774, 4.836]
  [Scheduler] Reverse step 2500/3000  x range: [-4.318, 4.343]
  [Scheduler] Reverse step 2450/3000  x range: [-4.472, 4.683]
  [Scheduler] Reverse step 2400/3000  x range: [-4.297, 4.490]
  [Scheduler] Reverse step 2350/3000  x range: [-4.368, 4.787]
  [Scheduler] Reverse step 2300/3000  x range: [-4.790, 4.593]
  [Scheduler] Reverse step 2250/3000  x range: [-5.288, 5.150]
  [Scheduler] Reverse step 2200/3000  x range: [-4.241, 4.235]
  [Scheduler] Reverse step 2150/3000  x range: [-4.696, 4.590]
  [Scheduler] Reverse step 2100/3000  x range: [-4.558, 4.350]
  [Scheduler] Reverse step 2050/3000  x range: [-4.907, 4.569]
  [Scheduler] Reverse step 2000/3000  x range: [-4.354, 4.293]
  [Scheduler] Reverse step 1950/3000  x range: [-4.660, 4.458]
  [Scheduler] Reverse step 1900/3000  x range: [-4.453, 4.829]
  [Scheduler] Reverse step 1850/3000  x range: [-4.448, 4.657]
  [Scheduler] Reverse step 1800/3000  x range: [-4.800, 4.494]
  [Scheduler] Reverse step 1750/3000  x range: [-4.490, 4.379]
  [Scheduler] Reverse step 1700/3000  x range: [-4.586, 4.976]
  [Scheduler] Reverse step 1650/3000  x range: [-4.377, 4.044]
  [Scheduler] Reverse step 1600/3000  x range: [-4.504, 4.853]
  [Scheduler] Reverse step 1550/3000  x range: [-4.534, 4.827]
  [Scheduler] Reverse step 1500/3000  x range: [-4.227, 4.741]
  [Scheduler] Reverse step 1450/3000  x range: [-4.573, 4.729]
  [Scheduler] Reverse step 1400/3000  x range: [-4.586, 4.183]
  [Scheduler] Reverse step 1350/3000  x range: [-4.763, 4.518]
  [Scheduler] Reverse step 1300/3000  x range: [-4.383, 4.523]
  [Scheduler] Reverse step 1250/3000  x range: [-4.337, 4.664]
  [Scheduler] Reverse step 1200/3000  x range: [-4.542, 4.902]
  [Scheduler] Reverse step 1150/3000  x range: [-4.765, 5.349]
  [Scheduler] Reverse step 1100/3000  x range: [-4.483, 5.661]
  [Scheduler] Reverse step 1050/3000  x range: [-4.654, 4.603]
  [Scheduler] Reverse step 1000/3000  x range: [-4.835, 4.955]
  [Scheduler] Reverse step 950/3000  x range: [-5.082, 4.442]
  [Scheduler] Reverse step 900/3000  x range: [-4.525, 4.312]
  [Scheduler] Reverse step 850/3000  x range: [-4.436, 4.838]
  [Scheduler] Reverse step 800/3000  x range: [-4.947, 4.363]
  [Scheduler] Reverse step 750/3000  x range: [-4.639, 4.463]
  [Scheduler] Reverse step 700/3000  x range: [-4.995, 4.450]
  [Scheduler] Reverse step 650/3000  x range: [-4.707, 4.360]
  [Scheduler] Reverse step 600/3000  x range: [-4.417, 4.941]
  [Scheduler] Reverse step 550/3000  x range: [-4.977, 5.151]
  [Scheduler] Reverse step 500/3000  x range: [-5.226, 5.758]
  [Scheduler] Reverse step 450/3000  x range: [-5.322, 5.464]
  [Scheduler] Reverse step 400/3000  x range: [-5.432, 5.324]
  [Scheduler] Reverse step 350/3000  x range: [-5.571, 5.599]
  [Scheduler] Reverse step 300/3000  x range: [-5.319, 5.523]
  [Scheduler] Reverse step 250/3000  x range: [-5.511, 5.891]
  [Scheduler] Reverse step 200/3000  x range: [-5.542, 5.623]
  [Scheduler] Reverse step 150/3000  x range: [-5.611, 6.186]
  [Scheduler] Reverse step 100/3000  x range: [-5.523, 6.105]
  [Scheduler] Reverse step  50/3000  x range: [-5.779, 5.563]
  [Scheduler] Reverse step   0/3000  x range: [-5.690, 5.322]
  Generated: 3136/5120

  --- Batch 50 (64 samples) ---
  [Scheduler] Reverse step 2999/3000  x range: [-4.323, 4.321]
  [Scheduler] Reverse step 2950/3000  x range: [-4.807, 5.498]
  [Scheduler] Reverse step 2900/3000  x range: [-4.787, 4.709]
  [Scheduler] Reverse step 2850/3000  x range: [-4.810, 4.615]
  [Scheduler] Reverse step 2800/3000  x range: [-4.576, 4.804]
  [Scheduler] Reverse step 2750/3000  x range: [-4.556, 4.446]
  [Scheduler] Reverse step 2700/3000  x range: [-4.517, 4.644]
  [Scheduler] Reverse step 2650/3000  x range: [-4.359, 4.351]
  [Scheduler] Reverse step 2600/3000  x range: [-4.992, 5.012]
  [Scheduler] Reverse step 2550/3000  x range: [-4.312, 4.222]
  [Scheduler] Reverse step 2500/3000  x range: [-4.654, 4.371]
  [Scheduler] Reverse step 2450/3000  x range: [-4.773, 4.409]
  [Scheduler] Reverse step 2400/3000  x range: [-4.693, 4.641]
  [Scheduler] Reverse step 2350/3000  x range: [-5.113, 4.566]
  [Scheduler] Reverse step 2300/3000  x range: [-4.686, 4.286]
  [Scheduler] Reverse step 2250/3000  x range: [-4.269, 4.581]
  [Scheduler] Reverse step 2200/3000  x range: [-4.538, 4.356]
  [Scheduler] Reverse step 2150/3000  x range: [-4.728, 4.554]
  [Scheduler] Reverse step 2100/3000  x range: [-4.954, 4.492]
  [Scheduler] Reverse step 2050/3000  x range: [-4.347, 4.729]
  [Scheduler] Reverse step 2000/3000  x range: [-4.519, 5.256]
  [Scheduler] Reverse step 1950/3000  x range: [-4.999, 4.235]
  [Scheduler] Reverse step 1900/3000  x range: [-5.072, 4.656]
  [Scheduler] Reverse step 1850/3000  x range: [-4.443, 4.758]
  [Scheduler] Reverse step 1800/3000  x range: [-4.522, 4.412]
  [Scheduler] Reverse step 1750/3000  x range: [-4.853, 4.158]
  [Scheduler] Reverse step 1700/3000  x range: [-4.508, 4.431]
  [Scheduler] Reverse step 1650/3000  x range: [-4.641, 4.384]
  [Scheduler] Reverse step 1600/3000  x range: [-4.605, 4.373]
  [Scheduler] Reverse step 1550/3000  x range: [-5.647, 4.486]
  [Scheduler] Reverse step 1500/3000  x range: [-4.301, 4.687]
  [Scheduler] Reverse step 1450/3000  x range: [-4.493, 4.408]
  [Scheduler] Reverse step 1400/3000  x range: [-5.127, 4.489]
  [Scheduler] Reverse step 1350/3000  x range: [-4.389, 4.400]
  [Scheduler] Reverse step 1300/3000  x range: [-4.518, 4.391]
  [Scheduler] Reverse step 1250/3000  x range: [-4.301, 4.552]
  [Scheduler] Reverse step 1200/3000  x range: [-4.368, 4.464]
  [Scheduler] Reverse step 1150/3000  x range: [-4.626, 4.161]
  [Scheduler] Reverse step 1100/3000  x range: [-4.380, 4.672]
  [Scheduler] Reverse step 1050/3000  x range: [-4.641, 4.528]
  [Scheduler] Reverse step 1000/3000  x range: [-4.305, 4.381]
  [Scheduler] Reverse step 950/3000  x range: [-4.368, 5.039]
  [Scheduler] Reverse step 900/3000  x range: [-4.362, 4.531]
  [Scheduler] Reverse step 850/3000  x range: [-4.741, 4.225]
  [Scheduler] Reverse step 800/3000  x range: [-4.682, 4.416]
  [Scheduler] Reverse step 750/3000  x range: [-4.375, 4.430]
  [Scheduler] Reverse step 700/3000  x range: [-4.603, 4.975]
  [Scheduler] Reverse step 650/3000  x range: [-4.835, 5.114]
  [Scheduler] Reverse step 600/3000  x range: [-4.790, 5.126]
  [Scheduler] Reverse step 550/3000  x range: [-4.865, 4.899]
  [Scheduler] Reverse step 500/3000  x range: [-5.284, 4.978]
  [Scheduler] Reverse step 450/3000  x range: [-5.564, 5.064]
  [Scheduler] Reverse step 400/3000  x range: [-5.301, 5.655]
  [Scheduler] Reverse step 350/3000  x range: [-5.094, 5.648]
  [Scheduler] Reverse step 300/3000  x range: [-5.515, 5.648]
  [Scheduler] Reverse step 250/3000  x range: [-5.593, 5.717]
  [Scheduler] Reverse step 200/3000  x range: [-5.448, 5.527]
  [Scheduler] Reverse step 150/3000  x range: [-5.363, 5.592]
  [Scheduler] Reverse step 100/3000  x range: [-5.233, 5.595]
  [Scheduler] Reverse step  50/3000  x range: [-5.203, 5.613]
  [Scheduler] Reverse step   0/3000  x range: [-5.140, 5.374]
  Generated: 3200/5120

  --- Batch 51 (64 samples) ---
  [Scheduler] Reverse step 2999/3000  x range: [-4.436, 4.653]
  [Scheduler] Reverse step 2950/3000  x range: [-4.818, 4.494]
  [Scheduler] Reverse step 2900/3000  x range: [-4.783, 4.792]
  [Scheduler] Reverse step 2850/3000  x range: [-4.502, 4.771]
  [Scheduler] Reverse step 2800/3000  x range: [-4.577, 4.413]
  [Scheduler] Reverse step 2750/3000  x range: [-4.272, 4.676]
  [Scheduler] Reverse step 2700/3000  x range: [-4.833, 4.282]
  [Scheduler] Reverse step 2650/3000  x range: [-4.453, 4.223]
  [Scheduler] Reverse step 2600/3000  x range: [-5.104, 4.272]
  [Scheduler] Reverse step 2550/3000  x range: [-4.215, 4.409]
  [Scheduler] Reverse step 2500/3000  x range: [-4.479, 4.461]
  [Scheduler] Reverse step 2450/3000  x range: [-5.179, 4.304]
  [Scheduler] Reverse step 2400/3000  x range: [-4.354, 4.582]
  [Scheduler] Reverse step 2350/3000  x range: [-4.395, 4.271]
  [Scheduler] Reverse step 2300/3000  x range: [-4.570, 4.432]
  [Scheduler] Reverse step 2250/3000  x range: [-4.918, 4.395]
  [Scheduler] Reverse step 2200/3000  x range: [-4.563, 4.905]
  [Scheduler] Reverse step 2150/3000  x range: [-4.358, 4.583]
  [Scheduler] Reverse step 2100/3000  x range: [-4.327, 4.328]
  [Scheduler] Reverse step 2050/3000  x range: [-4.518, 4.608]
  [Scheduler] Reverse step 2000/3000  x range: [-4.464, 4.574]
  [Scheduler] Reverse step 1950/3000  x range: [-4.554, 4.408]
  [Scheduler] Reverse step 1900/3000  x range: [-4.432, 4.473]
  [Scheduler] Reverse step 1850/3000  x range: [-4.398, 4.537]
  [Scheduler] Reverse step 1800/3000  x range: [-4.645, 4.460]
  [Scheduler] Reverse step 1750/3000  x range: [-4.636, 4.657]
  [Scheduler] Reverse step 1700/3000  x range: [-4.587, 4.370]
  [Scheduler] Reverse step 1650/3000  x range: [-4.776, 4.707]
  [Scheduler] Reverse step 1600/3000  x range: [-4.720, 4.592]
  [Scheduler] Reverse step 1550/3000  x range: [-4.421, 4.400]
  [Scheduler] Reverse step 1500/3000  x range: [-4.349, 4.270]
  [Scheduler] Reverse step 1450/3000  x range: [-4.474, 4.678]
  [Scheduler] Reverse step 1400/3000  x range: [-4.613, 4.486]
  [Scheduler] Reverse step 1350/3000  x range: [-4.280, 4.406]
  [Scheduler] Reverse step 1300/3000  x range: [-4.894, 4.444]
  [Scheduler] Reverse step 1250/3000  x range: [-4.426, 5.004]
  [Scheduler] Reverse step 1200/3000  x range: [-4.665, 4.497]
  [Scheduler] Reverse step 1150/3000  x range: [-4.561, 4.890]
  [Scheduler] Reverse step 1100/3000  x range: [-4.569, 5.311]
  [Scheduler] Reverse step 1050/3000  x range: [-4.821, 4.328]
  [Scheduler] Reverse step 1000/3000  x range: [-4.725, 4.546]
  [Scheduler] Reverse step 950/3000  x range: [-4.703, 4.739]
  [Scheduler] Reverse step 900/3000  x range: [-5.164, 5.212]
  [Scheduler] Reverse step 850/3000  x range: [-4.325, 5.057]
  [Scheduler] Reverse step 800/3000  x range: [-4.848, 4.674]
  [Scheduler] Reverse step 750/3000  x range: [-5.023, 4.583]
  [Scheduler] Reverse step 700/3000  x range: [-4.821, 4.439]
  [Scheduler] Reverse step 650/3000  x range: [-5.325, 4.465]
  [Scheduler] Reverse step 600/3000  x range: [-4.660, 4.820]
  [Scheduler] Reverse step 550/3000  x range: [-4.849, 5.152]
  [Scheduler] Reverse step 500/3000  x range: [-5.168, 5.323]
  [Scheduler] Reverse step 450/3000  x range: [-5.124, 5.369]
  [Scheduler] Reverse step 400/3000  x range: [-5.440, 5.400]
  [Scheduler] Reverse step 350/3000  x range: [-5.238, 5.810]
  [Scheduler] Reverse step 300/3000  x range: [-5.470, 5.650]
  [Scheduler] Reverse step 250/3000  x range: [-5.822, 5.318]
  [Scheduler] Reverse step 200/3000  x range: [-5.782, 5.378]
  [Scheduler] Reverse step 150/3000  x range: [-5.465, 5.270]
  [Scheduler] Reverse step 100/3000  x range: [-5.347, 5.337]
  [Scheduler] Reverse step  50/3000  x range: [-5.371, 5.173]
  [Scheduler] Reverse step   0/3000  x range: [-5.719, 5.425]
  Generated: 3264/5120

  --- Batch 52 (64 samples) ---
  [Scheduler] Reverse step 2999/3000  x range: [-4.330, 4.409]
  [Scheduler] Reverse step 2950/3000  x range: [-4.912, 4.825]
  [Scheduler] Reverse step 2900/3000  x range: [-4.507, 4.384]
  [Scheduler] Reverse step 2850/3000  x range: [-4.482, 4.000]
  [Scheduler] Reverse step 2800/3000  x range: [-4.665, 4.737]
  [Scheduler] Reverse step 2750/3000  x range: [-5.224, 4.578]
  [Scheduler] Reverse step 2700/3000  x range: [-4.412, 4.496]
  [Scheduler] Reverse step 2650/3000  x range: [-4.456, 4.639]
  [Scheduler] Reverse step 2600/3000  x range: [-4.497, 4.239]
  [Scheduler] Reverse step 2550/3000  x range: [-5.968, 5.038]
  [Scheduler] Reverse step 2500/3000  x range: [-5.106, 4.543]
  [Scheduler] Reverse step 2450/3000  x range: [-4.806, 4.648]
  [Scheduler] Reverse step 2400/3000  x range: [-4.934, 4.413]
  [Scheduler] Reverse step 2350/3000  x range: [-4.437, 4.496]
  [Scheduler] Reverse step 2300/3000  x range: [-4.275, 4.423]
  [Scheduler] Reverse step 2250/3000  x range: [-4.428, 4.713]
  [Scheduler] Reverse step 2200/3000  x range: [-4.717, 5.003]
  [Scheduler] Reverse step 2150/3000  x range: [-4.677, 5.112]
  [Scheduler] Reverse step 2100/3000  x range: [-5.031, 4.530]
  [Scheduler] Reverse step 2050/3000  x range: [-4.699, 4.716]
  [Scheduler] Reverse step 2000/3000  x range: [-4.634, 4.291]
  [Scheduler] Reverse step 1950/3000  x range: [-5.151, 4.171]
  [Scheduler] Reverse step 1900/3000  x range: [-4.708, 4.199]
  [Scheduler] Reverse step 1850/3000  x range: [-4.668, 4.244]
  [Scheduler] Reverse step 1800/3000  x range: [-4.753, 4.695]
  [Scheduler] Reverse step 1750/3000  x range: [-4.508, 4.559]
  [Scheduler] Reverse step 1700/3000  x range: [-4.964, 4.777]
  [Scheduler] Reverse step 1650/3000  x range: [-4.413, 4.807]
  [Scheduler] Reverse step 1600/3000  x range: [-4.311, 4.847]
  [Scheduler] Reverse step 1550/3000  x range: [-4.615, 4.557]
  [Scheduler] Reverse step 1500/3000  x range: [-4.444, 4.513]
  [Scheduler] Reverse step 1450/3000  x range: [-4.749, 4.409]
  [Scheduler] Reverse step 1400/3000  x range: [-4.524, 4.533]
  [Scheduler] Reverse step 1350/3000  x range: [-4.631, 4.276]
  [Scheduler] Reverse step 1300/3000  x range: [-4.302, 4.446]
  [Scheduler] Reverse step 1250/3000  x range: [-4.601, 4.693]
  [Scheduler] Reverse step 1200/3000  x range: [-4.384, 4.720]
  [Scheduler] Reverse step 1150/3000  x range: [-4.626, 4.540]
  [Scheduler] Reverse step 1100/3000  x range: [-4.878, 4.381]
  [Scheduler] Reverse step 1050/3000  x range: [-4.466, 4.596]
  [Scheduler] Reverse step 1000/3000  x range: [-4.382, 4.689]
  [Scheduler] Reverse step 950/3000  x range: [-4.396, 5.034]
  [Scheduler] Reverse step 900/3000  x range: [-4.241, 4.293]
  [Scheduler] Reverse step 850/3000  x range: [-4.037, 4.341]
  [Scheduler] Reverse step 800/3000  x range: [-4.411, 4.656]
  [Scheduler] Reverse step 750/3000  x range: [-4.887, 4.403]
  [Scheduler] Reverse step 700/3000  x range: [-4.842, 4.437]
  [Scheduler] Reverse step 650/3000  x range: [-4.526, 4.393]
  [Scheduler] Reverse step 600/3000  x range: [-4.799, 4.343]
  [Scheduler] Reverse step 550/3000  x range: [-4.929, 4.387]
  [Scheduler] Reverse step 500/3000  x range: [-4.757, 4.696]
  [Scheduler] Reverse step 450/3000  x range: [-5.150, 5.198]
  [Scheduler] Reverse step 400/3000  x range: [-5.239, 5.301]
  [Scheduler] Reverse step 350/3000  x range: [-5.376, 5.393]
  [Scheduler] Reverse step 300/3000  x range: [-5.298, 5.406]
  [Scheduler] Reverse step 250/3000  x range: [-5.484, 5.808]
  [Scheduler] Reverse step 200/3000  x range: [-5.507, 5.921]
  [Scheduler] Reverse step 150/3000  x range: [-5.234, 5.735]
  [Scheduler] Reverse step 100/3000  x range: [-5.454, 5.787]
  [Scheduler] Reverse step  50/3000  x range: [-5.283, 5.577]
  [Scheduler] Reverse step   0/3000  x range: [-5.231, 5.419]
  Generated: 3328/5120

  --- Batch 53 (64 samples) ---
  [Scheduler] Reverse step 2999/3000  x range: [-4.466, 4.246]
  [Scheduler] Reverse step 2950/3000  x range: [-4.183, 4.462]
  [Scheduler] Reverse step 2900/3000  x range: [-4.883, 4.237]
  [Scheduler] Reverse step 2850/3000  x range: [-4.363, 4.727]
  [Scheduler] Reverse step 2800/3000  x range: [-4.893, 4.463]
  [Scheduler] Reverse step 2750/3000  x range: [-4.634, 4.377]
  [Scheduler] Reverse step 2700/3000  x range: [-4.611, 4.418]
  [Scheduler] Reverse step 2650/3000  x range: [-4.537, 4.389]
  [Scheduler] Reverse step 2600/3000  x range: [-4.536, 4.770]
  [Scheduler] Reverse step 2550/3000  x range: [-4.226, 4.309]
  [Scheduler] Reverse step 2500/3000  x range: [-4.740, 4.599]
  [Scheduler] Reverse step 2450/3000  x range: [-4.809, 5.375]
  [Scheduler] Reverse step 2400/3000  x range: [-4.866, 4.596]
  [Scheduler] Reverse step 2350/3000  x range: [-4.445, 4.419]
  [Scheduler] Reverse step 2300/3000  x range: [-4.188, 4.384]
  [Scheduler] Reverse step 2250/3000  x range: [-4.697, 4.595]
  [Scheduler] Reverse step 2200/3000  x range: [-4.425, 4.690]
  [Scheduler] Reverse step 2150/3000  x range: [-4.479, 4.425]
  [Scheduler] Reverse step 2100/3000  x range: [-4.767, 4.820]
  [Scheduler] Reverse step 2050/3000  x range: [-5.106, 4.274]
  [Scheduler] Reverse step 2000/3000  x range: [-4.542, 4.643]
  [Scheduler] Reverse step 1950/3000  x range: [-5.108, 4.661]
  [Scheduler] Reverse step 1900/3000  x range: [-4.703, 4.662]
  [Scheduler] Reverse step 1850/3000  x range: [-4.535, 4.490]
  [Scheduler] Reverse step 1800/3000  x range: [-4.496, 4.633]
  [Scheduler] Reverse step 1750/3000  x range: [-4.333, 4.317]
  [Scheduler] Reverse step 1700/3000  x range: [-4.660, 4.664]
  [Scheduler] Reverse step 1650/3000  x range: [-4.641, 4.462]
  [Scheduler] Reverse step 1600/3000  x range: [-4.367, 4.670]
  [Scheduler] Reverse step 1550/3000  x range: [-4.453, 4.324]
  [Scheduler] Reverse step 1500/3000  x range: [-4.314, 4.940]
  [Scheduler] Reverse step 1450/3000  x range: [-4.596, 4.836]
  [Scheduler] Reverse step 1400/3000  x range: [-4.215, 4.871]
  [Scheduler] Reverse step 1350/3000  x range: [-4.399, 4.560]
  [Scheduler] Reverse step 1300/3000  x range: [-4.456, 4.398]
  [Scheduler] Reverse step 1250/3000  x range: [-4.590, 4.351]
  [Scheduler] Reverse step 1200/3000  x range: [-4.511, 4.707]
  [Scheduler] Reverse step 1150/3000  x range: [-4.890, 4.303]
  [Scheduler] Reverse step 1100/3000  x range: [-4.707, 4.574]
  [Scheduler] Reverse step 1050/3000  x range: [-4.790, 4.805]
  [Scheduler] Reverse step 1000/3000  x range: [-5.245, 4.747]
  [Scheduler] Reverse step 950/3000  x range: [-5.259, 4.758]
  [Scheduler] Reverse step 900/3000  x range: [-5.011, 4.059]
  [Scheduler] Reverse step 850/3000  x range: [-4.778, 4.475]
  [Scheduler] Reverse step 800/3000  x range: [-5.227, 4.767]
  [Scheduler] Reverse step 750/3000  x range: [-5.099, 5.043]
  [Scheduler] Reverse step 700/3000  x range: [-4.550, 5.107]
  [Scheduler] Reverse step 650/3000  x range: [-4.883, 4.814]
  [Scheduler] Reverse step 600/3000  x range: [-5.159, 4.560]
  [Scheduler] Reverse step 550/3000  x range: [-5.441, 4.968]
  [Scheduler] Reverse step 500/3000  x range: [-5.838, 5.156]
  [Scheduler] Reverse step 450/3000  x range: [-5.556, 5.362]
  [Scheduler] Reverse step 400/3000  x range: [-5.105, 5.167]
  [Scheduler] Reverse step 350/3000  x range: [-5.284, 5.664]
  [Scheduler] Reverse step 300/3000  x range: [-5.304, 5.838]
  [Scheduler] Reverse step 250/3000  x range: [-5.394, 6.342]
  [Scheduler] Reverse step 200/3000  x range: [-5.249, 6.020]
  [Scheduler] Reverse step 150/3000  x range: [-5.447, 6.048]
  [Scheduler] Reverse step 100/3000  x range: [-5.152, 5.817]
  [Scheduler] Reverse step  50/3000  x range: [-5.115, 5.594]
  [Scheduler] Reverse step   0/3000  x range: [-5.022, 5.449]
  Generated: 3392/5120

  --- Batch 54 (64 samples) ---
  [Scheduler] Reverse step 2999/3000  x range: [-4.801, 4.616]
  [Scheduler] Reverse step 2950/3000  x range: [-4.489, 4.644]
  [Scheduler] Reverse step 2900/3000  x range: [-4.526, 4.289]
  [Scheduler] Reverse step 2850/3000  x range: [-4.156, 4.381]
  [Scheduler] Reverse step 2800/3000  x range: [-5.069, 4.469]
  [Scheduler] Reverse step 2750/3000  x range: [-4.288, 5.065]
  [Scheduler] Reverse step 2700/3000  x range: [-4.450, 4.688]
  [Scheduler] Reverse step 2650/3000  x range: [-4.606, 4.488]
  [Scheduler] Reverse step 2600/3000  x range: [-4.658, 4.261]
  [Scheduler] Reverse step 2550/3000  x range: [-4.648, 4.419]
  [Scheduler] Reverse step 2500/3000  x range: [-4.387, 4.462]
  [Scheduler] Reverse step 2450/3000  x range: [-4.328, 4.021]
  [Scheduler] Reverse step 2400/3000  x range: [-4.273, 4.894]
  [Scheduler] Reverse step 2350/3000  x range: [-4.349, 4.754]
  [Scheduler] Reverse step 2300/3000  x range: [-4.771, 4.767]
  [Scheduler] Reverse step 2250/3000  x range: [-4.538, 4.302]
  [Scheduler] Reverse step 2200/3000  x range: [-4.615, 4.645]
  [Scheduler] Reverse step 2150/3000  x range: [-4.478, 4.429]
  [Scheduler] Reverse step 2100/3000  x range: [-4.741, 4.851]
  [Scheduler] Reverse step 2050/3000  x range: [-4.331, 4.461]
  [Scheduler] Reverse step 2000/3000  x range: [-4.783, 4.571]
  [Scheduler] Reverse step 1950/3000  x range: [-4.373, 4.638]
  [Scheduler] Reverse step 1900/3000  x range: [-4.348, 4.451]
  [Scheduler] Reverse step 1850/3000  x range: [-4.764, 4.550]
  [Scheduler] Reverse step 1800/3000  x range: [-4.377, 4.648]
  [Scheduler] Reverse step 1750/3000  x range: [-4.289, 4.386]
  [Scheduler] Reverse step 1700/3000  x range: [-4.361, 4.327]
  [Scheduler] Reverse step 1650/3000  x range: [-4.564, 4.454]
  [Scheduler] Reverse step 1600/3000  x range: [-4.814, 4.824]
  [Scheduler] Reverse step 1550/3000  x range: [-4.861, 4.783]
  [Scheduler] Reverse step 1500/3000  x range: [-4.397, 4.748]
  [Scheduler] Reverse step 1450/3000  x range: [-4.504, 4.292]
  [Scheduler] Reverse step 1400/3000  x range: [-4.567, 4.294]
  [Scheduler] Reverse step 1350/3000  x range: [-4.222, 4.637]
  [Scheduler] Reverse step 1300/3000  x range: [-4.341, 4.310]
  [Scheduler] Reverse step 1250/3000  x range: [-4.577, 4.551]
  [Scheduler] Reverse step 1200/3000  x range: [-4.540, 5.274]
  [Scheduler] Reverse step 1150/3000  x range: [-4.372, 4.424]
  [Scheduler] Reverse step 1100/3000  x range: [-4.416, 5.036]
  [Scheduler] Reverse step 1050/3000  x range: [-4.375, 4.858]
  [Scheduler] Reverse step 1000/3000  x range: [-4.321, 5.141]
  [Scheduler] Reverse step 950/3000  x range: [-4.816, 4.581]
  [Scheduler] Reverse step 900/3000  x range: [-4.274, 4.205]
  [Scheduler] Reverse step 850/3000  x range: [-4.450, 4.487]
  [Scheduler] Reverse step 800/3000  x range: [-4.512, 4.239]
  [Scheduler] Reverse step 750/3000  x range: [-4.692, 4.890]
  [Scheduler] Reverse step 700/3000  x range: [-4.804, 4.932]
  [Scheduler] Reverse step 650/3000  x range: [-5.280, 4.869]
  [Scheduler] Reverse step 600/3000  x range: [-5.133, 4.925]
  [Scheduler] Reverse step 550/3000  x range: [-5.457, 4.944]
  [Scheduler] Reverse step 500/3000  x range: [-5.107, 5.026]
  [Scheduler] Reverse step 450/3000  x range: [-5.030, 5.109]
  [Scheduler] Reverse step 400/3000  x range: [-5.479, 5.560]
  [Scheduler] Reverse step 350/3000  x range: [-5.473, 5.731]
  [Scheduler] Reverse step 300/3000  x range: [-5.262, 5.437]
  [Scheduler] Reverse step 250/3000  x range: [-5.387, 5.497]
  [Scheduler] Reverse step 200/3000  x range: [-5.371, 5.500]
  [Scheduler] Reverse step 150/3000  x range: [-5.257, 5.324]
  [Scheduler] Reverse step 100/3000  x range: [-5.471, 5.341]
  [Scheduler] Reverse step  50/3000  x range: [-5.544, 5.222]
  [Scheduler] Reverse step   0/3000  x range: [-5.666, 5.025]
  Generated: 3456/5120

  --- Batch 55 (64 samples) ---
  [Scheduler] Reverse step 2999/3000  x range: [-4.778, 4.734]
  [Scheduler] Reverse step 2950/3000  x range: [-4.341, 4.635]
  [Scheduler] Reverse step 2900/3000  x range: [-4.568, 4.224]
  [Scheduler] Reverse step 2850/3000  x range: [-4.578, 4.484]
  [Scheduler] Reverse step 2800/3000  x range: [-4.617, 4.457]
  [Scheduler] Reverse step 2750/3000  x range: [-4.365, 4.451]
  [Scheduler] Reverse step 2700/3000  x range: [-4.390, 4.712]
  [Scheduler] Reverse step 2650/3000  x range: [-4.371, 4.483]
  [Scheduler] Reverse step 2600/3000  x range: [-4.420, 5.036]
  [Scheduler] Reverse step 2550/3000  x range: [-4.205, 4.677]
  [Scheduler] Reverse step 2500/3000  x range: [-4.405, 4.490]
  [Scheduler] Reverse step 2450/3000  x range: [-5.023, 4.609]
  [Scheduler] Reverse step 2400/3000  x range: [-4.636, 4.508]
  [Scheduler] Reverse step 2350/3000  x range: [-4.694, 4.529]
  [Scheduler] Reverse step 2300/3000  x range: [-4.300, 4.360]
  [Scheduler] Reverse step 2250/3000  x range: [-4.618, 4.493]
  [Scheduler] Reverse step 2200/3000  x range: [-4.252, 4.368]
  [Scheduler] Reverse step 2150/3000  x range: [-4.528, 4.104]
  [Scheduler] Reverse step 2100/3000  x range: [-4.870, 4.442]
  [Scheduler] Reverse step 2050/3000  x range: [-4.176, 4.708]
  [Scheduler] Reverse step 2000/3000  x range: [-4.496, 4.716]
  [Scheduler] Reverse step 1950/3000  x range: [-4.568, 4.430]
  [Scheduler] Reverse step 1900/3000  x range: [-4.246, 4.502]
  [Scheduler] Reverse step 1850/3000  x range: [-4.346, 4.584]
  [Scheduler] Reverse step 1800/3000  x range: [-4.716, 5.273]
  [Scheduler] Reverse step 1750/3000  x range: [-5.051, 5.030]
  [Scheduler] Reverse step 1700/3000  x range: [-4.569, 4.652]
  [Scheduler] Reverse step 1650/3000  x range: [-4.555, 4.608]
  [Scheduler] Reverse step 1600/3000  x range: [-4.424, 4.629]
  [Scheduler] Reverse step 1550/3000  x range: [-4.520, 4.775]
  [Scheduler] Reverse step 1500/3000  x range: [-4.286, 4.813]
  [Scheduler] Reverse step 1450/3000  x range: [-4.498, 4.899]
  [Scheduler] Reverse step 1400/3000  x range: [-4.332, 4.647]
  [Scheduler] Reverse step 1350/3000  x range: [-4.577, 4.389]
  [Scheduler] Reverse step 1300/3000  x range: [-4.278, 4.475]
  [Scheduler] Reverse step 1250/3000  x range: [-4.377, 4.668]
  [Scheduler] Reverse step 1200/3000  x range: [-4.814, 4.972]
  [Scheduler] Reverse step 1150/3000  x range: [-4.516, 4.196]
  [Scheduler] Reverse step 1100/3000  x range: [-4.707, 4.831]
  [Scheduler] Reverse step 1050/3000  x range: [-4.616, 4.690]
  [Scheduler] Reverse step 1000/3000  x range: [-4.338, 4.727]
  [Scheduler] Reverse step 950/3000  x range: [-4.618, 4.582]
  [Scheduler] Reverse step 900/3000  x range: [-4.401, 4.538]
  [Scheduler] Reverse step 850/3000  x range: [-4.663, 4.534]
  [Scheduler] Reverse step 800/3000  x range: [-4.625, 4.597]
  [Scheduler] Reverse step 750/3000  x range: [-4.538, 4.537]
  [Scheduler] Reverse step 700/3000  x range: [-4.481, 4.315]
  [Scheduler] Reverse step 650/3000  x range: [-4.820, 4.390]
  [Scheduler] Reverse step 600/3000  x range: [-4.889, 4.643]
  [Scheduler] Reverse step 550/3000  x range: [-4.827, 4.707]
  [Scheduler] Reverse step 500/3000  x range: [-5.127, 4.872]
  [Scheduler] Reverse step 450/3000  x range: [-5.309, 5.094]
  [Scheduler] Reverse step 400/3000  x range: [-5.546, 5.417]
  [Scheduler] Reverse step 350/3000  x range: [-5.429, 5.349]
  [Scheduler] Reverse step 300/3000  x range: [-5.235, 5.764]
  [Scheduler] Reverse step 250/3000  x range: [-5.216, 5.514]
  [Scheduler] Reverse step 200/3000  x range: [-5.394, 6.223]
  [Scheduler] Reverse step 150/3000  x range: [-5.887, 6.055]
  [Scheduler] Reverse step 100/3000  x range: [-6.128, 6.370]
  [Scheduler] Reverse step  50/3000  x range: [-6.110, 6.435]
  [Scheduler] Reverse step   0/3000  x range: [-6.281, 6.527]
  Generated: 3520/5120

  --- Batch 56 (64 samples) ---
  [Scheduler] Reverse step 2999/3000  x range: [-4.622, 4.334]
  [Scheduler] Reverse step 2950/3000  x range: [-4.537, 4.681]
  [Scheduler] Reverse step 2900/3000  x range: [-4.129, 4.695]
  [Scheduler] Reverse step 2850/3000  x range: [-4.517, 4.917]
  [Scheduler] Reverse step 2800/3000  x range: [-4.401, 4.394]
  [Scheduler] Reverse step 2750/3000  x range: [-4.608, 4.237]
  [Scheduler] Reverse step 2700/3000  x range: [-4.374, 4.536]
  [Scheduler] Reverse step 2650/3000  x range: [-4.653, 5.043]
  [Scheduler] Reverse step 2600/3000  x range: [-5.157, 4.346]
  [Scheduler] Reverse step 2550/3000  x range: [-5.059, 4.746]
  [Scheduler] Reverse step 2500/3000  x range: [-4.715, 4.497]
  [Scheduler] Reverse step 2450/3000  x range: [-4.606, 4.441]
  [Scheduler] Reverse step 2400/3000  x range: [-4.536, 4.806]
  [Scheduler] Reverse step 2350/3000  x range: [-4.398, 4.591]
  [Scheduler] Reverse step 2300/3000  x range: [-4.924, 4.592]
  [Scheduler] Reverse step 2250/3000  x range: [-4.266, 5.260]
  [Scheduler] Reverse step 2200/3000  x range: [-4.989, 4.434]
  [Scheduler] Reverse step 2150/3000  x range: [-4.952, 4.836]
  [Scheduler] Reverse step 2100/3000  x range: [-4.588, 4.444]
  [Scheduler] Reverse step 2050/3000  x range: [-4.324, 5.119]
  [Scheduler] Reverse step 2000/3000  x range: [-4.374, 4.694]
  [Scheduler] Reverse step 1950/3000  x range: [-4.578, 4.724]
  [Scheduler] Reverse step 1900/3000  x range: [-5.182, 4.210]
  [Scheduler] Reverse step 1850/3000  x range: [-4.380, 4.846]
  [Scheduler] Reverse step 1800/3000  x range: [-4.542, 4.276]
  [Scheduler] Reverse step 1750/3000  x range: [-4.732, 4.199]
  [Scheduler] Reverse step 1700/3000  x range: [-4.359, 4.663]
  [Scheduler] Reverse step 1650/3000  x range: [-4.688, 5.164]
  [Scheduler] Reverse step 1600/3000  x range: [-4.321, 4.601]
  [Scheduler] Reverse step 1550/3000  x range: [-4.271, 4.477]
  [Scheduler] Reverse step 1500/3000  x range: [-4.153, 4.370]
  [Scheduler] Reverse step 1450/3000  x range: [-4.791, 4.492]
  [Scheduler] Reverse step 1400/3000  x range: [-4.389, 4.275]
  [Scheduler] Reverse step 1350/3000  x range: [-4.548, 5.023]
  [Scheduler] Reverse step 1300/3000  x range: [-4.545, 4.456]
  [Scheduler] Reverse step 1250/3000  x range: [-4.256, 4.688]
  [Scheduler] Reverse step 1200/3000  x range: [-4.346, 4.662]
  [Scheduler] Reverse step 1150/3000  x range: [-4.841, 4.274]
  [Scheduler] Reverse step 1100/3000  x range: [-4.244, 4.093]
  [Scheduler] Reverse step 1050/3000  x range: [-4.503, 4.518]
  [Scheduler] Reverse step 1000/3000  x range: [-4.492, 4.553]
  [Scheduler] Reverse step 950/3000  x range: [-4.726, 4.281]
  [Scheduler] Reverse step 900/3000  x range: [-4.339, 4.511]
  [Scheduler] Reverse step 850/3000  x range: [-4.833, 4.606]
  [Scheduler] Reverse step 800/3000  x range: [-4.371, 4.631]
  [Scheduler] Reverse step 750/3000  x range: [-4.483, 4.307]
  [Scheduler] Reverse step 700/3000  x range: [-4.755, 4.995]
  [Scheduler] Reverse step 650/3000  x range: [-5.061, 4.702]
  [Scheduler] Reverse step 600/3000  x range: [-5.344, 4.601]
  [Scheduler] Reverse step 550/3000  x range: [-5.004, 4.484]
  [Scheduler] Reverse step 500/3000  x range: [-5.113, 4.828]
  [Scheduler] Reverse step 450/3000  x range: [-5.313, 4.737]
  [Scheduler] Reverse step 400/3000  x range: [-5.252, 5.064]
  [Scheduler] Reverse step 350/3000  x range: [-5.250, 5.518]
  [Scheduler] Reverse step 300/3000  x range: [-5.294, 5.314]
  [Scheduler] Reverse step 250/3000  x range: [-5.336, 5.172]
  [Scheduler] Reverse step 200/3000  x range: [-5.260, 5.195]
  [Scheduler] Reverse step 150/3000  x range: [-5.107, 5.368]
  [Scheduler] Reverse step 100/3000  x range: [-5.014, 5.210]
  [Scheduler] Reverse step  50/3000  x range: [-5.027, 5.173]
  [Scheduler] Reverse step   0/3000  x range: [-4.969, 5.147]
  Generated: 3584/5120

  --- Batch 57 (64 samples) ---
  [Scheduler] Reverse step 2999/3000  x range: [-4.796, 4.727]
  [Scheduler] Reverse step 2950/3000  x range: [-4.547, 4.882]
  [Scheduler] Reverse step 2900/3000  x range: [-4.535, 4.374]
  [Scheduler] Reverse step 2850/3000  x range: [-4.413, 4.486]
  [Scheduler] Reverse step 2800/3000  x range: [-4.518, 5.127]
  [Scheduler] Reverse step 2750/3000  x range: [-5.630, 4.593]
  [Scheduler] Reverse step 2700/3000  x range: [-4.442, 4.530]
  [Scheduler] Reverse step 2650/3000  x range: [-4.289, 4.660]
  [Scheduler] Reverse step 2600/3000  x range: [-4.355, 4.925]
  [Scheduler] Reverse step 2550/3000  x range: [-4.716, 4.639]
  [Scheduler] Reverse step 2500/3000  x range: [-4.416, 4.219]
  [Scheduler] Reverse step 2450/3000  x range: [-4.267, 4.546]
  [Scheduler] Reverse step 2400/3000  x range: [-4.751, 4.820]
  [Scheduler] Reverse step 2350/3000  x range: [-4.621, 4.775]
  [Scheduler] Reverse step 2300/3000  x range: [-4.496, 4.577]
  [Scheduler] Reverse step 2250/3000  x range: [-4.752, 4.785]
  [Scheduler] Reverse step 2200/3000  x range: [-4.482, 4.425]
  [Scheduler] Reverse step 2150/3000  x range: [-4.472, 4.425]
  [Scheduler] Reverse step 2100/3000  x range: [-4.914, 4.652]
  [Scheduler] Reverse step 2050/3000  x range: [-4.366, 4.539]
  [Scheduler] Reverse step 2000/3000  x range: [-4.893, 4.405]
  [Scheduler] Reverse step 1950/3000  x range: [-4.681, 4.509]
  [Scheduler] Reverse step 1900/3000  x range: [-4.340, 4.456]
  [Scheduler] Reverse step 1850/3000  x range: [-4.639, 4.744]
  [Scheduler] Reverse step 1800/3000  x range: [-4.314, 4.607]
  [Scheduler] Reverse step 1750/3000  x range: [-4.409, 4.699]
  [Scheduler] Reverse step 1700/3000  x range: [-4.522, 4.457]
  [Scheduler] Reverse step 1650/3000  x range: [-4.731, 5.416]
  [Scheduler] Reverse step 1600/3000  x range: [-4.432, 4.374]
  [Scheduler] Reverse step 1550/3000  x range: [-4.330, 4.474]
  [Scheduler] Reverse step 1500/3000  x range: [-4.284, 4.334]
  [Scheduler] Reverse step 1450/3000  x range: [-4.563, 4.425]
  [Scheduler] Reverse step 1400/3000  x range: [-4.589, 4.729]
  [Scheduler] Reverse step 1350/3000  x range: [-4.762, 4.390]
  [Scheduler] Reverse step 1300/3000  x range: [-4.138, 4.774]
  [Scheduler] Reverse step 1250/3000  x range: [-4.957, 4.590]
  [Scheduler] Reverse step 1200/3000  x range: [-4.342, 4.646]
  [Scheduler] Reverse step 1150/3000  x range: [-4.322, 4.475]
  [Scheduler] Reverse step 1100/3000  x range: [-4.919, 4.420]
  [Scheduler] Reverse step 1050/3000  x range: [-4.990, 4.520]
  [Scheduler] Reverse step 1000/3000  x range: [-5.197, 4.459]
  [Scheduler] Reverse step 950/3000  x range: [-5.117, 4.414]
  [Scheduler] Reverse step 900/3000  x range: [-4.592, 4.637]
  [Scheduler] Reverse step 850/3000  x range: [-4.472, 4.599]
  [Scheduler] Reverse step 800/3000  x range: [-4.585, 4.381]
  [Scheduler] Reverse step 750/3000  x range: [-5.523, 4.705]
  [Scheduler] Reverse step 700/3000  x range: [-4.701, 4.767]
  [Scheduler] Reverse step 650/3000  x range: [-5.098, 4.903]
  [Scheduler] Reverse step 600/3000  x range: [-5.171, 4.804]
  [Scheduler] Reverse step 550/3000  x range: [-5.055, 5.156]
  [Scheduler] Reverse step 500/3000  x range: [-5.119, 4.969]
  [Scheduler] Reverse step 450/3000  x range: [-5.301, 5.132]
  [Scheduler] Reverse step 400/3000  x range: [-5.340, 5.071]
  [Scheduler] Reverse step 350/3000  x range: [-5.441, 5.506]
  [Scheduler] Reverse step 300/3000  x range: [-5.375, 6.019]
  [Scheduler] Reverse step 250/3000  x range: [-5.284, 5.925]
  [Scheduler] Reverse step 200/3000  x range: [-5.443, 5.555]
  [Scheduler] Reverse step 150/3000  x range: [-5.441, 5.352]
  [Scheduler] Reverse step 100/3000  x range: [-5.315, 5.580]
  [Scheduler] Reverse step  50/3000  x range: [-5.490, 5.610]
  [Scheduler] Reverse step   0/3000  x range: [-5.630, 5.631]
  Generated: 3648/5120

  --- Batch 58 (64 samples) ---
  [Scheduler] Reverse step 2999/3000  x range: [-4.178, 4.594]
  [Scheduler] Reverse step 2950/3000  x range: [-4.741, 4.414]
  [Scheduler] Reverse step 2900/3000  x range: [-4.923, 4.573]
  [Scheduler] Reverse step 2850/3000  x range: [-4.828, 5.053]
  [Scheduler] Reverse step 2800/3000  x range: [-4.191, 4.533]
  [Scheduler] Reverse step 2750/3000  x range: [-4.815, 4.509]
  [Scheduler] Reverse step 2700/3000  x range: [-4.691, 4.267]
  [Scheduler] Reverse step 2650/3000  x range: [-4.511, 4.668]
  [Scheduler] Reverse step 2600/3000  x range: [-4.208, 4.482]
  [Scheduler] Reverse step 2550/3000  x range: [-4.500, 4.820]
  [Scheduler] Reverse step 2500/3000  x range: [-4.458, 4.711]
  [Scheduler] Reverse step 2450/3000  x range: [-4.509, 4.645]
  [Scheduler] Reverse step 2400/3000  x range: [-5.138, 4.527]
  [Scheduler] Reverse step 2350/3000  x range: [-4.205, 4.317]
  [Scheduler] Reverse step 2300/3000  x range: [-4.849, 4.294]
  [Scheduler] Reverse step 2250/3000  x range: [-5.642, 4.716]
  [Scheduler] Reverse step 2200/3000  x range: [-4.811, 4.545]
  [Scheduler] Reverse step 2150/3000  x range: [-4.655, 4.569]
  [Scheduler] Reverse step 2100/3000  x range: [-4.720, 4.511]
  [Scheduler] Reverse step 2050/3000  x range: [-4.641, 4.885]
  [Scheduler] Reverse step 2000/3000  x range: [-4.689, 4.569]
  [Scheduler] Reverse step 1950/3000  x range: [-4.379, 4.792]
  [Scheduler] Reverse step 1900/3000  x range: [-4.330, 4.325]
  [Scheduler] Reverse step 1850/3000  x range: [-4.628, 4.537]
  [Scheduler] Reverse step 1800/3000  x range: [-4.647, 4.758]
  [Scheduler] Reverse step 1750/3000  x range: [-4.517, 4.574]
  [Scheduler] Reverse step 1700/3000  x range: [-4.499, 4.493]
  [Scheduler] Reverse step 1650/3000  x range: [-4.387, 4.323]
  [Scheduler] Reverse step 1600/3000  x range: [-4.340, 4.435]
  [Scheduler] Reverse step 1550/3000  x range: [-4.355, 4.451]
  [Scheduler] Reverse step 1500/3000  x range: [-4.579, 4.368]
  [Scheduler] Reverse step 1450/3000  x range: [-4.654, 4.797]
  [Scheduler] Reverse step 1400/3000  x range: [-4.685, 4.564]
  [Scheduler] Reverse step 1350/3000  x range: [-5.314, 4.682]
  [Scheduler] Reverse step 1300/3000  x range: [-4.711, 4.562]
  [Scheduler] Reverse step 1250/3000  x range: [-4.480, 4.812]
  [Scheduler] Reverse step 1200/3000  x range: [-4.782, 4.528]
  [Scheduler] Reverse step 1150/3000  x range: [-4.425, 4.639]
  [Scheduler] Reverse step 1100/3000  x range: [-4.344, 4.434]
  [Scheduler] Reverse step 1050/3000  x range: [-4.572, 4.451]
  [Scheduler] Reverse step 1000/3000  x range: [-4.514, 5.040]
  [Scheduler] Reverse step 950/3000  x range: [-4.347, 4.854]
  [Scheduler] Reverse step 900/3000  x range: [-4.670, 4.453]
  [Scheduler] Reverse step 850/3000  x range: [-4.429, 4.732]
  [Scheduler] Reverse step 800/3000  x range: [-4.417, 4.492]
  [Scheduler] Reverse step 750/3000  x range: [-4.460, 5.228]
  [Scheduler] Reverse step 700/3000  x range: [-4.303, 5.023]
  [Scheduler] Reverse step 650/3000  x range: [-4.712, 4.888]
  [Scheduler] Reverse step 600/3000  x range: [-4.819, 4.666]
  [Scheduler] Reverse step 550/3000  x range: [-5.062, 4.974]
  [Scheduler] Reverse step 500/3000  x range: [-5.112, 4.972]
  [Scheduler] Reverse step 450/3000  x range: [-5.468, 5.622]
  [Scheduler] Reverse step 400/3000  x range: [-5.870, 5.111]
  [Scheduler] Reverse step 350/3000  x range: [-5.453, 5.481]
  [Scheduler] Reverse step 300/3000  x range: [-5.569, 5.725]
  [Scheduler] Reverse step 250/3000  x range: [-5.776, 5.448]
  [Scheduler] Reverse step 200/3000  x range: [-6.065, 5.491]
  [Scheduler] Reverse step 150/3000  x range: [-6.021, 5.451]
  [Scheduler] Reverse step 100/3000  x range: [-6.228, 5.360]
  [Scheduler] Reverse step  50/3000  x range: [-6.477, 5.233]
  [Scheduler] Reverse step   0/3000  x range: [-6.687, 5.101]
  Generated: 3712/5120

  --- Batch 59 (64 samples) ---
  [Scheduler] Reverse step 2999/3000  x range: [-4.502, 4.777]
  [Scheduler] Reverse step 2950/3000  x range: [-4.382, 4.483]
  [Scheduler] Reverse step 2900/3000  x range: [-4.542, 4.599]
  [Scheduler] Reverse step 2850/3000  x range: [-4.381, 4.275]
  [Scheduler] Reverse step 2800/3000  x range: [-4.211, 4.608]
  [Scheduler] Reverse step 2750/3000  x range: [-4.708, 4.744]
  [Scheduler] Reverse step 2700/3000  x range: [-4.513, 4.533]
  [Scheduler] Reverse step 2650/3000  x range: [-4.585, 5.303]
  [Scheduler] Reverse step 2600/3000  x range: [-4.352, 4.551]
  [Scheduler] Reverse step 2550/3000  x range: [-4.337, 4.566]
  [Scheduler] Reverse step 2500/3000  x range: [-4.607, 4.163]
  [Scheduler] Reverse step 2450/3000  x range: [-4.608, 4.928]
  [Scheduler] Reverse step 2400/3000  x range: [-4.437, 4.652]
  [Scheduler] Reverse step 2350/3000  x range: [-4.752, 4.402]
  [Scheduler] Reverse step 2300/3000  x range: [-4.460, 4.510]
  [Scheduler] Reverse step 2250/3000  x range: [-4.774, 4.383]
  [Scheduler] Reverse step 2200/3000  x range: [-4.688, 4.543]
  [Scheduler] Reverse step 2150/3000  x range: [-4.534, 4.516]
  [Scheduler] Reverse step 2100/3000  x range: [-5.401, 5.241]
  [Scheduler] Reverse step 2050/3000  x range: [-4.402, 4.603]
  [Scheduler] Reverse step 2000/3000  x range: [-4.619, 4.609]
  [Scheduler] Reverse step 1950/3000  x range: [-4.437, 4.217]
  [Scheduler] Reverse step 1900/3000  x range: [-4.344, 4.504]
  [Scheduler] Reverse step 1850/3000  x range: [-5.081, 4.336]
  [Scheduler] Reverse step 1800/3000  x range: [-4.278, 4.619]
  [Scheduler] Reverse step 1750/3000  x range: [-4.537, 4.566]
  [Scheduler] Reverse step 1700/3000  x range: [-4.589, 4.824]
  [Scheduler] Reverse step 1650/3000  x range: [-4.937, 4.591]
  [Scheduler] Reverse step 1600/3000  x range: [-4.371, 4.755]
  [Scheduler] Reverse step 1550/3000  x range: [-4.790, 4.529]
  [Scheduler] Reverse step 1500/3000  x range: [-4.705, 4.711]
  [Scheduler] Reverse step 1450/3000  x range: [-4.554, 4.349]
  [Scheduler] Reverse step 1400/3000  x range: [-4.810, 4.433]
  [Scheduler] Reverse step 1350/3000  x range: [-4.850, 4.433]
  [Scheduler] Reverse step 1300/3000  x range: [-4.570, 4.786]
  [Scheduler] Reverse step 1250/3000  x range: [-4.715, 4.610]
  [Scheduler] Reverse step 1200/3000  x range: [-4.413, 4.461]
  [Scheduler] Reverse step 1150/3000  x range: [-4.825, 4.529]
  [Scheduler] Reverse step 1100/3000  x range: [-4.213, 4.334]
  [Scheduler] Reverse step 1050/3000  x range: [-4.510, 4.546]
  [Scheduler] Reverse step 1000/3000  x range: [-4.346, 4.912]
  [Scheduler] Reverse step 950/3000  x range: [-4.153, 5.006]
  [Scheduler] Reverse step 900/3000  x range: [-4.249, 5.015]
  [Scheduler] Reverse step 850/3000  x range: [-4.718, 4.599]
  [Scheduler] Reverse step 800/3000  x range: [-4.148, 4.696]
  [Scheduler] Reverse step 750/3000  x range: [-4.204, 4.490]
  [Scheduler] Reverse step 700/3000  x range: [-4.573, 4.450]
  [Scheduler] Reverse step 650/3000  x range: [-4.411, 4.733]
  [Scheduler] Reverse step 600/3000  x range: [-4.688, 4.304]
  [Scheduler] Reverse step 550/3000  x range: [-5.145, 4.728]
  [Scheduler] Reverse step 500/3000  x range: [-4.964, 5.017]
  [Scheduler] Reverse step 450/3000  x range: [-5.372, 5.688]
  [Scheduler] Reverse step 400/3000  x range: [-5.175, 5.976]
  [Scheduler] Reverse step 350/3000  x range: [-5.431, 6.414]
  [Scheduler] Reverse step 300/3000  x range: [-5.559, 5.904]
  [Scheduler] Reverse step 250/3000  x range: [-5.619, 5.694]
  [Scheduler] Reverse step 200/3000  x range: [-5.287, 5.548]
  [Scheduler] Reverse step 150/3000  x range: [-5.305, 5.902]
  [Scheduler] Reverse step 100/3000  x range: [-5.583, 5.878]
  [Scheduler] Reverse step  50/3000  x range: [-5.548, 5.507]
  [Scheduler] Reverse step   0/3000  x range: [-5.576, 5.476]
  Generated: 3776/5120

  --- Batch 60 (64 samples) ---
  [Scheduler] Reverse step 2999/3000  x range: [-5.010, 4.400]
  [Scheduler] Reverse step 2950/3000  x range: [-4.677, 4.241]
  [Scheduler] Reverse step 2900/3000  x range: [-4.794, 4.319]
  [Scheduler] Reverse step 2850/3000  x range: [-4.521, 4.531]
  [Scheduler] Reverse step 2800/3000  x range: [-4.484, 4.556]
  [Scheduler] Reverse step 2750/3000  x range: [-4.377, 4.613]
  [Scheduler] Reverse step 2700/3000  x range: [-4.627, 4.568]
  [Scheduler] Reverse step 2650/3000  x range: [-4.525, 5.287]
  [Scheduler] Reverse step 2600/3000  x range: [-4.381, 4.880]
  [Scheduler] Reverse step 2550/3000  x range: [-4.434, 4.327]
  [Scheduler] Reverse step 2500/3000  x range: [-4.550, 4.984]
  [Scheduler] Reverse step 2450/3000  x range: [-4.604, 4.545]
  [Scheduler] Reverse step 2400/3000  x range: [-4.518, 4.042]
  [Scheduler] Reverse step 2350/3000  x range: [-4.389, 4.447]
  [Scheduler] Reverse step 2300/3000  x range: [-4.061, 4.527]
  [Scheduler] Reverse step 2250/3000  x range: [-4.269, 4.477]
  [Scheduler] Reverse step 2200/3000  x range: [-4.516, 4.404]
  [Scheduler] Reverse step 2150/3000  x range: [-4.494, 4.621]
  [Scheduler] Reverse step 2100/3000  x range: [-4.479, 4.446]
  [Scheduler] Reverse step 2050/3000  x range: [-4.485, 4.275]
  [Scheduler] Reverse step 2000/3000  x range: [-4.453, 4.594]
  [Scheduler] Reverse step 1950/3000  x range: [-4.541, 4.409]
  [Scheduler] Reverse step 1900/3000  x range: [-4.671, 4.197]
  [Scheduler] Reverse step 1850/3000  x range: [-5.123, 4.663]
  [Scheduler] Reverse step 1800/3000  x range: [-4.623, 4.531]
  [Scheduler] Reverse step 1750/3000  x range: [-4.589, 4.368]
  [Scheduler] Reverse step 1700/3000  x range: [-4.718, 5.103]
  [Scheduler] Reverse step 1650/3000  x range: [-4.704, 4.692]
  [Scheduler] Reverse step 1600/3000  x range: [-4.596, 4.379]
  [Scheduler] Reverse step 1550/3000  x range: [-4.584, 5.135]
  [Scheduler] Reverse step 1500/3000  x range: [-4.599, 4.189]
  [Scheduler] Reverse step 1450/3000  x range: [-4.664, 4.812]
  [Scheduler] Reverse step 1400/3000  x range: [-4.553, 4.764]
  [Scheduler] Reverse step 1350/3000  x range: [-4.415, 4.571]
  [Scheduler] Reverse step 1300/3000  x range: [-4.507, 4.811]
  [Scheduler] Reverse step 1250/3000  x range: [-4.563, 4.900]
  [Scheduler] Reverse step 1200/3000  x range: [-4.756, 5.254]
  [Scheduler] Reverse step 1150/3000  x range: [-4.841, 4.532]
  [Scheduler] Reverse step 1100/3000  x range: [-4.655, 4.388]
  [Scheduler] Reverse step 1050/3000  x range: [-4.489, 4.371]
  [Scheduler] Reverse step 1000/3000  x range: [-4.267, 4.488]
  [Scheduler] Reverse step 950/3000  x range: [-4.578, 5.003]
  [Scheduler] Reverse step 900/3000  x range: [-4.550, 4.631]
  [Scheduler] Reverse step 850/3000  x range: [-4.676, 4.565]
  [Scheduler] Reverse step 800/3000  x range: [-4.788, 4.508]
  [Scheduler] Reverse step 750/3000  x range: [-4.436, 4.798]
  [Scheduler] Reverse step 700/3000  x range: [-4.559, 4.354]
  [Scheduler] Reverse step 650/3000  x range: [-4.353, 4.773]
  [Scheduler] Reverse step 600/3000  x range: [-4.638, 5.041]
  [Scheduler] Reverse step 550/3000  x range: [-4.882, 4.635]
  [Scheduler] Reverse step 500/3000  x range: [-4.900, 5.096]
  [Scheduler] Reverse step 450/3000  x range: [-5.377, 5.268]
  [Scheduler] Reverse step 400/3000  x range: [-5.030, 5.291]
  [Scheduler] Reverse step 350/3000  x range: [-5.387, 5.932]
  [Scheduler] Reverse step 300/3000  x range: [-5.610, 5.686]
  [Scheduler] Reverse step 250/3000  x range: [-5.732, 5.778]
  [Scheduler] Reverse step 200/3000  x range: [-5.955, 6.250]
  [Scheduler] Reverse step 150/3000  x range: [-6.111, 5.948]
  [Scheduler] Reverse step 100/3000  x range: [-6.694, 5.626]
  [Scheduler] Reverse step  50/3000  x range: [-6.952, 5.436]
  [Scheduler] Reverse step   0/3000  x range: [-7.303, 5.249]
  Generated: 3840/5120

  --- Batch 61 (64 samples) ---
  [Scheduler] Reverse step 2999/3000  x range: [-4.409, 4.885]
  [Scheduler] Reverse step 2950/3000  x range: [-4.472, 5.239]
  [Scheduler] Reverse step 2900/3000  x range: [-4.436, 4.401]
  [Scheduler] Reverse step 2850/3000  x range: [-4.273, 4.379]
  [Scheduler] Reverse step 2800/3000  x range: [-4.338, 4.142]
  [Scheduler] Reverse step 2750/3000  x range: [-4.602, 4.603]
  [Scheduler] Reverse step 2700/3000  x range: [-4.489, 4.410]
  [Scheduler] Reverse step 2650/3000  x range: [-4.347, 5.018]
  [Scheduler] Reverse step 2600/3000  x range: [-4.583, 4.697]
  [Scheduler] Reverse step 2550/3000  x range: [-5.191, 5.080]
  [Scheduler] Reverse step 2500/3000  x range: [-4.312, 4.530]
  [Scheduler] Reverse step 2450/3000  x range: [-4.327, 4.934]
  [Scheduler] Reverse step 2400/3000  x range: [-5.079, 5.024]
  [Scheduler] Reverse step 2350/3000  x range: [-4.826, 4.498]
  [Scheduler] Reverse step 2300/3000  x range: [-4.453, 5.017]
  [Scheduler] Reverse step 2250/3000  x range: [-4.941, 4.520]
  [Scheduler] Reverse step 2200/3000  x range: [-4.498, 4.794]
  [Scheduler] Reverse step 2150/3000  x range: [-5.149, 5.066]
  [Scheduler] Reverse step 2100/3000  x range: [-4.790, 5.174]
  [Scheduler] Reverse step 2050/3000  x range: [-4.644, 4.637]
  [Scheduler] Reverse step 2000/3000  x range: [-4.544, 4.313]
  [Scheduler] Reverse step 1950/3000  x range: [-4.519, 4.629]
  [Scheduler] Reverse step 1900/3000  x range: [-4.852, 4.624]
  [Scheduler] Reverse step 1850/3000  x range: [-4.379, 4.311]
  [Scheduler] Reverse step 1800/3000  x range: [-4.841, 4.575]
  [Scheduler] Reverse step 1750/3000  x range: [-5.026, 4.885]
  [Scheduler] Reverse step 1700/3000  x range: [-4.614, 4.619]
  [Scheduler] Reverse step 1650/3000  x range: [-4.866, 4.976]
  [Scheduler] Reverse step 1600/3000  x range: [-4.366, 4.855]
  [Scheduler] Reverse step 1550/3000  x range: [-4.448, 4.496]
  [Scheduler] Reverse step 1500/3000  x range: [-4.953, 4.390]
  [Scheduler] Reverse step 1450/3000  x range: [-4.592, 4.705]
  [Scheduler] Reverse step 1400/3000  x range: [-4.086, 4.346]
  [Scheduler] Reverse step 1350/3000  x range: [-4.270, 4.900]
  [Scheduler] Reverse step 1300/3000  x range: [-4.785, 4.918]
  [Scheduler] Reverse step 1250/3000  x range: [-4.716, 4.686]
  [Scheduler] Reverse step 1200/3000  x range: [-4.735, 4.680]
  [Scheduler] Reverse step 1150/3000  x range: [-4.711, 4.416]
  [Scheduler] Reverse step 1100/3000  x range: [-4.621, 4.803]
  [Scheduler] Reverse step 1050/3000  x range: [-4.679, 4.254]
  [Scheduler] Reverse step 1000/3000  x range: [-4.527, 4.247]
  [Scheduler] Reverse step 950/3000  x range: [-4.623, 4.668]
  [Scheduler] Reverse step 900/3000  x range: [-4.237, 4.558]
  [Scheduler] Reverse step 850/3000  x range: [-4.205, 5.237]
  [Scheduler] Reverse step 800/3000  x range: [-4.533, 5.140]
  [Scheduler] Reverse step 750/3000  x range: [-4.366, 5.807]
  [Scheduler] Reverse step 700/3000  x range: [-4.434, 5.468]
  [Scheduler] Reverse step 650/3000  x range: [-4.561, 4.519]
  [Scheduler] Reverse step 600/3000  x range: [-4.631, 4.992]
  [Scheduler] Reverse step 550/3000  x range: [-5.036, 4.858]
  [Scheduler] Reverse step 500/3000  x range: [-4.861, 5.235]
  [Scheduler] Reverse step 450/3000  x range: [-5.154, 5.363]
  [Scheduler] Reverse step 400/3000  x range: [-5.472, 5.257]
  [Scheduler] Reverse step 350/3000  x range: [-5.488, 5.565]
  [Scheduler] Reverse step 300/3000  x range: [-5.577, 5.440]
  [Scheduler] Reverse step 250/3000  x range: [-5.307, 5.573]
  [Scheduler] Reverse step 200/3000  x range: [-5.308, 5.373]
  [Scheduler] Reverse step 150/3000  x range: [-5.591, 5.744]
  [Scheduler] Reverse step 100/3000  x range: [-5.758, 5.818]
  [Scheduler] Reverse step  50/3000  x range: [-5.740, 5.638]
  [Scheduler] Reverse step   0/3000  x range: [-5.642, 5.373]
  Generated: 3904/5120

  --- Batch 62 (64 samples) ---
  [Scheduler] Reverse step 2999/3000  x range: [-4.645, 5.000]
  [Scheduler] Reverse step 2950/3000  x range: [-4.265, 4.277]
  [Scheduler] Reverse step 2900/3000  x range: [-4.380, 4.590]
  [Scheduler] Reverse step 2850/3000  x range: [-4.521, 4.627]
  [Scheduler] Reverse step 2800/3000  x range: [-4.520, 4.313]
  [Scheduler] Reverse step 2750/3000  x range: [-4.700, 4.216]
  [Scheduler] Reverse step 2700/3000  x range: [-4.636, 4.373]
  [Scheduler] Reverse step 2650/3000  x range: [-4.629, 4.767]
  [Scheduler] Reverse step 2600/3000  x range: [-4.925, 4.306]
  [Scheduler] Reverse step 2550/3000  x range: [-4.736, 4.839]
  [Scheduler] Reverse step 2500/3000  x range: [-4.894, 4.344]
  [Scheduler] Reverse step 2450/3000  x range: [-4.460, 4.263]
  [Scheduler] Reverse step 2400/3000  x range: [-4.277, 4.624]
  [Scheduler] Reverse step 2350/3000  x range: [-4.163, 4.988]
  [Scheduler] Reverse step 2300/3000  x range: [-4.499, 4.898]
  [Scheduler] Reverse step 2250/3000  x range: [-4.936, 4.997]
  [Scheduler] Reverse step 2200/3000  x range: [-4.521, 4.514]
  [Scheduler] Reverse step 2150/3000  x range: [-4.983, 4.893]
  [Scheduler] Reverse step 2100/3000  x range: [-4.222, 4.269]
  [Scheduler] Reverse step 2050/3000  x range: [-5.034, 4.464]
  [Scheduler] Reverse step 2000/3000  x range: [-4.577, 4.402]
  [Scheduler] Reverse step 1950/3000  x range: [-4.701, 4.112]
  [Scheduler] Reverse step 1900/3000  x range: [-5.063, 4.256]
  [Scheduler] Reverse step 1850/3000  x range: [-4.328, 4.407]
  [Scheduler] Reverse step 1800/3000  x range: [-4.533, 4.309]
  [Scheduler] Reverse step 1750/3000  x range: [-4.272, 4.425]
  [Scheduler] Reverse step 1700/3000  x range: [-4.167, 4.969]
  [Scheduler] Reverse step 1650/3000  x range: [-4.564, 4.309]
  [Scheduler] Reverse step 1600/3000  x range: [-4.467, 4.609]
  [Scheduler] Reverse step 1550/3000  x range: [-4.354, 4.397]
  [Scheduler] Reverse step 1500/3000  x range: [-4.238, 4.653]
  [Scheduler] Reverse step 1450/3000  x range: [-4.314, 4.520]
  [Scheduler] Reverse step 1400/3000  x range: [-4.518, 4.461]
  [Scheduler] Reverse step 1350/3000  x range: [-4.997, 4.332]
  [Scheduler] Reverse step 1300/3000  x range: [-4.512, 4.404]
  [Scheduler] Reverse step 1250/3000  x range: [-4.478, 5.267]
  [Scheduler] Reverse step 1200/3000  x range: [-4.486, 5.193]
  [Scheduler] Reverse step 1150/3000  x range: [-4.486, 4.877]
  [Scheduler] Reverse step 1100/3000  x range: [-4.385, 4.493]
  [Scheduler] Reverse step 1050/3000  x range: [-4.517, 4.433]
  [Scheduler] Reverse step 1000/3000  x range: [-4.349, 4.502]
  [Scheduler] Reverse step 950/3000  x range: [-4.655, 4.602]
  [Scheduler] Reverse step 900/3000  x range: [-4.526, 4.279]
  [Scheduler] Reverse step 850/3000  x range: [-4.430, 4.803]
  [Scheduler] Reverse step 800/3000  x range: [-4.129, 4.561]
  [Scheduler] Reverse step 750/3000  x range: [-4.768, 4.345]
  [Scheduler] Reverse step 700/3000  x range: [-4.597, 4.573]
  [Scheduler] Reverse step 650/3000  x range: [-4.341, 4.610]
  [Scheduler] Reverse step 600/3000  x range: [-4.700, 4.875]
  [Scheduler] Reverse step 550/3000  x range: [-5.252, 5.392]
  [Scheduler] Reverse step 500/3000  x range: [-5.393, 6.027]
  [Scheduler] Reverse step 450/3000  x range: [-5.596, 5.589]
  [Scheduler] Reverse step 400/3000  x range: [-5.491, 5.551]
  [Scheduler] Reverse step 350/3000  x range: [-5.712, 5.551]
  [Scheduler] Reverse step 300/3000  x range: [-5.762, 5.381]
  [Scheduler] Reverse step 250/3000  x range: [-5.845, 5.240]
  [Scheduler] Reverse step 200/3000  x range: [-5.960, 5.438]
  [Scheduler] Reverse step 150/3000  x range: [-5.532, 5.197]
  [Scheduler] Reverse step 100/3000  x range: [-5.375, 5.129]
  [Scheduler] Reverse step  50/3000  x range: [-5.344, 5.135]
  [Scheduler] Reverse step   0/3000  x range: [-5.232, 4.998]
  Generated: 3968/5120

  --- Batch 63 (64 samples) ---
  [Scheduler] Reverse step 2999/3000  x range: [-4.400, 4.812]
  [Scheduler] Reverse step 2950/3000  x range: [-4.518, 4.407]
  [Scheduler] Reverse step 2900/3000  x range: [-4.463, 4.317]
  [Scheduler] Reverse step 2850/3000  x range: [-4.551, 4.524]
  [Scheduler] Reverse step 2800/3000  x range: [-4.330, 4.283]
  [Scheduler] Reverse step 2750/3000  x range: [-4.532, 4.459]
  [Scheduler] Reverse step 2700/3000  x range: [-4.626, 4.246]
  [Scheduler] Reverse step 2650/3000  x range: [-5.136, 4.625]
  [Scheduler] Reverse step 2600/3000  x range: [-4.189, 4.554]
  [Scheduler] Reverse step 2550/3000  x range: [-4.719, 4.597]
  [Scheduler] Reverse step 2500/3000  x range: [-4.810, 4.459]
  [Scheduler] Reverse step 2450/3000  x range: [-4.542, 4.590]
  [Scheduler] Reverse step 2400/3000  x range: [-4.579, 4.281]
  [Scheduler] Reverse step 2350/3000  x range: [-4.347, 4.513]
  [Scheduler] Reverse step 2300/3000  x range: [-4.457, 4.501]
  [Scheduler] Reverse step 2250/3000  x range: [-4.581, 4.576]
  [Scheduler] Reverse step 2200/3000  x range: [-4.621, 4.800]
  [Scheduler] Reverse step 2150/3000  x range: [-4.575, 4.406]
  [Scheduler] Reverse step 2100/3000  x range: [-4.891, 4.501]
  [Scheduler] Reverse step 2050/3000  x range: [-4.861, 4.249]
  [Scheduler] Reverse step 2000/3000  x range: [-4.668, 4.206]
  [Scheduler] Reverse step 1950/3000  x range: [-4.858, 4.289]
  [Scheduler] Reverse step 1900/3000  x range: [-4.770, 4.170]
  [Scheduler] Reverse step 1850/3000  x range: [-4.628, 4.253]
  [Scheduler] Reverse step 1800/3000  x range: [-4.680, 4.657]
  [Scheduler] Reverse step 1750/3000  x range: [-4.616, 4.508]
  [Scheduler] Reverse step 1700/3000  x range: [-4.210, 4.981]
  [Scheduler] Reverse step 1650/3000  x range: [-4.799, 4.223]
  [Scheduler] Reverse step 1600/3000  x range: [-4.779, 4.628]
  [Scheduler] Reverse step 1550/3000  x range: [-5.010, 4.568]
  [Scheduler] Reverse step 1500/3000  x range: [-4.827, 4.635]
  [Scheduler] Reverse step 1450/3000  x range: [-4.488, 4.586]
  [Scheduler] Reverse step 1400/3000  x range: [-4.710, 4.448]
  [Scheduler] Reverse step 1350/3000  x range: [-4.540, 4.224]
  [Scheduler] Reverse step 1300/3000  x range: [-4.883, 4.553]
  [Scheduler] Reverse step 1250/3000  x range: [-4.224, 4.670]
  [Scheduler] Reverse step 1200/3000  x range: [-4.210, 4.359]
  [Scheduler] Reverse step 1150/3000  x range: [-4.489, 4.498]
  [Scheduler] Reverse step 1100/3000  x range: [-4.678, 4.301]
  [Scheduler] Reverse step 1050/3000  x range: [-5.031, 4.398]
  [Scheduler] Reverse step 1000/3000  x range: [-4.361, 4.711]
  [Scheduler] Reverse step 950/3000  x range: [-4.742, 4.381]
  [Scheduler] Reverse step 900/3000  x range: [-4.707, 4.729]
  [Scheduler] Reverse step 850/3000  x range: [-4.890, 4.798]
  [Scheduler] Reverse step 800/3000  x range: [-4.516, 5.014]
  [Scheduler] Reverse step 750/3000  x range: [-4.471, 4.828]
  [Scheduler] Reverse step 700/3000  x range: [-4.703, 4.821]
  [Scheduler] Reverse step 650/3000  x range: [-5.071, 4.570]
  [Scheduler] Reverse step 600/3000  x range: [-5.065, 4.545]
  [Scheduler] Reverse step 550/3000  x range: [-4.655, 4.932]
  [Scheduler] Reverse step 500/3000  x range: [-5.056, 5.778]
  [Scheduler] Reverse step 450/3000  x range: [-4.940, 5.467]
  [Scheduler] Reverse step 400/3000  x range: [-5.150, 5.503]
  [Scheduler] Reverse step 350/3000  x range: [-5.266, 5.617]
  [Scheduler] Reverse step 300/3000  x range: [-5.369, 5.809]
  [Scheduler] Reverse step 250/3000  x range: [-5.500, 5.581]
  [Scheduler] Reverse step 200/3000  x range: [-5.343, 5.810]
  [Scheduler] Reverse step 150/3000  x range: [-5.196, 5.446]
  [Scheduler] Reverse step 100/3000  x range: [-5.410, 5.397]
  [Scheduler] Reverse step  50/3000  x range: [-5.085, 5.387]
  [Scheduler] Reverse step   0/3000  x range: [-4.959, 4.983]
  Generated: 4032/5120

  --- Batch 64 (64 samples) ---
  [Scheduler] Reverse step 2999/3000  x range: [-4.503, 4.487]
  [Scheduler] Reverse step 2950/3000  x range: [-4.371, 4.124]
  [Scheduler] Reverse step 2900/3000  x range: [-4.842, 4.372]
  [Scheduler] Reverse step 2850/3000  x range: [-4.375, 4.565]
  [Scheduler] Reverse step 2800/3000  x range: [-4.866, 4.475]
  [Scheduler] Reverse step 2750/3000  x range: [-4.410, 4.755]
  [Scheduler] Reverse step 2700/3000  x range: [-4.306, 4.514]
  [Scheduler] Reverse step 2650/3000  x range: [-4.520, 4.569]
  [Scheduler] Reverse step 2600/3000  x range: [-4.937, 4.622]
  [Scheduler] Reverse step 2550/3000  x range: [-4.360, 4.361]
  [Scheduler] Reverse step 2500/3000  x range: [-4.445, 4.782]
  [Scheduler] Reverse step 2450/3000  x range: [-4.402, 4.411]
  [Scheduler] Reverse step 2400/3000  x range: [-4.484, 4.430]
  [Scheduler] Reverse step 2350/3000  x range: [-4.562, 4.459]
  [Scheduler] Reverse step 2300/3000  x range: [-4.420, 4.921]
  [Scheduler] Reverse step 2250/3000  x range: [-4.685, 4.182]
  [Scheduler] Reverse step 2200/3000  x range: [-4.834, 4.428]
  [Scheduler] Reverse step 2150/3000  x range: [-4.464, 4.333]
  [Scheduler] Reverse step 2100/3000  x range: [-4.538, 4.528]
  [Scheduler] Reverse step 2050/3000  x range: [-4.469, 4.262]
  [Scheduler] Reverse step 2000/3000  x range: [-4.809, 4.587]
  [Scheduler] Reverse step 1950/3000  x range: [-4.499, 4.563]
  [Scheduler] Reverse step 1900/3000  x range: [-4.635, 4.542]
  [Scheduler] Reverse step 1850/3000  x range: [-4.695, 4.085]
  [Scheduler] Reverse step 1800/3000  x range: [-4.630, 4.883]
  [Scheduler] Reverse step 1750/3000  x range: [-4.504, 4.444]
  [Scheduler] Reverse step 1700/3000  x range: [-4.455, 4.810]
  [Scheduler] Reverse step 1650/3000  x range: [-4.536, 4.914]
  [Scheduler] Reverse step 1600/3000  x range: [-4.360, 4.297]
  [Scheduler] Reverse step 1550/3000  x range: [-5.015, 4.663]
  [Scheduler] Reverse step 1500/3000  x range: [-5.197, 4.658]
  [Scheduler] Reverse step 1450/3000  x range: [-4.355, 4.436]
  [Scheduler] Reverse step 1400/3000  x range: [-4.406, 4.616]
  [Scheduler] Reverse step 1350/3000  x range: [-4.625, 4.345]
  [Scheduler] Reverse step 1300/3000  x range: [-4.563, 4.513]
  [Scheduler] Reverse step 1250/3000  x range: [-5.414, 4.514]
  [Scheduler] Reverse step 1200/3000  x range: [-4.650, 4.569]
  [Scheduler] Reverse step 1150/3000  x range: [-4.337, 4.485]
  [Scheduler] Reverse step 1100/3000  x range: [-4.339, 4.908]
  [Scheduler] Reverse step 1050/3000  x range: [-4.332, 4.570]
  [Scheduler] Reverse step 1000/3000  x range: [-4.507, 4.562]
  [Scheduler] Reverse step 950/3000  x range: [-4.989, 4.881]
  [Scheduler] Reverse step 900/3000  x range: [-5.355, 4.422]
  [Scheduler] Reverse step 850/3000  x range: [-4.981, 4.510]
  [Scheduler] Reverse step 800/3000  x range: [-4.822, 4.341]
  [Scheduler] Reverse step 750/3000  x range: [-4.403, 4.912]
  [Scheduler] Reverse step 700/3000  x range: [-4.495, 4.540]
  [Scheduler] Reverse step 650/3000  x range: [-4.270, 4.734]
  [Scheduler] Reverse step 600/3000  x range: [-4.629, 4.730]
  [Scheduler] Reverse step 550/3000  x range: [-4.593, 4.836]
  [Scheduler] Reverse step 500/3000  x range: [-5.142, 4.963]
  [Scheduler] Reverse step 450/3000  x range: [-4.987, 4.898]
  [Scheduler] Reverse step 400/3000  x range: [-4.960, 5.163]
  [Scheduler] Reverse step 350/3000  x range: [-5.336, 5.451]
  [Scheduler] Reverse step 300/3000  x range: [-5.373, 6.252]
  [Scheduler] Reverse step 250/3000  x range: [-5.421, 6.331]
  [Scheduler] Reverse step 200/3000  x range: [-5.302, 6.609]
  [Scheduler] Reverse step 150/3000  x range: [-5.253, 6.093]
  [Scheduler] Reverse step 100/3000  x range: [-5.178, 5.835]
  [Scheduler] Reverse step  50/3000  x range: [-5.138, 5.613]
  [Scheduler] Reverse step   0/3000  x range: [-5.022, 5.198]
  Generated: 4096/5120

  --- Batch 65 (64 samples) ---
  [Scheduler] Reverse step 2999/3000  x range: [-4.459, 4.685]
  [Scheduler] Reverse step 2950/3000  x range: [-4.310, 4.625]
  [Scheduler] Reverse step 2900/3000  x range: [-4.693, 4.517]
  [Scheduler] Reverse step 2850/3000  x range: [-4.863, 4.393]
  [Scheduler] Reverse step 2800/3000  x range: [-4.759, 4.535]
  [Scheduler] Reverse step 2750/3000  x range: [-4.568, 4.777]
  [Scheduler] Reverse step 2700/3000  x range: [-4.308, 4.429]
  [Scheduler] Reverse step 2650/3000  x range: [-4.565, 4.768]
  [Scheduler] Reverse step 2600/3000  x range: [-4.609, 4.694]
  [Scheduler] Reverse step 2550/3000  x range: [-4.175, 4.808]
  [Scheduler] Reverse step 2500/3000  x range: [-4.449, 4.516]
  [Scheduler] Reverse step 2450/3000  x range: [-4.383, 4.414]
  [Scheduler] Reverse step 2400/3000  x range: [-4.401, 4.312]
  [Scheduler] Reverse step 2350/3000  x range: [-4.559, 4.413]
  [Scheduler] Reverse step 2300/3000  x range: [-4.793, 4.271]
  [Scheduler] Reverse step 2250/3000  x range: [-4.697, 4.711]
  [Scheduler] Reverse step 2200/3000  x range: [-4.409, 4.300]
  [Scheduler] Reverse step 2150/3000  x range: [-4.630, 4.936]
  [Scheduler] Reverse step 2100/3000  x range: [-4.239, 4.455]
  [Scheduler] Reverse step 2050/3000  x range: [-4.488, 4.660]
  [Scheduler] Reverse step 2000/3000  x range: [-4.468, 5.070]
  [Scheduler] Reverse step 1950/3000  x range: [-4.331, 4.279]
  [Scheduler] Reverse step 1900/3000  x range: [-4.401, 4.748]
  [Scheduler] Reverse step 1850/3000  x range: [-4.585, 4.724]
  [Scheduler] Reverse step 1800/3000  x range: [-4.504, 4.373]
  [Scheduler] Reverse step 1750/3000  x range: [-4.563, 5.051]
  [Scheduler] Reverse step 1700/3000  x range: [-4.654, 4.690]
  [Scheduler] Reverse step 1650/3000  x range: [-4.340, 4.987]
  [Scheduler] Reverse step 1600/3000  x range: [-4.617, 4.472]
  [Scheduler] Reverse step 1550/3000  x range: [-4.290, 4.419]
  [Scheduler] Reverse step 1500/3000  x range: [-4.710, 5.224]
  [Scheduler] Reverse step 1450/3000  x range: [-4.161, 4.536]
  [Scheduler] Reverse step 1400/3000  x range: [-4.345, 4.493]
  [Scheduler] Reverse step 1350/3000  x range: [-5.411, 4.669]
  [Scheduler] Reverse step 1300/3000  x range: [-4.416, 4.520]
  [Scheduler] Reverse step 1250/3000  x range: [-4.318, 4.261]
  [Scheduler] Reverse step 1200/3000  x range: [-4.427, 4.352]
  [Scheduler] Reverse step 1150/3000  x range: [-4.672, 4.554]
  [Scheduler] Reverse step 1100/3000  x range: [-4.595, 4.706]
  [Scheduler] Reverse step 1050/3000  x range: [-4.663, 5.021]
  [Scheduler] Reverse step 1000/3000  x range: [-4.759, 4.944]
  [Scheduler] Reverse step 950/3000  x range: [-4.906, 4.463]
  [Scheduler] Reverse step 900/3000  x range: [-5.316, 4.772]
  [Scheduler] Reverse step 850/3000  x range: [-4.661, 4.353]
  [Scheduler] Reverse step 800/3000  x range: [-4.323, 4.562]
  [Scheduler] Reverse step 750/3000  x range: [-4.316, 4.531]
  [Scheduler] Reverse step 700/3000  x range: [-4.647, 4.245]
  [Scheduler] Reverse step 650/3000  x range: [-4.519, 4.855]
  [Scheduler] Reverse step 600/3000  x range: [-4.427, 4.748]
  [Scheduler] Reverse step 550/3000  x range: [-4.852, 5.186]
  [Scheduler] Reverse step 500/3000  x range: [-4.818, 4.996]
  [Scheduler] Reverse step 450/3000  x range: [-4.911, 5.489]
  [Scheduler] Reverse step 400/3000  x range: [-5.404, 5.171]
  [Scheduler] Reverse step 350/3000  x range: [-5.655, 5.552]
  [Scheduler] Reverse step 300/3000  x range: [-5.532, 5.695]
  [Scheduler] Reverse step 250/3000  x range: [-5.342, 5.418]
  [Scheduler] Reverse step 200/3000  x range: [-5.506, 5.210]
  [Scheduler] Reverse step 150/3000  x range: [-5.360, 5.332]
  [Scheduler] Reverse step 100/3000  x range: [-5.326, 5.261]
  [Scheduler] Reverse step  50/3000  x range: [-5.058, 5.043]
  [Scheduler] Reverse step   0/3000  x range: [-5.308, 5.139]
  Generated: 4160/5120

  --- Batch 66 (64 samples) ---
  [Scheduler] Reverse step 2999/3000  x range: [-5.140, 4.911]
  [Scheduler] Reverse step 2950/3000  x range: [-4.604, 4.988]
  [Scheduler] Reverse step 2900/3000  x range: [-4.394, 4.876]
  [Scheduler] Reverse step 2850/3000  x range: [-4.787, 4.482]
  [Scheduler] Reverse step 2800/3000  x range: [-4.504, 4.595]
  [Scheduler] Reverse step 2750/3000  x range: [-4.374, 4.654]
  [Scheduler] Reverse step 2700/3000  x range: [-4.363, 4.659]
  [Scheduler] Reverse step 2650/3000  x range: [-4.195, 4.328]
  [Scheduler] Reverse step 2600/3000  x range: [-4.880, 4.390]
  [Scheduler] Reverse step 2550/3000  x range: [-4.690, 4.582]
  [Scheduler] Reverse step 2500/3000  x range: [-4.365, 4.412]
  [Scheduler] Reverse step 2450/3000  x range: [-4.839, 4.370]
  [Scheduler] Reverse step 2400/3000  x range: [-4.474, 4.256]
  [Scheduler] Reverse step 2350/3000  x range: [-4.593, 4.649]
  [Scheduler] Reverse step 2300/3000  x range: [-4.248, 4.379]
  [Scheduler] Reverse step 2250/3000  x range: [-4.343, 4.128]
  [Scheduler] Reverse step 2200/3000  x range: [-4.661, 4.766]
  [Scheduler] Reverse step 2150/3000  x range: [-4.627, 4.507]
  [Scheduler] Reverse step 2100/3000  x range: [-4.588, 4.989]
  [Scheduler] Reverse step 2050/3000  x range: [-4.385, 4.254]
  [Scheduler] Reverse step 2000/3000  x range: [-4.328, 4.905]
  [Scheduler] Reverse step 1950/3000  x range: [-4.920, 4.492]
  [Scheduler] Reverse step 1900/3000  x range: [-4.644, 4.911]
  [Scheduler] Reverse step 1850/3000  x range: [-4.556, 4.430]
  [Scheduler] Reverse step 1800/3000  x range: [-4.494, 4.514]
  [Scheduler] Reverse step 1750/3000  x range: [-4.250, 4.663]
  [Scheduler] Reverse step 1700/3000  x range: [-4.755, 4.490]
  [Scheduler] Reverse step 1650/3000  x range: [-4.621, 4.286]
  [Scheduler] Reverse step 1600/3000  x range: [-4.837, 4.461]
  [Scheduler] Reverse step 1550/3000  x range: [-4.716, 4.500]
  [Scheduler] Reverse step 1500/3000  x range: [-4.801, 4.619]
  [Scheduler] Reverse step 1450/3000  x range: [-4.613, 4.627]
  [Scheduler] Reverse step 1400/3000  x range: [-4.667, 4.671]
  [Scheduler] Reverse step 1350/3000  x range: [-4.501, 4.484]
  [Scheduler] Reverse step 1300/3000  x range: [-4.910, 4.590]
  [Scheduler] Reverse step 1250/3000  x range: [-4.810, 4.394]
  [Scheduler] Reverse step 1200/3000  x range: [-4.552, 4.348]
  [Scheduler] Reverse step 1150/3000  x range: [-4.650, 4.412]
  [Scheduler] Reverse step 1100/3000  x range: [-4.484, 4.468]
  [Scheduler] Reverse step 1050/3000  x range: [-4.637, 4.235]
  [Scheduler] Reverse step 1000/3000  x range: [-4.915, 4.445]
  [Scheduler] Reverse step 950/3000  x range: [-4.798, 4.529]
  [Scheduler] Reverse step 900/3000  x range: [-4.947, 4.404]
  [Scheduler] Reverse step 850/3000  x range: [-4.830, 4.282]
  [Scheduler] Reverse step 800/3000  x range: [-4.803, 4.314]
  [Scheduler] Reverse step 750/3000  x range: [-4.740, 4.310]
  [Scheduler] Reverse step 700/3000  x range: [-4.444, 4.478]
  [Scheduler] Reverse step 650/3000  x range: [-4.253, 4.635]
  [Scheduler] Reverse step 600/3000  x range: [-4.382, 5.030]
  [Scheduler] Reverse step 550/3000  x range: [-4.702, 4.732]
  [Scheduler] Reverse step 500/3000  x range: [-5.228, 5.081]
  [Scheduler] Reverse step 450/3000  x range: [-5.231, 5.030]
  [Scheduler] Reverse step 400/3000  x range: [-5.070, 5.142]
  [Scheduler] Reverse step 350/3000  x range: [-5.110, 5.989]
  [Scheduler] Reverse step 300/3000  x range: [-5.655, 5.208]
  [Scheduler] Reverse step 250/3000  x range: [-6.073, 5.289]
  [Scheduler] Reverse step 200/3000  x range: [-6.149, 5.270]
  [Scheduler] Reverse step 150/3000  x range: [-6.263, 5.398]
  [Scheduler] Reverse step 100/3000  x range: [-6.136, 5.308]
  [Scheduler] Reverse step  50/3000  x range: [-5.761, 5.136]
  [Scheduler] Reverse step   0/3000  x range: [-5.608, 5.429]
  Generated: 4224/5120

  --- Batch 67 (64 samples) ---
  [Scheduler] Reverse step 2999/3000  x range: [-4.287, 4.724]
  [Scheduler] Reverse step 2950/3000  x range: [-4.684, 5.093]
  [Scheduler] Reverse step 2900/3000  x range: [-4.392, 4.820]
  [Scheduler] Reverse step 2850/3000  x range: [-4.429, 4.624]
  [Scheduler] Reverse step 2800/3000  x range: [-4.319, 4.594]
  [Scheduler] Reverse step 2750/3000  x range: [-4.429, 4.491]
  [Scheduler] Reverse step 2700/3000  x range: [-4.518, 4.571]
  [Scheduler] Reverse step 2650/3000  x range: [-4.835, 4.933]
  [Scheduler] Reverse step 2600/3000  x range: [-4.185, 4.516]
  [Scheduler] Reverse step 2550/3000  x range: [-4.476, 5.022]
  [Scheduler] Reverse step 2500/3000  x range: [-4.832, 5.265]
  [Scheduler] Reverse step 2450/3000  x range: [-4.359, 4.683]
  [Scheduler] Reverse step 2400/3000  x range: [-5.610, 4.513]
  [Scheduler] Reverse step 2350/3000  x range: [-4.606, 4.480]
  [Scheduler] Reverse step 2300/3000  x range: [-4.480, 4.430]
  [Scheduler] Reverse step 2250/3000  x range: [-4.939, 4.302]
  [Scheduler] Reverse step 2200/3000  x range: [-4.449, 4.567]
  [Scheduler] Reverse step 2150/3000  x range: [-4.367, 4.965]
  [Scheduler] Reverse step 2100/3000  x range: [-4.455, 5.007]
  [Scheduler] Reverse step 2050/3000  x range: [-4.681, 4.625]
  [Scheduler] Reverse step 2000/3000  x range: [-4.828, 4.516]
  [Scheduler] Reverse step 1950/3000  x range: [-4.249, 4.562]
  [Scheduler] Reverse step 1900/3000  x range: [-4.417, 4.427]
  [Scheduler] Reverse step 1850/3000  x range: [-4.599, 4.389]
  [Scheduler] Reverse step 1800/3000  x range: [-4.454, 4.778]
  [Scheduler] Reverse step 1750/3000  x range: [-4.540, 4.665]
  [Scheduler] Reverse step 1700/3000  x range: [-4.421, 4.496]
  [Scheduler] Reverse step 1650/3000  x range: [-4.463, 4.662]
  [Scheduler] Reverse step 1600/3000  x range: [-4.553, 5.111]
  [Scheduler] Reverse step 1550/3000  x range: [-4.529, 4.449]
  [Scheduler] Reverse step 1500/3000  x range: [-4.174, 4.377]
  [Scheduler] Reverse step 1450/3000  x range: [-4.610, 4.498]
  [Scheduler] Reverse step 1400/3000  x range: [-5.032, 4.629]
  [Scheduler] Reverse step 1350/3000  x range: [-4.256, 4.547]
  [Scheduler] Reverse step 1300/3000  x range: [-4.484, 4.796]
  [Scheduler] Reverse step 1250/3000  x range: [-4.853, 4.745]
  [Scheduler] Reverse step 1200/3000  x range: [-4.724, 4.580]
  [Scheduler] Reverse step 1150/3000  x range: [-4.482, 4.452]
  [Scheduler] Reverse step 1100/3000  x range: [-4.474, 4.938]
  [Scheduler] Reverse step 1050/3000  x range: [-4.466, 4.433]
  [Scheduler] Reverse step 1000/3000  x range: [-4.809, 4.516]
  [Scheduler] Reverse step 950/3000  x range: [-4.433, 4.463]
  [Scheduler] Reverse step 900/3000  x range: [-4.759, 4.418]
  [Scheduler] Reverse step 850/3000  x range: [-4.686, 4.663]
  [Scheduler] Reverse step 800/3000  x range: [-4.462, 4.623]
  [Scheduler] Reverse step 750/3000  x range: [-4.454, 4.745]
  [Scheduler] Reverse step 700/3000  x range: [-4.496, 4.507]
  [Scheduler] Reverse step 650/3000  x range: [-4.840, 4.442]
  [Scheduler] Reverse step 600/3000  x range: [-5.035, 4.761]
  [Scheduler] Reverse step 550/3000  x range: [-5.228, 4.698]
  [Scheduler] Reverse step 500/3000  x range: [-5.253, 4.872]
  [Scheduler] Reverse step 450/3000  x range: [-5.106, 5.176]
  [Scheduler] Reverse step 400/3000  x range: [-4.829, 5.263]
  [Scheduler] Reverse step 350/3000  x range: [-5.032, 5.129]
  [Scheduler] Reverse step 300/3000  x range: [-5.262, 5.518]
  [Scheduler] Reverse step 250/3000  x range: [-5.384, 5.655]
  [Scheduler] Reverse step 200/3000  x range: [-5.374, 5.360]
  [Scheduler] Reverse step 150/3000  x range: [-5.181, 5.451]
  [Scheduler] Reverse step 100/3000  x range: [-5.446, 5.211]
  [Scheduler] Reverse step  50/3000  x range: [-5.406, 5.161]
  [Scheduler] Reverse step   0/3000  x range: [-5.426, 4.991]
  Generated: 4288/5120

  --- Batch 68 (64 samples) ---
  [Scheduler] Reverse step 2999/3000  x range: [-4.674, 4.405]
  [Scheduler] Reverse step 2950/3000  x range: [-4.488, 5.111]
  [Scheduler] Reverse step 2900/3000  x range: [-4.811, 5.211]
  [Scheduler] Reverse step 2850/3000  x range: [-4.781, 4.577]
  [Scheduler] Reverse step 2800/3000  x range: [-4.459, 4.458]
  [Scheduler] Reverse step 2750/3000  x range: [-4.744, 5.748]
  [Scheduler] Reverse step 2700/3000  x range: [-4.473, 5.029]
  [Scheduler] Reverse step 2650/3000  x range: [-4.657, 4.381]
  [Scheduler] Reverse step 2600/3000  x range: [-4.418, 4.665]
  [Scheduler] Reverse step 2550/3000  x range: [-4.470, 4.682]
  [Scheduler] Reverse step 2500/3000  x range: [-4.532, 4.524]
  [Scheduler] Reverse step 2450/3000  x range: [-4.142, 4.842]
  [Scheduler] Reverse step 2400/3000  x range: [-4.589, 4.762]
  [Scheduler] Reverse step 2350/3000  x range: [-4.615, 4.526]
  [Scheduler] Reverse step 2300/3000  x range: [-4.366, 5.101]
  [Scheduler] Reverse step 2250/3000  x range: [-4.462, 4.545]
  [Scheduler] Reverse step 2200/3000  x range: [-5.056, 5.104]
  [Scheduler] Reverse step 2150/3000  x range: [-4.577, 4.422]
  [Scheduler] Reverse step 2100/3000  x range: [-4.586, 4.529]
  [Scheduler] Reverse step 2050/3000  x range: [-4.523, 4.501]
  [Scheduler] Reverse step 2000/3000  x range: [-4.411, 4.628]
  [Scheduler] Reverse step 1950/3000  x range: [-4.497, 4.293]
  [Scheduler] Reverse step 1900/3000  x range: [-4.644, 4.276]
  [Scheduler] Reverse step 1850/3000  x range: [-4.734, 4.754]
  [Scheduler] Reverse step 1800/3000  x range: [-4.212, 4.412]
  [Scheduler] Reverse step 1750/3000  x range: [-4.603, 4.525]
  [Scheduler] Reverse step 1700/3000  x range: [-4.551, 4.257]
  [Scheduler] Reverse step 1650/3000  x range: [-4.596, 4.333]
  [Scheduler] Reverse step 1600/3000  x range: [-4.792, 5.223]
  [Scheduler] Reverse step 1550/3000  x range: [-4.915, 4.448]
  [Scheduler] Reverse step 1500/3000  x range: [-5.003, 4.584]
  [Scheduler] Reverse step 1450/3000  x range: [-4.696, 4.436]
  [Scheduler] Reverse step 1400/3000  x range: [-4.531, 4.404]
  [Scheduler] Reverse step 1350/3000  x range: [-5.034, 4.822]
  [Scheduler] Reverse step 1300/3000  x range: [-4.683, 4.415]
  [Scheduler] Reverse step 1250/3000  x range: [-4.431, 4.498]
  [Scheduler] Reverse step 1200/3000  x range: [-4.412, 4.772]
  [Scheduler] Reverse step 1150/3000  x range: [-4.654, 4.526]
  [Scheduler] Reverse step 1100/3000  x range: [-4.554, 4.326]
  [Scheduler] Reverse step 1050/3000  x range: [-4.640, 4.226]
  [Scheduler] Reverse step 1000/3000  x range: [-4.843, 4.102]
  [Scheduler] Reverse step 950/3000  x range: [-4.700, 4.295]
  [Scheduler] Reverse step 900/3000  x range: [-4.203, 4.724]
  [Scheduler] Reverse step 850/3000  x range: [-4.630, 4.268]
  [Scheduler] Reverse step 800/3000  x range: [-4.918, 4.305]
  [Scheduler] Reverse step 750/3000  x range: [-4.812, 4.420]
  [Scheduler] Reverse step 700/3000  x range: [-4.675, 4.462]
  [Scheduler] Reverse step 650/3000  x range: [-4.523, 4.245]
  [Scheduler] Reverse step 600/3000  x range: [-4.668, 4.692]
  [Scheduler] Reverse step 550/3000  x range: [-4.735, 4.982]
  [Scheduler] Reverse step 500/3000  x range: [-4.853, 5.046]
  [Scheduler] Reverse step 450/3000  x range: [-5.057, 5.340]
  [Scheduler] Reverse step 400/3000  x range: [-5.493, 5.416]
  [Scheduler] Reverse step 350/3000  x range: [-5.356, 5.297]
  [Scheduler] Reverse step 300/3000  x range: [-5.326, 5.754]
  [Scheduler] Reverse step 250/3000  x range: [-5.496, 5.482]
  [Scheduler] Reverse step 200/3000  x range: [-5.501, 5.920]
  [Scheduler] Reverse step 150/3000  x range: [-5.378, 5.654]
  [Scheduler] Reverse step 100/3000  x range: [-5.226, 5.531]
  [Scheduler] Reverse step  50/3000  x range: [-5.132, 5.481]
  [Scheduler] Reverse step   0/3000  x range: [-5.149, 5.432]
  Generated: 4352/5120

  --- Batch 69 (64 samples) ---
  [Scheduler] Reverse step 2999/3000  x range: [-4.635, 4.856]
  [Scheduler] Reverse step 2950/3000  x range: [-4.650, 4.684]
  [Scheduler] Reverse step 2900/3000  x range: [-4.493, 4.285]
  [Scheduler] Reverse step 2850/3000  x range: [-4.443, 5.064]
  [Scheduler] Reverse step 2800/3000  x range: [-4.583, 4.694]
  [Scheduler] Reverse step 2750/3000  x range: [-4.620, 4.542]
  [Scheduler] Reverse step 2700/3000  x range: [-5.182, 4.716]
  [Scheduler] Reverse step 2650/3000  x range: [-4.211, 4.823]
  [Scheduler] Reverse step 2600/3000  x range: [-4.417, 4.634]
  [Scheduler] Reverse step 2550/3000  x range: [-4.516, 4.350]
  [Scheduler] Reverse step 2500/3000  x range: [-4.433, 4.677]
  [Scheduler] Reverse step 2450/3000  x range: [-4.433, 4.655]
  [Scheduler] Reverse step 2400/3000  x range: [-4.464, 4.337]
  [Scheduler] Reverse step 2350/3000  x range: [-4.576, 4.600]
  [Scheduler] Reverse step 2300/3000  x range: [-4.458, 4.321]
  [Scheduler] Reverse step 2250/3000  x range: [-4.301, 4.396]
  [Scheduler] Reverse step 2200/3000  x range: [-4.794, 4.456]
  [Scheduler] Reverse step 2150/3000  x range: [-4.642, 4.526]
  [Scheduler] Reverse step 2100/3000  x range: [-4.647, 4.613]
  [Scheduler] Reverse step 2050/3000  x range: [-4.761, 4.835]
  [Scheduler] Reverse step 2000/3000  x range: [-4.377, 4.529]
  [Scheduler] Reverse step 1950/3000  x range: [-4.954, 4.893]
  [Scheduler] Reverse step 1900/3000  x range: [-4.963, 4.303]
  [Scheduler] Reverse step 1850/3000  x range: [-4.832, 4.828]
  [Scheduler] Reverse step 1800/3000  x range: [-5.358, 4.767]
  [Scheduler] Reverse step 1750/3000  x range: [-4.735, 4.703]
  [Scheduler] Reverse step 1700/3000  x range: [-4.433, 4.675]
  [Scheduler] Reverse step 1650/3000  x range: [-4.696, 4.380]
  [Scheduler] Reverse step 1600/3000  x range: [-4.451, 5.287]
  [Scheduler] Reverse step 1550/3000  x range: [-4.552, 5.489]
  [Scheduler] Reverse step 1500/3000  x range: [-4.547, 5.227]
  [Scheduler] Reverse step 1450/3000  x range: [-4.262, 4.500]
  [Scheduler] Reverse step 1400/3000  x range: [-4.440, 4.768]
  [Scheduler] Reverse step 1350/3000  x range: [-4.636, 4.530]
  [Scheduler] Reverse step 1300/3000  x range: [-4.662, 4.165]
  [Scheduler] Reverse step 1250/3000  x range: [-4.781, 4.444]
  [Scheduler] Reverse step 1200/3000  x range: [-4.862, 4.190]
  [Scheduler] Reverse step 1150/3000  x range: [-4.565, 4.318]
  [Scheduler] Reverse step 1100/3000  x range: [-4.589, 4.446]
  [Scheduler] Reverse step 1050/3000  x range: [-4.708, 4.965]
  [Scheduler] Reverse step 1000/3000  x range: [-4.414, 4.558]
  [Scheduler] Reverse step 950/3000  x range: [-4.517, 4.408]
  [Scheduler] Reverse step 900/3000  x range: [-4.479, 4.697]
  [Scheduler] Reverse step 850/3000  x range: [-4.336, 4.607]
  [Scheduler] Reverse step 800/3000  x range: [-4.599, 4.349]
  [Scheduler] Reverse step 750/3000  x range: [-5.122, 4.285]
  [Scheduler] Reverse step 700/3000  x range: [-5.448, 4.923]
  [Scheduler] Reverse step 650/3000  x range: [-5.506, 5.248]
  [Scheduler] Reverse step 600/3000  x range: [-5.597, 5.051]
  [Scheduler] Reverse step 550/3000  x range: [-5.616, 5.200]
  [Scheduler] Reverse step 500/3000  x range: [-5.761, 5.227]
  [Scheduler] Reverse step 450/3000  x range: [-5.678, 5.418]
  [Scheduler] Reverse step 400/3000  x range: [-5.540, 5.326]
  [Scheduler] Reverse step 350/3000  x range: [-5.470, 5.331]
  [Scheduler] Reverse step 300/3000  x range: [-5.671, 5.475]
  [Scheduler] Reverse step 250/3000  x range: [-5.481, 5.887]
  [Scheduler] Reverse step 200/3000  x range: [-5.367, 6.008]
  [Scheduler] Reverse step 150/3000  x range: [-5.283, 6.211]
  [Scheduler] Reverse step 100/3000  x range: [-5.335, 6.061]
  [Scheduler] Reverse step  50/3000  x range: [-5.295, 5.597]
  [Scheduler] Reverse step   0/3000  x range: [-5.298, 5.904]
  Generated: 4416/5120

  --- Batch 70 (64 samples) ---
  [Scheduler] Reverse step 2999/3000  x range: [-4.228, 4.331]
  [Scheduler] Reverse step 2950/3000  x range: [-5.123, 4.454]
  [Scheduler] Reverse step 2900/3000  x range: [-4.735, 5.096]
  [Scheduler] Reverse step 2850/3000  x range: [-4.696, 4.240]
  [Scheduler] Reverse step 2800/3000  x range: [-4.710, 5.098]
  [Scheduler] Reverse step 2750/3000  x range: [-4.638, 4.556]
  [Scheduler] Reverse step 2700/3000  x range: [-4.925, 4.803]
  [Scheduler] Reverse step 2650/3000  x range: [-4.524, 4.144]
  [Scheduler] Reverse step 2600/3000  x range: [-4.276, 4.405]
  [Scheduler] Reverse step 2550/3000  x range: [-4.562, 4.743]
  [Scheduler] Reverse step 2500/3000  x range: [-4.394, 4.531]
  [Scheduler] Reverse step 2450/3000  x range: [-4.891, 4.541]
  [Scheduler] Reverse step 2400/3000  x range: [-5.007, 4.576]
  [Scheduler] Reverse step 2350/3000  x range: [-4.557, 4.240]
  [Scheduler] Reverse step 2300/3000  x range: [-4.250, 4.811]
  [Scheduler] Reverse step 2250/3000  x range: [-4.349, 4.656]
  [Scheduler] Reverse step 2200/3000  x range: [-4.510, 4.553]
  [Scheduler] Reverse step 2150/3000  x range: [-4.959, 4.535]
  [Scheduler] Reverse step 2100/3000  x range: [-4.574, 4.797]
  [Scheduler] Reverse step 2050/3000  x range: [-4.297, 4.567]
  [Scheduler] Reverse step 2000/3000  x range: [-4.871, 4.573]
  [Scheduler] Reverse step 1950/3000  x range: [-4.915, 4.453]
  [Scheduler] Reverse step 1900/3000  x range: [-4.875, 5.138]
  [Scheduler] Reverse step 1850/3000  x range: [-4.754, 6.175]
  [Scheduler] Reverse step 1800/3000  x range: [-4.568, 5.189]
  [Scheduler] Reverse step 1750/3000  x range: [-4.699, 4.513]
  [Scheduler] Reverse step 1700/3000  x range: [-4.421, 5.146]
  [Scheduler] Reverse step 1650/3000  x range: [-4.654, 4.613]
  [Scheduler] Reverse step 1600/3000  x range: [-4.449, 4.916]
  [Scheduler] Reverse step 1550/3000  x range: [-4.432, 4.414]
  [Scheduler] Reverse step 1500/3000  x range: [-5.039, 5.264]
  [Scheduler] Reverse step 1450/3000  x range: [-4.598, 4.985]
  [Scheduler] Reverse step 1400/3000  x range: [-4.741, 4.442]
  [Scheduler] Reverse step 1350/3000  x range: [-4.596, 4.637]
  [Scheduler] Reverse step 1300/3000  x range: [-4.908, 4.204]
  [Scheduler] Reverse step 1250/3000  x range: [-5.228, 4.954]
  [Scheduler] Reverse step 1200/3000  x range: [-4.684, 4.695]
  [Scheduler] Reverse step 1150/3000  x range: [-4.372, 4.568]
  [Scheduler] Reverse step 1100/3000  x range: [-4.728, 4.525]
  [Scheduler] Reverse step 1050/3000  x range: [-4.560, 4.416]
  [Scheduler] Reverse step 1000/3000  x range: [-4.768, 4.983]
  [Scheduler] Reverse step 950/3000  x range: [-4.609, 4.740]
  [Scheduler] Reverse step 900/3000  x range: [-4.724, 4.385]
  [Scheduler] Reverse step 850/3000  x range: [-4.450, 5.183]
  [Scheduler] Reverse step 800/3000  x range: [-4.720, 4.772]
  [Scheduler] Reverse step 750/3000  x range: [-4.874, 4.276]
  [Scheduler] Reverse step 700/3000  x range: [-4.766, 4.395]
  [Scheduler] Reverse step 650/3000  x range: [-4.741, 4.698]
  [Scheduler] Reverse step 600/3000  x range: [-4.773, 5.100]
  [Scheduler] Reverse step 550/3000  x range: [-4.738, 5.370]
  [Scheduler] Reverse step 500/3000  x range: [-4.847, 5.218]
  [Scheduler] Reverse step 450/3000  x range: [-5.564, 5.723]
  [Scheduler] Reverse step 400/3000  x range: [-5.565, 5.685]
  [Scheduler] Reverse step 350/3000  x range: [-5.295, 5.977]
  [Scheduler] Reverse step 300/3000  x range: [-5.339, 5.441]
  [Scheduler] Reverse step 250/3000  x range: [-5.551, 5.616]
  [Scheduler] Reverse step 200/3000  x range: [-5.430, 5.726]
  [Scheduler] Reverse step 150/3000  x range: [-5.193, 5.524]
  [Scheduler] Reverse step 100/3000  x range: [-5.185, 5.452]
  [Scheduler] Reverse step  50/3000  x range: [-5.162, 5.204]
  [Scheduler] Reverse step   0/3000  x range: [-5.278, 5.158]
  Generated: 4480/5120

  --- Batch 71 (64 samples) ---
  [Scheduler] Reverse step 2999/3000  x range: [-4.129, 4.463]
  [Scheduler] Reverse step 2950/3000  x range: [-4.454, 4.335]
  [Scheduler] Reverse step 2900/3000  x range: [-4.963, 4.713]
  [Scheduler] Reverse step 2850/3000  x range: [-4.745, 5.304]
  [Scheduler] Reverse step 2800/3000  x range: [-4.526, 4.779]
  [Scheduler] Reverse step 2750/3000  x range: [-4.438, 4.260]
  [Scheduler] Reverse step 2700/3000  x range: [-4.221, 5.006]
  [Scheduler] Reverse step 2650/3000  x range: [-4.746, 4.526]
  [Scheduler] Reverse step 2600/3000  x range: [-4.708, 4.356]
  [Scheduler] Reverse step 2550/3000  x range: [-4.883, 4.722]
  [Scheduler] Reverse step 2500/3000  x range: [-4.664, 5.255]
  [Scheduler] Reverse step 2450/3000  x range: [-4.913, 4.659]
  [Scheduler] Reverse step 2400/3000  x range: [-4.688, 4.364]
  [Scheduler] Reverse step 2350/3000  x range: [-4.859, 5.151]
  [Scheduler] Reverse step 2300/3000  x range: [-4.610, 4.719]
  [Scheduler] Reverse step 2250/3000  x range: [-4.534, 4.596]
  [Scheduler] Reverse step 2200/3000  x range: [-5.080, 4.631]
  [Scheduler] Reverse step 2150/3000  x range: [-4.599, 4.549]
  [Scheduler] Reverse step 2100/3000  x range: [-5.057, 4.544]
  [Scheduler] Reverse step 2050/3000  x range: [-4.731, 4.878]
  [Scheduler] Reverse step 2000/3000  x range: [-4.906, 4.462]
  [Scheduler] Reverse step 1950/3000  x range: [-4.305, 4.861]
  [Scheduler] Reverse step 1900/3000  x range: [-4.546, 4.537]
  [Scheduler] Reverse step 1850/3000  x range: [-4.493, 4.457]
  [Scheduler] Reverse step 1800/3000  x range: [-4.563, 4.160]
  [Scheduler] Reverse step 1750/3000  x range: [-4.545, 4.787]
  [Scheduler] Reverse step 1700/3000  x range: [-5.008, 4.525]
  [Scheduler] Reverse step 1650/3000  x range: [-4.606, 4.862]
  [Scheduler] Reverse step 1600/3000  x range: [-4.686, 4.531]
  [Scheduler] Reverse step 1550/3000  x range: [-4.841, 4.531]
  [Scheduler] Reverse step 1500/3000  x range: [-4.415, 4.522]
  [Scheduler] Reverse step 1450/3000  x range: [-4.821, 4.536]
  [Scheduler] Reverse step 1400/3000  x range: [-4.717, 5.020]
  [Scheduler] Reverse step 1350/3000  x range: [-4.421, 4.617]
  [Scheduler] Reverse step 1300/3000  x range: [-4.417, 4.598]
  [Scheduler] Reverse step 1250/3000  x range: [-4.199, 4.360]
  [Scheduler] Reverse step 1200/3000  x range: [-4.325, 4.382]
  [Scheduler] Reverse step 1150/3000  x range: [-4.380, 4.380]
  [Scheduler] Reverse step 1100/3000  x range: [-4.469, 4.714]
  [Scheduler] Reverse step 1050/3000  x range: [-4.517, 4.302]
  [Scheduler] Reverse step 1000/3000  x range: [-4.445, 4.674]
  [Scheduler] Reverse step 950/3000  x range: [-4.265, 4.832]
  [Scheduler] Reverse step 900/3000  x range: [-5.013, 5.207]
  [Scheduler] Reverse step 850/3000  x range: [-4.847, 4.369]
  [Scheduler] Reverse step 800/3000  x range: [-4.507, 4.546]
  [Scheduler] Reverse step 750/3000  x range: [-4.699, 4.833]
  [Scheduler] Reverse step 700/3000  x range: [-5.286, 4.465]
  [Scheduler] Reverse step 650/3000  x range: [-4.998, 4.478]
  [Scheduler] Reverse step 600/3000  x range: [-5.354, 4.655]
  [Scheduler] Reverse step 550/3000  x range: [-5.419, 4.654]
  [Scheduler] Reverse step 500/3000  x range: [-5.416, 5.546]
  [Scheduler] Reverse step 450/3000  x range: [-5.586, 5.757]
  [Scheduler] Reverse step 400/3000  x range: [-5.433, 5.472]
  [Scheduler] Reverse step 350/3000  x range: [-5.422, 5.610]
  [Scheduler] Reverse step 300/3000  x range: [-5.138, 5.590]
  [Scheduler] Reverse step 250/3000  x range: [-5.381, 5.393]
  [Scheduler] Reverse step 200/3000  x range: [-5.328, 5.801]
  [Scheduler] Reverse step 150/3000  x range: [-5.108, 5.733]
  [Scheduler] Reverse step 100/3000  x range: [-5.236, 5.294]
  [Scheduler] Reverse step  50/3000  x range: [-5.145, 5.091]
  [Scheduler] Reverse step   0/3000  x range: [-4.995, 5.178]
  Generated: 4544/5120

  --- Batch 72 (64 samples) ---
  [Scheduler] Reverse step 2999/3000  x range: [-4.421, 4.700]
  [Scheduler] Reverse step 2950/3000  x range: [-4.525, 4.951]
  [Scheduler] Reverse step 2900/3000  x range: [-4.481, 4.829]
  [Scheduler] Reverse step 2850/3000  x range: [-4.448, 4.664]
  [Scheduler] Reverse step 2800/3000  x range: [-4.274, 4.562]
  [Scheduler] Reverse step 2750/3000  x range: [-5.316, 4.578]
  [Scheduler] Reverse step 2700/3000  x range: [-5.487, 4.301]
  [Scheduler] Reverse step 2650/3000  x range: [-4.792, 4.629]
  [Scheduler] Reverse step 2600/3000  x range: [-4.901, 4.480]
  [Scheduler] Reverse step 2550/3000  x range: [-4.844, 4.457]
  [Scheduler] Reverse step 2500/3000  x range: [-4.631, 4.416]
  [Scheduler] Reverse step 2450/3000  x range: [-4.440, 4.779]
  [Scheduler] Reverse step 2400/3000  x range: [-4.357, 4.578]
  [Scheduler] Reverse step 2350/3000  x range: [-4.597, 4.279]
  [Scheduler] Reverse step 2300/3000  x range: [-4.873, 4.424]
  [Scheduler] Reverse step 2250/3000  x range: [-4.612, 5.093]
  [Scheduler] Reverse step 2200/3000  x range: [-4.712, 4.395]
  [Scheduler] Reverse step 2150/3000  x range: [-4.450, 4.537]
  [Scheduler] Reverse step 2100/3000  x range: [-4.280, 4.801]
  [Scheduler] Reverse step 2050/3000  x range: [-4.381, 4.504]
  [Scheduler] Reverse step 2000/3000  x range: [-4.423, 4.452]
  [Scheduler] Reverse step 1950/3000  x range: [-4.367, 4.780]
  [Scheduler] Reverse step 1900/3000  x range: [-4.320, 4.779]
  [Scheduler] Reverse step 1850/3000  x range: [-4.592, 4.283]
  [Scheduler] Reverse step 1800/3000  x range: [-4.612, 4.422]
  [Scheduler] Reverse step 1750/3000  x range: [-5.358, 4.300]
  [Scheduler] Reverse step 1700/3000  x range: [-5.350, 4.460]
  [Scheduler] Reverse step 1650/3000  x range: [-4.808, 4.399]
  [Scheduler] Reverse step 1600/3000  x range: [-4.757, 4.979]
  [Scheduler] Reverse step 1550/3000  x range: [-4.615, 4.539]
  [Scheduler] Reverse step 1500/3000  x range: [-5.031, 4.538]
  [Scheduler] Reverse step 1450/3000  x range: [-4.749, 4.270]
  [Scheduler] Reverse step 1400/3000  x range: [-4.703, 4.409]
  [Scheduler] Reverse step 1350/3000  x range: [-4.631, 4.586]
  [Scheduler] Reverse step 1300/3000  x range: [-4.498, 4.505]
  [Scheduler] Reverse step 1250/3000  x range: [-4.886, 5.094]
  [Scheduler] Reverse step 1200/3000  x range: [-4.379, 4.504]
  [Scheduler] Reverse step 1150/3000  x range: [-4.577, 4.915]
  [Scheduler] Reverse step 1100/3000  x range: [-4.420, 5.064]
  [Scheduler] Reverse step 1050/3000  x range: [-4.421, 4.440]
  [Scheduler] Reverse step 1000/3000  x range: [-4.243, 5.136]
  [Scheduler] Reverse step 950/3000  x range: [-4.519, 4.413]
  [Scheduler] Reverse step 900/3000  x range: [-5.175, 4.786]
  [Scheduler] Reverse step 850/3000  x range: [-4.708, 4.395]
  [Scheduler] Reverse step 800/3000  x range: [-4.801, 4.582]
  [Scheduler] Reverse step 750/3000  x range: [-5.210, 4.981]
  [Scheduler] Reverse step 700/3000  x range: [-5.611, 4.459]
  [Scheduler] Reverse step 650/3000  x range: [-5.680, 4.627]
  [Scheduler] Reverse step 600/3000  x range: [-5.330, 4.621]
  [Scheduler] Reverse step 550/3000  x range: [-5.765, 4.382]
  [Scheduler] Reverse step 500/3000  x range: [-5.599, 4.551]
  [Scheduler] Reverse step 450/3000  x range: [-5.668, 4.810]
  [Scheduler] Reverse step 400/3000  x range: [-5.640, 5.042]
  [Scheduler] Reverse step 350/3000  x range: [-5.378, 5.208]
  [Scheduler] Reverse step 300/3000  x range: [-5.299, 5.415]
  [Scheduler] Reverse step 250/3000  x range: [-5.346, 5.266]
  [Scheduler] Reverse step 200/3000  x range: [-5.210, 5.601]
  [Scheduler] Reverse step 150/3000  x range: [-5.272, 5.617]
  [Scheduler] Reverse step 100/3000  x range: [-5.254, 5.219]
  [Scheduler] Reverse step  50/3000  x range: [-5.187, 5.051]
  [Scheduler] Reverse step   0/3000  x range: [-5.002, 4.970]
  Generated: 4608/5120

  --- Batch 73 (64 samples) ---
  [Scheduler] Reverse step 2999/3000  x range: [-4.526, 4.159]
  [Scheduler] Reverse step 2950/3000  x range: [-4.363, 4.454]
  [Scheduler] Reverse step 2900/3000  x range: [-4.397, 4.594]
  [Scheduler] Reverse step 2850/3000  x range: [-4.558, 4.249]
  [Scheduler] Reverse step 2800/3000  x range: [-4.445, 4.471]
  [Scheduler] Reverse step 2750/3000  x range: [-4.689, 4.163]
  [Scheduler] Reverse step 2700/3000  x range: [-4.430, 4.510]
  [Scheduler] Reverse step 2650/3000  x range: [-4.323, 4.574]
  [Scheduler] Reverse step 2600/3000  x range: [-4.354, 4.360]
  [Scheduler] Reverse step 2550/3000  x range: [-4.828, 4.737]
  [Scheduler] Reverse step 2500/3000  x range: [-4.703, 4.563]
  [Scheduler] Reverse step 2450/3000  x range: [-4.750, 4.413]
  [Scheduler] Reverse step 2400/3000  x range: [-4.710, 4.635]
  [Scheduler] Reverse step 2350/3000  x range: [-4.302, 4.467]
  [Scheduler] Reverse step 2300/3000  x range: [-4.522, 4.811]
  [Scheduler] Reverse step 2250/3000  x range: [-4.451, 4.588]
  [Scheduler] Reverse step 2200/3000  x range: [-4.549, 4.194]
  [Scheduler] Reverse step 2150/3000  x range: [-5.331, 4.640]
  [Scheduler] Reverse step 2100/3000  x range: [-4.769, 4.246]
  [Scheduler] Reverse step 2050/3000  x range: [-4.818, 4.344]
  [Scheduler] Reverse step 2000/3000  x range: [-4.695, 4.526]
  [Scheduler] Reverse step 1950/3000  x range: [-4.225, 4.693]
  [Scheduler] Reverse step 1900/3000  x range: [-4.525, 4.377]
  [Scheduler] Reverse step 1850/3000  x range: [-4.246, 4.356]
  [Scheduler] Reverse step 1800/3000  x range: [-4.160, 4.805]
  [Scheduler] Reverse step 1750/3000  x range: [-4.515, 4.495]
  [Scheduler] Reverse step 1700/3000  x range: [-4.501, 4.545]
  [Scheduler] Reverse step 1650/3000  x range: [-4.257, 4.572]
  [Scheduler] Reverse step 1600/3000  x range: [-4.335, 4.155]
  [Scheduler] Reverse step 1550/3000  x range: [-4.500, 4.232]
  [Scheduler] Reverse step 1500/3000  x range: [-4.235, 4.484]
  [Scheduler] Reverse step 1450/3000  x range: [-4.588, 4.487]
  [Scheduler] Reverse step 1400/3000  x range: [-4.815, 4.527]
  [Scheduler] Reverse step 1350/3000  x range: [-4.872, 4.306]
  [Scheduler] Reverse step 1300/3000  x range: [-4.285, 4.418]
  [Scheduler] Reverse step 1250/3000  x range: [-4.851, 4.367]
  [Scheduler] Reverse step 1200/3000  x range: [-4.437, 4.519]
  [Scheduler] Reverse step 1150/3000  x range: [-4.648, 4.437]
  [Scheduler] Reverse step 1100/3000  x range: [-4.724, 4.386]
  [Scheduler] Reverse step 1050/3000  x range: [-4.333, 5.271]
  [Scheduler] Reverse step 1000/3000  x range: [-5.163, 4.385]
  [Scheduler] Reverse step 950/3000  x range: [-4.997, 4.557]
  [Scheduler] Reverse step 900/3000  x range: [-4.501, 4.999]
  [Scheduler] Reverse step 850/3000  x range: [-4.724, 4.302]
  [Scheduler] Reverse step 800/3000  x range: [-4.705, 4.294]
  [Scheduler] Reverse step 750/3000  x range: [-4.722, 4.261]
  [Scheduler] Reverse step 700/3000  x range: [-4.516, 4.266]
  [Scheduler] Reverse step 650/3000  x range: [-4.727, 4.434]
  [Scheduler] Reverse step 600/3000  x range: [-5.153, 4.755]
  [Scheduler] Reverse step 550/3000  x range: [-5.266, 4.862]
  [Scheduler] Reverse step 500/3000  x range: [-5.118, 4.906]
  [Scheduler] Reverse step 450/3000  x range: [-5.229, 5.189]
  [Scheduler] Reverse step 400/3000  x range: [-5.322, 4.924]
  [Scheduler] Reverse step 350/3000  x range: [-5.658, 5.321]
  [Scheduler] Reverse step 300/3000  x range: [-5.480, 5.372]
  [Scheduler] Reverse step 250/3000  x range: [-5.413, 5.484]
  [Scheduler] Reverse step 200/3000  x range: [-5.411, 5.416]
  [Scheduler] Reverse step 150/3000  x range: [-5.100, 5.628]
  [Scheduler] Reverse step 100/3000  x range: [-5.276, 5.388]
  [Scheduler] Reverse step  50/3000  x range: [-5.211, 5.271]
  [Scheduler] Reverse step   0/3000  x range: [-5.310, 5.141]
  Generated: 4672/5120

  --- Batch 74 (64 samples) ---
  [Scheduler] Reverse step 2999/3000  x range: [-4.721, 4.353]
  [Scheduler] Reverse step 2950/3000  x range: [-4.404, 4.377]
  [Scheduler] Reverse step 2900/3000  x range: [-4.192, 4.553]
  [Scheduler] Reverse step 2850/3000  x range: [-4.961, 4.731]
  [Scheduler] Reverse step 2800/3000  x range: [-4.012, 4.598]
  [Scheduler] Reverse step 2750/3000  x range: [-4.373, 4.593]
  [Scheduler] Reverse step 2700/3000  x range: [-4.661, 5.405]
  [Scheduler] Reverse step 2650/3000  x range: [-4.260, 4.748]
  [Scheduler] Reverse step 2600/3000  x range: [-4.708, 4.358]
  [Scheduler] Reverse step 2550/3000  x range: [-4.537, 4.685]
  [Scheduler] Reverse step 2500/3000  x range: [-4.791, 4.860]
  [Scheduler] Reverse step 2450/3000  x range: [-4.994, 5.256]
  [Scheduler] Reverse step 2400/3000  x range: [-4.541, 4.448]
  [Scheduler] Reverse step 2350/3000  x range: [-4.800, 4.685]
  [Scheduler] Reverse step 2300/3000  x range: [-4.613, 4.304]
  [Scheduler] Reverse step 2250/3000  x range: [-4.558, 4.847]
  [Scheduler] Reverse step 2200/3000  x range: [-5.006, 4.504]
  [Scheduler] Reverse step 2150/3000  x range: [-4.985, 4.674]
  [Scheduler] Reverse step 2100/3000  x range: [-4.411, 4.720]
  [Scheduler] Reverse step 2050/3000  x range: [-4.520, 4.467]
  [Scheduler] Reverse step 2000/3000  x range: [-4.807, 4.619]
  [Scheduler] Reverse step 1950/3000  x range: [-5.044, 4.196]
  [Scheduler] Reverse step 1900/3000  x range: [-4.753, 4.720]
  [Scheduler] Reverse step 1850/3000  x range: [-4.555, 4.721]
  [Scheduler] Reverse step 1800/3000  x range: [-4.350, 4.430]
  [Scheduler] Reverse step 1750/3000  x range: [-4.476, 4.717]
  [Scheduler] Reverse step 1700/3000  x range: [-4.497, 4.410]
  [Scheduler] Reverse step 1650/3000  x range: [-4.271, 4.451]
  [Scheduler] Reverse step 1600/3000  x range: [-4.457, 4.549]
  [Scheduler] Reverse step 1550/3000  x range: [-4.604, 4.950]
  [Scheduler] Reverse step 1500/3000  x range: [-4.698, 4.728]
  [Scheduler] Reverse step 1450/3000  x range: [-4.803, 4.443]
  [Scheduler] Reverse step 1400/3000  x range: [-4.717, 4.616]
  [Scheduler] Reverse step 1350/3000  x range: [-4.434, 4.709]
  [Scheduler] Reverse step 1300/3000  x range: [-4.568, 4.819]
  [Scheduler] Reverse step 1250/3000  x range: [-4.745, 4.753]
  [Scheduler] Reverse step 1200/3000  x range: [-4.487, 4.729]
  [Scheduler] Reverse step 1150/3000  x range: [-4.823, 4.386]
  [Scheduler] Reverse step 1100/3000  x range: [-4.742, 4.728]
  [Scheduler] Reverse step 1050/3000  x range: [-4.865, 4.817]
  [Scheduler] Reverse step 1000/3000  x range: [-4.707, 4.996]
  [Scheduler] Reverse step 950/3000  x range: [-4.230, 4.667]
  [Scheduler] Reverse step 900/3000  x range: [-4.722, 4.394]
  [Scheduler] Reverse step 850/3000  x range: [-4.606, 4.616]
  [Scheduler] Reverse step 800/3000  x range: [-4.413, 4.433]
  [Scheduler] Reverse step 750/3000  x range: [-4.334, 4.910]
  [Scheduler] Reverse step 700/3000  x range: [-4.380, 4.536]
  [Scheduler] Reverse step 650/3000  x range: [-4.761, 4.632]
  [Scheduler] Reverse step 600/3000  x range: [-4.913, 4.572]
  [Scheduler] Reverse step 550/3000  x range: [-4.552, 4.531]
  [Scheduler] Reverse step 500/3000  x range: [-5.482, 4.850]
  [Scheduler] Reverse step 450/3000  x range: [-5.170, 4.833]
  [Scheduler] Reverse step 400/3000  x range: [-5.409, 5.355]
  [Scheduler] Reverse step 350/3000  x range: [-5.203, 5.249]
  [Scheduler] Reverse step 300/3000  x range: [-5.294, 5.158]
  [Scheduler] Reverse step 250/3000  x range: [-5.478, 5.567]
  [Scheduler] Reverse step 200/3000  x range: [-5.165, 5.334]
  [Scheduler] Reverse step 150/3000  x range: [-5.140, 5.321]
  [Scheduler] Reverse step 100/3000  x range: [-5.276, 5.231]
  [Scheduler] Reverse step  50/3000  x range: [-5.574, 5.307]
  [Scheduler] Reverse step   0/3000  x range: [-5.687, 5.263]
  Generated: 4736/5120

  --- Batch 75 (64 samples) ---
  [Scheduler] Reverse step 2999/3000  x range: [-4.181, 4.695]
  [Scheduler] Reverse step 2950/3000  x range: [-4.446, 4.364]
  [Scheduler] Reverse step 2900/3000  x range: [-3.992, 4.157]
  [Scheduler] Reverse step 2850/3000  x range: [-4.456, 4.852]
  [Scheduler] Reverse step 2800/3000  x range: [-4.711, 4.700]
  [Scheduler] Reverse step 2750/3000  x range: [-4.898, 5.022]
  [Scheduler] Reverse step 2700/3000  x range: [-5.003, 4.549]
  [Scheduler] Reverse step 2650/3000  x range: [-4.511, 4.496]
  [Scheduler] Reverse step 2600/3000  x range: [-4.790, 4.712]
  [Scheduler] Reverse step 2550/3000  x range: [-4.426, 4.678]
  [Scheduler] Reverse step 2500/3000  x range: [-4.515, 4.522]
  [Scheduler] Reverse step 2450/3000  x range: [-4.107, 4.717]
  [Scheduler] Reverse step 2400/3000  x range: [-4.501, 4.886]
  [Scheduler] Reverse step 2350/3000  x range: [-4.475, 4.445]
  [Scheduler] Reverse step 2300/3000  x range: [-4.471, 4.472]
  [Scheduler] Reverse step 2250/3000  x range: [-4.568, 4.671]
  [Scheduler] Reverse step 2200/3000  x range: [-4.619, 4.591]
  [Scheduler] Reverse step 2150/3000  x range: [-4.790, 4.424]
  [Scheduler] Reverse step 2100/3000  x range: [-4.193, 4.732]
  [Scheduler] Reverse step 2050/3000  x range: [-5.033, 4.506]
  [Scheduler] Reverse step 2000/3000  x range: [-4.271, 5.000]
  [Scheduler] Reverse step 1950/3000  x range: [-5.025, 4.494]
  [Scheduler] Reverse step 1900/3000  x range: [-4.445, 4.574]
  [Scheduler] Reverse step 1850/3000  x range: [-4.422, 4.526]
  [Scheduler] Reverse step 1800/3000  x range: [-4.730, 4.258]
  [Scheduler] Reverse step 1750/3000  x range: [-4.975, 4.379]
  [Scheduler] Reverse step 1700/3000  x range: [-4.682, 4.720]
  [Scheduler] Reverse step 1650/3000  x range: [-4.910, 4.635]
  [Scheduler] Reverse step 1600/3000  x range: [-4.712, 4.459]
  [Scheduler] Reverse step 1550/3000  x range: [-4.344, 4.661]
  [Scheduler] Reverse step 1500/3000  x range: [-4.431, 4.303]
  [Scheduler] Reverse step 1450/3000  x range: [-4.415, 4.279]
  [Scheduler] Reverse step 1400/3000  x range: [-4.703, 4.631]
  [Scheduler] Reverse step 1350/3000  x range: [-4.567, 4.498]
  [Scheduler] Reverse step 1300/3000  x range: [-4.592, 4.488]
  [Scheduler] Reverse step 1250/3000  x range: [-4.543, 4.518]
  [Scheduler] Reverse step 1200/3000  x range: [-4.364, 5.152]
  [Scheduler] Reverse step 1150/3000  x range: [-4.312, 4.501]
  [Scheduler] Reverse step 1100/3000  x range: [-4.967, 4.402]
  [Scheduler] Reverse step 1050/3000  x range: [-4.552, 5.140]
  [Scheduler] Reverse step 1000/3000  x range: [-4.292, 4.611]
  [Scheduler] Reverse step 950/3000  x range: [-4.379, 5.100]
  [Scheduler] Reverse step 900/3000  x range: [-4.492, 4.653]
  [Scheduler] Reverse step 850/3000  x range: [-5.424, 4.553]
  [Scheduler] Reverse step 800/3000  x range: [-4.638, 4.508]
  [Scheduler] Reverse step 750/3000  x range: [-4.576, 4.383]
  [Scheduler] Reverse step 700/3000  x range: [-4.704, 4.591]
  [Scheduler] Reverse step 650/3000  x range: [-4.429, 5.026]
  [Scheduler] Reverse step 600/3000  x range: [-4.856, 5.143]
  [Scheduler] Reverse step 550/3000  x range: [-5.673, 5.189]
  [Scheduler] Reverse step 500/3000  x range: [-5.386, 5.258]
  [Scheduler] Reverse step 450/3000  x range: [-5.398, 5.384]
  [Scheduler] Reverse step 400/3000  x range: [-5.509, 5.309]
  [Scheduler] Reverse step 350/3000  x range: [-5.859, 5.299]
  [Scheduler] Reverse step 300/3000  x range: [-6.010, 5.966]
  [Scheduler] Reverse step 250/3000  x range: [-6.495, 5.920]
  [Scheduler] Reverse step 200/3000  x range: [-6.610, 5.540]
  [Scheduler] Reverse step 150/3000  x range: [-6.623, 5.343]
  [Scheduler] Reverse step 100/3000  x range: [-6.779, 5.220]
  [Scheduler] Reverse step  50/3000  x range: [-7.234, 5.147]
  [Scheduler] Reverse step   0/3000  x range: [-7.302, 5.197]
  Generated: 4800/5120

  --- Batch 76 (64 samples) ---
  [Scheduler] Reverse step 2999/3000  x range: [-4.403, 4.451]
  [Scheduler] Reverse step 2950/3000  x range: [-4.451, 4.627]
  [Scheduler] Reverse step 2900/3000  x range: [-5.166, 4.271]
  [Scheduler] Reverse step 2850/3000  x range: [-4.543, 4.605]
  [Scheduler] Reverse step 2800/3000  x range: [-4.386, 4.389]
  [Scheduler] Reverse step 2750/3000  x range: [-4.419, 4.569]
  [Scheduler] Reverse step 2700/3000  x range: [-4.447, 4.734]
  [Scheduler] Reverse step 2650/3000  x range: [-4.303, 4.497]
  [Scheduler] Reverse step 2600/3000  x range: [-4.449, 4.676]
  [Scheduler] Reverse step 2550/3000  x range: [-4.971, 4.503]
  [Scheduler] Reverse step 2500/3000  x range: [-4.573, 4.592]
  [Scheduler] Reverse step 2450/3000  x range: [-4.697, 4.634]
  [Scheduler] Reverse step 2400/3000  x range: [-4.760, 5.200]
  [Scheduler] Reverse step 2350/3000  x range: [-4.518, 5.006]
  [Scheduler] Reverse step 2300/3000  x range: [-4.729, 4.694]
  [Scheduler] Reverse step 2250/3000  x range: [-4.409, 5.217]
  [Scheduler] Reverse step 2200/3000  x range: [-4.583, 4.728]
  [Scheduler] Reverse step 2150/3000  x range: [-4.589, 4.779]
  [Scheduler] Reverse step 2100/3000  x range: [-4.793, 4.452]
  [Scheduler] Reverse step 2050/3000  x range: [-4.506, 4.872]
  [Scheduler] Reverse step 2000/3000  x range: [-4.660, 4.759]
  [Scheduler] Reverse step 1950/3000  x range: [-5.287, 4.254]
  [Scheduler] Reverse step 1900/3000  x range: [-5.468, 4.539]
  [Scheduler] Reverse step 1850/3000  x range: [-5.049, 4.832]
  [Scheduler] Reverse step 1800/3000  x range: [-5.084, 4.764]
  [Scheduler] Reverse step 1750/3000  x range: [-4.574, 4.559]
  [Scheduler] Reverse step 1700/3000  x range: [-4.710, 4.467]
  [Scheduler] Reverse step 1650/3000  x range: [-4.693, 4.391]
  [Scheduler] Reverse step 1600/3000  x range: [-4.734, 4.155]
  [Scheduler] Reverse step 1550/3000  x range: [-4.412, 4.234]
  [Scheduler] Reverse step 1500/3000  x range: [-4.279, 4.948]
  [Scheduler] Reverse step 1450/3000  x range: [-4.506, 5.161]
  [Scheduler] Reverse step 1400/3000  x range: [-4.443, 4.883]
  [Scheduler] Reverse step 1350/3000  x range: [-4.490, 5.032]
  [Scheduler] Reverse step 1300/3000  x range: [-4.343, 4.531]
  [Scheduler] Reverse step 1250/3000  x range: [-4.456, 5.075]
  [Scheduler] Reverse step 1200/3000  x range: [-4.736, 4.743]
  [Scheduler] Reverse step 1150/3000  x range: [-4.589, 4.690]
  [Scheduler] Reverse step 1100/3000  x range: [-4.167, 4.419]
  [Scheduler] Reverse step 1050/3000  x range: [-4.624, 4.249]
  [Scheduler] Reverse step 1000/3000  x range: [-4.843, 4.496]
  [Scheduler] Reverse step 950/3000  x range: [-4.641, 4.726]
  [Scheduler] Reverse step 900/3000  x range: [-5.062, 4.561]
  [Scheduler] Reverse step 850/3000  x range: [-5.036, 4.741]
  [Scheduler] Reverse step 800/3000  x range: [-4.717, 4.880]
  [Scheduler] Reverse step 750/3000  x range: [-4.468, 4.792]
  [Scheduler] Reverse step 700/3000  x range: [-4.627, 4.857]
  [Scheduler] Reverse step 650/3000  x range: [-4.705, 4.559]
  [Scheduler] Reverse step 600/3000  x range: [-5.313, 4.897]
  [Scheduler] Reverse step 550/3000  x range: [-5.308, 4.658]
  [Scheduler] Reverse step 500/3000  x range: [-5.255, 5.080]
  [Scheduler] Reverse step 450/3000  x range: [-5.324, 5.302]
  [Scheduler] Reverse step 400/3000  x range: [-5.371, 4.909]
  [Scheduler] Reverse step 350/3000  x range: [-5.716, 5.012]
  [Scheduler] Reverse step 300/3000  x range: [-5.993, 5.328]
  [Scheduler] Reverse step 250/3000  x range: [-5.408, 5.631]
  [Scheduler] Reverse step 200/3000  x range: [-5.468, 5.376]
  [Scheduler] Reverse step 150/3000  x range: [-5.278, 5.376]
  [Scheduler] Reverse step 100/3000  x range: [-5.070, 5.654]
  [Scheduler] Reverse step  50/3000  x range: [-5.116, 5.268]
  [Scheduler] Reverse step   0/3000  x range: [-5.040, 5.023]
  Generated: 4864/5120

  --- Batch 77 (64 samples) ---
  [Scheduler] Reverse step 2999/3000  x range: [-4.794, 4.543]
  [Scheduler] Reverse step 2950/3000  x range: [-4.383, 4.482]
  [Scheduler] Reverse step 2900/3000  x range: [-4.688, 3.946]
  [Scheduler] Reverse step 2850/3000  x range: [-4.350, 4.391]
  [Scheduler] Reverse step 2800/3000  x range: [-4.348, 4.736]
  [Scheduler] Reverse step 2750/3000  x range: [-4.370, 4.242]
  [Scheduler] Reverse step 2700/3000  x range: [-4.384, 4.728]
  [Scheduler] Reverse step 2650/3000  x range: [-4.580, 4.519]
  [Scheduler] Reverse step 2600/3000  x range: [-4.371, 4.931]
  [Scheduler] Reverse step 2550/3000  x range: [-4.461, 4.649]
  [Scheduler] Reverse step 2500/3000  x range: [-4.999, 4.502]
  [Scheduler] Reverse step 2450/3000  x range: [-4.791, 4.451]
  [Scheduler] Reverse step 2400/3000  x range: [-4.419, 4.838]
  [Scheduler] Reverse step 2350/3000  x range: [-4.283, 5.282]
  [Scheduler] Reverse step 2300/3000  x range: [-4.291, 4.327]
  [Scheduler] Reverse step 2250/3000  x range: [-4.647, 4.675]
  [Scheduler] Reverse step 2200/3000  x range: [-4.820, 4.364]
  [Scheduler] Reverse step 2150/3000  x range: [-4.816, 4.668]
  [Scheduler] Reverse step 2100/3000  x range: [-4.665, 4.351]
  [Scheduler] Reverse step 2050/3000  x range: [-4.443, 5.153]
  [Scheduler] Reverse step 2000/3000  x range: [-4.864, 4.268]
  [Scheduler] Reverse step 1950/3000  x range: [-4.562, 4.785]
  [Scheduler] Reverse step 1900/3000  x range: [-4.540, 4.364]
  [Scheduler] Reverse step 1850/3000  x range: [-4.386, 4.517]
  [Scheduler] Reverse step 1800/3000  x range: [-4.556, 4.473]
  [Scheduler] Reverse step 1750/3000  x range: [-4.492, 4.249]
  [Scheduler] Reverse step 1700/3000  x range: [-4.579, 4.339]
  [Scheduler] Reverse step 1650/3000  x range: [-4.554, 4.250]
  [Scheduler] Reverse step 1600/3000  x range: [-4.634, 4.426]
  [Scheduler] Reverse step 1550/3000  x range: [-5.236, 4.599]
  [Scheduler] Reverse step 1500/3000  x range: [-5.051, 4.505]
  [Scheduler] Reverse step 1450/3000  x range: [-4.614, 4.335]
  [Scheduler] Reverse step 1400/3000  x range: [-4.638, 4.782]
  [Scheduler] Reverse step 1350/3000  x range: [-4.322, 4.852]
  [Scheduler] Reverse step 1300/3000  x range: [-4.507, 4.709]
  [Scheduler] Reverse step 1250/3000  x range: [-4.061, 4.354]
  [Scheduler] Reverse step 1200/3000  x range: [-4.349, 4.333]
  [Scheduler] Reverse step 1150/3000  x range: [-4.292, 4.689]
  [Scheduler] Reverse step 1100/3000  x range: [-4.410, 4.694]
  [Scheduler] Reverse step 1050/3000  x range: [-4.621, 4.404]
  [Scheduler] Reverse step 1000/3000  x range: [-4.872, 4.860]
  [Scheduler] Reverse step 950/3000  x range: [-4.788, 4.394]
  [Scheduler] Reverse step 900/3000  x range: [-4.842, 4.301]
  [Scheduler] Reverse step 850/3000  x range: [-4.683, 4.396]
  [Scheduler] Reverse step 800/3000  x range: [-4.507, 4.269]
  [Scheduler] Reverse step 750/3000  x range: [-4.630, 4.485]
  [Scheduler] Reverse step 700/3000  x range: [-5.247, 4.760]
  [Scheduler] Reverse step 650/3000  x range: [-4.818, 4.508]
  [Scheduler] Reverse step 600/3000  x range: [-5.078, 4.482]
  [Scheduler] Reverse step 550/3000  x range: [-5.289, 4.477]
  [Scheduler] Reverse step 500/3000  x range: [-5.785, 4.845]
  [Scheduler] Reverse step 450/3000  x range: [-5.712, 4.870]
  [Scheduler] Reverse step 400/3000  x range: [-5.400, 5.436]
  [Scheduler] Reverse step 350/3000  x range: [-5.530, 5.635]
  [Scheduler] Reverse step 300/3000  x range: [-5.547, 5.424]
  [Scheduler] Reverse step 250/3000  x range: [-5.515, 5.460]
  [Scheduler] Reverse step 200/3000  x range: [-5.299, 5.241]
  [Scheduler] Reverse step 150/3000  x range: [-5.513, 5.240]
  [Scheduler] Reverse step 100/3000  x range: [-5.664, 5.290]
  [Scheduler] Reverse step  50/3000  x range: [-5.679, 5.080]
  [Scheduler] Reverse step   0/3000  x range: [-5.570, 4.981]
  Generated: 4928/5120

  --- Batch 78 (64 samples) ---
  [Scheduler] Reverse step 2999/3000  x range: [-4.944, 4.534]
  [Scheduler] Reverse step 2950/3000  x range: [-4.503, 4.338]
  [Scheduler] Reverse step 2900/3000  x range: [-4.632, 4.763]
  [Scheduler] Reverse step 2850/3000  x range: [-4.721, 4.186]
  [Scheduler] Reverse step 2800/3000  x range: [-4.881, 4.647]
  [Scheduler] Reverse step 2750/3000  x range: [-4.638, 4.662]
  [Scheduler] Reverse step 2700/3000  x range: [-4.267, 4.531]
  [Scheduler] Reverse step 2650/3000  x range: [-4.664, 4.797]
  [Scheduler] Reverse step 2600/3000  x range: [-4.600, 4.284]
  [Scheduler] Reverse step 2550/3000  x range: [-4.563, 4.441]
  [Scheduler] Reverse step 2500/3000  x range: [-4.207, 4.608]
  [Scheduler] Reverse step 2450/3000  x range: [-5.049, 4.740]
  [Scheduler] Reverse step 2400/3000  x range: [-4.713, 4.565]
  [Scheduler] Reverse step 2350/3000  x range: [-4.833, 4.922]
  [Scheduler] Reverse step 2300/3000  x range: [-4.067, 4.560]
  [Scheduler] Reverse step 2250/3000  x range: [-4.326, 4.508]
  [Scheduler] Reverse step 2200/3000  x range: [-4.323, 4.245]
  [Scheduler] Reverse step 2150/3000  x range: [-4.489, 5.012]
  [Scheduler] Reverse step 2100/3000  x range: [-4.288, 4.420]
  [Scheduler] Reverse step 2050/3000  x range: [-4.505, 4.209]
  [Scheduler] Reverse step 2000/3000  x range: [-4.818, 4.434]
  [Scheduler] Reverse step 1950/3000  x range: [-4.680, 4.356]
  [Scheduler] Reverse step 1900/3000  x range: [-4.768, 4.415]
  [Scheduler] Reverse step 1850/3000  x range: [-4.557, 4.399]
  [Scheduler] Reverse step 1800/3000  x range: [-4.567, 4.398]
  [Scheduler] Reverse step 1750/3000  x range: [-4.538, 4.405]
  [Scheduler] Reverse step 1700/3000  x range: [-4.461, 4.328]
  [Scheduler] Reverse step 1650/3000  x range: [-4.529, 4.554]
  [Scheduler] Reverse step 1600/3000  x range: [-4.582, 4.563]
  [Scheduler] Reverse step 1550/3000  x range: [-4.497, 4.393]
  [Scheduler] Reverse step 1500/3000  x range: [-4.706, 4.298]
  [Scheduler] Reverse step 1450/3000  x range: [-4.340, 4.517]
  [Scheduler] Reverse step 1400/3000  x range: [-4.467, 4.766]
  [Scheduler] Reverse step 1350/3000  x range: [-4.296, 4.794]
  [Scheduler] Reverse step 1300/3000  x range: [-4.297, 4.714]
  [Scheduler] Reverse step 1250/3000  x range: [-4.303, 4.246]
  [Scheduler] Reverse step 1200/3000  x range: [-4.345, 5.001]
  [Scheduler] Reverse step 1150/3000  x range: [-4.761, 4.170]
  [Scheduler] Reverse step 1100/3000  x range: [-4.988, 4.651]
  [Scheduler] Reverse step 1050/3000  x range: [-4.314, 4.190]
  [Scheduler] Reverse step 1000/3000  x range: [-4.567, 4.383]
  [Scheduler] Reverse step 950/3000  x range: [-4.694, 4.496]
  [Scheduler] Reverse step 900/3000  x range: [-5.331, 4.521]
  [Scheduler] Reverse step 850/3000  x range: [-4.915, 4.245]
  [Scheduler] Reverse step 800/3000  x range: [-4.975, 4.304]
  [Scheduler] Reverse step 750/3000  x range: [-5.544, 4.755]
  [Scheduler] Reverse step 700/3000  x range: [-5.794, 4.371]
  [Scheduler] Reverse step 650/3000  x range: [-5.081, 4.611]
  [Scheduler] Reverse step 600/3000  x range: [-5.253, 5.036]
  [Scheduler] Reverse step 550/3000  x range: [-4.756, 5.141]
  [Scheduler] Reverse step 500/3000  x range: [-5.132, 5.177]
  [Scheduler] Reverse step 450/3000  x range: [-5.181, 5.196]
  [Scheduler] Reverse step 400/3000  x range: [-5.638, 5.203]
  [Scheduler] Reverse step 350/3000  x range: [-5.604, 5.317]
  [Scheduler] Reverse step 300/3000  x range: [-5.189, 5.779]
  [Scheduler] Reverse step 250/3000  x range: [-5.347, 5.403]
  [Scheduler] Reverse step 200/3000  x range: [-5.450, 5.629]
  [Scheduler] Reverse step 150/3000  x range: [-5.500, 5.830]
  [Scheduler] Reverse step 100/3000  x range: [-5.721, 5.750]
  [Scheduler] Reverse step  50/3000  x range: [-6.011, 5.574]
  [Scheduler] Reverse step   0/3000  x range: [-5.819, 5.404]
  Generated: 4992/5120

  --- Batch 79 (64 samples) ---
  [Scheduler] Reverse step 2999/3000  x range: [-4.401, 4.502]
  [Scheduler] Reverse step 2950/3000  x range: [-4.617, 4.763]
  [Scheduler] Reverse step 2900/3000  x range: [-4.359, 4.459]
  [Scheduler] Reverse step 2850/3000  x range: [-4.472, 4.721]
  [Scheduler] Reverse step 2800/3000  x range: [-4.891, 4.769]
  [Scheduler] Reverse step 2750/3000  x range: [-5.011, 4.372]
  [Scheduler] Reverse step 2700/3000  x range: [-4.293, 4.452]
  [Scheduler] Reverse step 2650/3000  x range: [-4.452, 4.407]
  [Scheduler] Reverse step 2600/3000  x range: [-4.696, 4.470]
  [Scheduler] Reverse step 2550/3000  x range: [-4.677, 4.973]
  [Scheduler] Reverse step 2500/3000  x range: [-4.288, 4.508]
  [Scheduler] Reverse step 2450/3000  x range: [-4.902, 4.104]
  [Scheduler] Reverse step 2400/3000  x range: [-4.680, 4.499]
  [Scheduler] Reverse step 2350/3000  x range: [-5.006, 4.372]
  [Scheduler] Reverse step 2300/3000  x range: [-4.453, 4.569]
  [Scheduler] Reverse step 2250/3000  x range: [-4.468, 4.762]
  [Scheduler] Reverse step 2200/3000  x range: [-4.895, 4.541]
  [Scheduler] Reverse step 2150/3000  x range: [-4.501, 4.524]
  [Scheduler] Reverse step 2100/3000  x range: [-4.907, 4.454]
  [Scheduler] Reverse step 2050/3000  x range: [-4.952, 4.456]
  [Scheduler] Reverse step 2000/3000  x range: [-4.876, 4.405]
  [Scheduler] Reverse step 1950/3000  x range: [-4.776, 4.501]
  [Scheduler] Reverse step 1900/3000  x range: [-4.755, 4.442]
  [Scheduler] Reverse step 1850/3000  x range: [-4.580, 4.237]
  [Scheduler] Reverse step 1800/3000  x range: [-4.448, 4.521]
  [Scheduler] Reverse step 1750/3000  x range: [-4.598, 4.812]
  [Scheduler] Reverse step 1700/3000  x range: [-4.779, 4.531]
  [Scheduler] Reverse step 1650/3000  x range: [-4.937, 4.588]
  [Scheduler] Reverse step 1600/3000  x range: [-4.434, 4.857]
  [Scheduler] Reverse step 1550/3000  x range: [-4.364, 4.893]
  [Scheduler] Reverse step 1500/3000  x range: [-4.825, 4.342]
  [Scheduler] Reverse step 1450/3000  x range: [-4.388, 4.628]
  [Scheduler] Reverse step 1400/3000  x range: [-4.428, 4.415]
  [Scheduler] Reverse step 1350/3000  x range: [-5.307, 4.496]
  [Scheduler] Reverse step 1300/3000  x range: [-4.852, 4.973]
  [Scheduler] Reverse step 1250/3000  x range: [-4.495, 4.369]
  [Scheduler] Reverse step 1200/3000  x range: [-4.558, 4.408]
  [Scheduler] Reverse step 1150/3000  x range: [-4.342, 4.526]
  [Scheduler] Reverse step 1100/3000  x range: [-4.365, 4.759]
  [Scheduler] Reverse step 1050/3000  x range: [-4.187, 4.515]
  [Scheduler] Reverse step 1000/3000  x range: [-4.675, 4.879]
  [Scheduler] Reverse step 950/3000  x range: [-4.635, 4.527]
  [Scheduler] Reverse step 900/3000  x range: [-5.537, 4.805]
  [Scheduler] Reverse step 850/3000  x range: [-5.321, 4.675]
  [Scheduler] Reverse step 800/3000  x range: [-5.792, 4.489]
  [Scheduler] Reverse step 750/3000  x range: [-5.582, 4.383]
  [Scheduler] Reverse step 700/3000  x range: [-5.501, 4.648]
  [Scheduler] Reverse step 650/3000  x range: [-5.275, 5.060]
  [Scheduler] Reverse step 600/3000  x range: [-5.052, 4.789]
  [Scheduler] Reverse step 550/3000  x range: [-5.152, 5.350]
  [Scheduler] Reverse step 500/3000  x range: [-5.139, 5.637]
  [Scheduler] Reverse step 450/3000  x range: [-5.423, 5.315]
  [Scheduler] Reverse step 400/3000  x range: [-5.585, 5.112]
  [Scheduler] Reverse step 350/3000  x range: [-5.128, 5.687]
  [Scheduler] Reverse step 300/3000  x range: [-5.360, 5.530]
  [Scheduler] Reverse step 250/3000  x range: [-5.659, 5.660]
  [Scheduler] Reverse step 200/3000  x range: [-5.248, 5.568]
  [Scheduler] Reverse step 150/3000  x range: [-5.259, 5.495]
  [Scheduler] Reverse step 100/3000  x range: [-5.030, 5.234]
  [Scheduler] Reverse step  50/3000  x range: [-5.064, 5.295]
  [Scheduler] Reverse step   0/3000  x range: [-5.217, 5.491]
  Generated: 5056/5120

  --- Batch 80 (64 samples) ---
  [Scheduler] Reverse step 2999/3000  x range: [-4.354, 4.512]
  [Scheduler] Reverse step 2950/3000  x range: [-4.465, 4.811]
  [Scheduler] Reverse step 2900/3000  x range: [-4.306, 4.449]
  [Scheduler] Reverse step 2850/3000  x range: [-4.578, 4.344]
  [Scheduler] Reverse step 2800/3000  x range: [-4.415, 4.877]
  [Scheduler] Reverse step 2750/3000  x range: [-4.522, 4.368]
  [Scheduler] Reverse step 2700/3000  x range: [-4.545, 4.797]
  [Scheduler] Reverse step 2650/3000  x range: [-4.417, 4.701]
  [Scheduler] Reverse step 2600/3000  x range: [-4.211, 4.540]
  [Scheduler] Reverse step 2550/3000  x range: [-4.592, 4.567]
  [Scheduler] Reverse step 2500/3000  x range: [-4.339, 4.993]
  [Scheduler] Reverse step 2450/3000  x range: [-4.481, 4.392]
  [Scheduler] Reverse step 2400/3000  x range: [-4.750, 4.283]
  [Scheduler] Reverse step 2350/3000  x range: [-4.400, 4.614]
  [Scheduler] Reverse step 2300/3000  x range: [-4.529, 4.283]
  [Scheduler] Reverse step 2250/3000  x range: [-5.186, 4.273]
  [Scheduler] Reverse step 2200/3000  x range: [-4.904, 4.424]
  [Scheduler] Reverse step 2150/3000  x range: [-4.569, 4.600]
  [Scheduler] Reverse step 2100/3000  x range: [-4.622, 4.816]
  [Scheduler] Reverse step 2050/3000  x range: [-4.378, 4.750]
  [Scheduler] Reverse step 2000/3000  x range: [-4.548, 4.649]
  [Scheduler] Reverse step 1950/3000  x range: [-4.524, 4.736]
  [Scheduler] Reverse step 1900/3000  x range: [-4.714, 4.981]
  [Scheduler] Reverse step 1850/3000  x range: [-4.881, 4.832]
  [Scheduler] Reverse step 1800/3000  x range: [-4.438, 4.571]
  [Scheduler] Reverse step 1750/3000  x range: [-4.876, 4.593]
  [Scheduler] Reverse step 1700/3000  x range: [-4.540, 4.761]
  [Scheduler] Reverse step 1650/3000  x range: [-4.752, 4.426]
  [Scheduler] Reverse step 1600/3000  x range: [-4.551, 4.610]
  [Scheduler] Reverse step 1550/3000  x range: [-4.516, 4.541]
  [Scheduler] Reverse step 1500/3000  x range: [-4.698, 4.564]
  [Scheduler] Reverse step 1450/3000  x range: [-4.693, 4.392]
  [Scheduler] Reverse step 1400/3000  x range: [-4.493, 4.546]
  [Scheduler] Reverse step 1350/3000  x range: [-4.766, 4.289]
  [Scheduler] Reverse step 1300/3000  x range: [-4.699, 4.171]
  [Scheduler] Reverse step 1250/3000  x range: [-4.521, 4.559]
  [Scheduler] Reverse step 1200/3000  x range: [-4.503, 4.476]
  [Scheduler] Reverse step 1150/3000  x range: [-5.256, 4.738]
  [Scheduler] Reverse step 1100/3000  x range: [-5.048, 4.937]
  [Scheduler] Reverse step 1050/3000  x range: [-4.265, 4.366]
  [Scheduler] Reverse step 1000/3000  x range: [-4.443, 4.280]
  [Scheduler] Reverse step 950/3000  x range: [-4.362, 4.524]
  [Scheduler] Reverse step 900/3000  x range: [-4.644, 4.491]
  [Scheduler] Reverse step 850/3000  x range: [-4.330, 4.291]
  [Scheduler] Reverse step 800/3000  x range: [-4.312, 4.886]
  [Scheduler] Reverse step 750/3000  x range: [-4.586, 4.918]
  [Scheduler] Reverse step 700/3000  x range: [-4.554, 4.775]
  [Scheduler] Reverse step 650/3000  x range: [-4.525, 5.111]
  [Scheduler] Reverse step 600/3000  x range: [-4.682, 5.578]
  [Scheduler] Reverse step 550/3000  x range: [-5.030, 5.654]
  [Scheduler] Reverse step 500/3000  x range: [-5.131, 5.554]
  [Scheduler] Reverse step 450/3000  x range: [-5.141, 5.965]
  [Scheduler] Reverse step 400/3000  x range: [-5.228, 5.924]
  [Scheduler] Reverse step 350/3000  x range: [-5.222, 5.512]
  [Scheduler] Reverse step 300/3000  x range: [-5.594, 5.348]
  [Scheduler] Reverse step 250/3000  x range: [-5.599, 5.453]
  [Scheduler] Reverse step 200/3000  x range: [-5.367, 5.314]
  [Scheduler] Reverse step 150/3000  x range: [-5.341, 5.610]
  [Scheduler] Reverse step 100/3000  x range: [-5.295, 5.548]
  [Scheduler] Reverse step  50/3000  x range: [-5.050, 5.285]
  [Scheduler] Reverse step   0/3000  x range: [-4.969, 5.067]
  Generated: 5120/5120

[Step 4] Saving to CSV...

============================================================
  Generation Complete!
============================================================
  Output:         output/deep_v6.csv
  Shape:          (5120, 4096)
  Total time:     18565.0s
  Time per sample: 3625.97ms

  ── SP500 日收益率统计 ──
    Mean:  -0.000059
    Std:   0.007144
    Min:   -0.077466
    Max:   0.074449

  ── DGS10 日差分统计 ──
    Mean:  0.000532
    Std:   0.039466
    Min:   -0.381327
    Max:   0.395011
