nohup: ignoring input
[Config] CUDA detected: NVIDIA RTX A6000 x2
[Utils] Random seed set to 42
============================================================
  1D-DDPM Generation Pipeline
============================================================
  Device:       cuda
  Checkpoint:   ./logs/deep_v7/checkpoint_final.pt
  Scaler:       logs/deep_v7/scaler.pt
  Num samples:  5120
  Batch size:   64
  Use EMA:      True
  Output:       output/deep_v7.csv
============================================================

[Step 1] Loading scaler...
[Scaler] Parameters loaded from logs/deep_v7/scaler.pt
  sp500: mean=0.000315, std=0.010551
  DGS10: mean=0.000026, std=0.066899
  Found run configuration: /home/u00134/src/logs/deep_v7/config.json
  Loaded model config: channel_dims=[64, 128, 256, 512], time_emb_dim=256, T=1000

[Step 2] Loading model...
  Loaded EMA weights
  Trained epoch: 1999
  U-Net parameters: 3,191,042

[Step 3] Generating 5120 paths...

  --- Batch 1 (64 samples) ---
  [Scheduler] Reverse step 999/1000  x range: [-4.457, 4.724]
  [Scheduler] Reverse step 950/1000  x range: [-4.328, 4.769]
  [Scheduler] Reverse step 900/1000  x range: [-5.040, 4.648]
  [Scheduler] Reverse step 850/1000  x range: [-4.602, 4.835]
  [Scheduler] Reverse step 800/1000  x range: [-4.715, 4.679]
  [Scheduler] Reverse step 750/1000  x range: [-5.213, 4.363]
  [Scheduler] Reverse step 700/1000  x range: [-4.462, 4.584]
  [Scheduler] Reverse step 650/1000  x range: [-4.324, 4.791]
  [Scheduler] Reverse step 600/1000  x range: [-4.535, 5.408]
  [Scheduler] Reverse step 550/1000  x range: [-4.551, 4.405]
  [Scheduler] Reverse step 500/1000  x range: [-5.688, 4.437]
  [Scheduler] Reverse step 450/1000  x range: [-4.834, 4.364]
  [Scheduler] Reverse step 400/1000  x range: [-4.838, 4.634]
  [Scheduler] Reverse step 350/1000  x range: [-4.848, 5.095]
  [Scheduler] Reverse step 300/1000  x range: [-4.909, 5.007]
  [Scheduler] Reverse step 250/1000  x range: [-5.188, 4.957]
  [Scheduler] Reverse step 200/1000  x range: [-5.309, 4.821]
  [Scheduler] Reverse step 150/1000  x range: [-5.033, 5.299]
  [Scheduler] Reverse step 100/1000  x range: [-5.350, 5.359]
  [Scheduler] Reverse step  50/1000  x range: [-5.485, 5.334]
  [Scheduler] Reverse step   0/1000  x range: [-5.402, 5.337]
  Generated: 64/5120

  --- Batch 2 (64 samples) ---
  [Scheduler] Reverse step 999/1000  x range: [-5.390, 4.631]
  [Scheduler] Reverse step 950/1000  x range: [-4.687, 4.508]
  [Scheduler] Reverse step 900/1000  x range: [-5.119, 4.303]
  [Scheduler] Reverse step 850/1000  x range: [-4.519, 5.111]
  [Scheduler] Reverse step 800/1000  x range: [-4.514, 4.680]
  [Scheduler] Reverse step 750/1000  x range: [-4.817, 4.251]
  [Scheduler] Reverse step 700/1000  x range: [-4.993, 4.446]
  [Scheduler] Reverse step 650/1000  x range: [-4.191, 4.534]
  [Scheduler] Reverse step 600/1000  x range: [-4.150, 5.423]
  [Scheduler] Reverse step 550/1000  x range: [-5.214, 4.830]
  [Scheduler] Reverse step 500/1000  x range: [-4.734, 4.383]
  [Scheduler] Reverse step 450/1000  x range: [-5.053, 5.091]
  [Scheduler] Reverse step 400/1000  x range: [-4.682, 4.933]
  [Scheduler] Reverse step 350/1000  x range: [-5.232, 5.044]
  [Scheduler] Reverse step 300/1000  x range: [-4.751, 5.386]
  [Scheduler] Reverse step 250/1000  x range: [-5.480, 5.445]
  [Scheduler] Reverse step 200/1000  x range: [-5.717, 5.313]
  [Scheduler] Reverse step 150/1000  x range: [-5.245, 5.363]
  [Scheduler] Reverse step 100/1000  x range: [-5.456, 5.442]
  [Scheduler] Reverse step  50/1000  x range: [-5.743, 5.445]
  [Scheduler] Reverse step   0/1000  x range: [-5.553, 5.503]
  Generated: 128/5120

  --- Batch 3 (64 samples) ---
  [Scheduler] Reverse step 999/1000  x range: [-4.320, 4.569]
  [Scheduler] Reverse step 950/1000  x range: [-4.272, 4.995]
  [Scheduler] Reverse step 900/1000  x range: [-4.345, 4.374]
  [Scheduler] Reverse step 850/1000  x range: [-4.489, 4.571]
  [Scheduler] Reverse step 800/1000  x range: [-4.329, 4.709]
  [Scheduler] Reverse step 750/1000  x range: [-4.209, 4.691]
  [Scheduler] Reverse step 700/1000  x range: [-4.538, 4.188]
  [Scheduler] Reverse step 650/1000  x range: [-4.433, 4.229]
  [Scheduler] Reverse step 600/1000  x range: [-4.704, 4.486]
  [Scheduler] Reverse step 550/1000  x range: [-4.859, 4.473]
  [Scheduler] Reverse step 500/1000  x range: [-4.938, 4.249]
  [Scheduler] Reverse step 450/1000  x range: [-5.467, 4.537]
  [Scheduler] Reverse step 400/1000  x range: [-4.997, 4.718]
  [Scheduler] Reverse step 350/1000  x range: [-4.854, 4.873]
  [Scheduler] Reverse step 300/1000  x range: [-5.121, 4.732]
  [Scheduler] Reverse step 250/1000  x range: [-5.235, 5.166]
  [Scheduler] Reverse step 200/1000  x range: [-5.078, 5.552]
  [Scheduler] Reverse step 150/1000  x range: [-5.197, 5.125]
  [Scheduler] Reverse step 100/1000  x range: [-5.372, 5.060]
  [Scheduler] Reverse step  50/1000  x range: [-5.807, 5.389]
  [Scheduler] Reverse step   0/1000  x range: [-5.836, 5.426]
  Generated: 192/5120

  --- Batch 4 (64 samples) ---
  [Scheduler] Reverse step 999/1000  x range: [-4.475, 4.546]
  [Scheduler] Reverse step 950/1000  x range: [-4.338, 5.167]
  [Scheduler] Reverse step 900/1000  x range: [-4.558, 4.415]
  [Scheduler] Reverse step 850/1000  x range: [-4.374, 4.778]
  [Scheduler] Reverse step 800/1000  x range: [-4.391, 4.303]
  [Scheduler] Reverse step 750/1000  x range: [-4.612, 5.252]
  [Scheduler] Reverse step 700/1000  x range: [-5.130, 4.675]
  [Scheduler] Reverse step 650/1000  x range: [-4.241, 4.373]
  [Scheduler] Reverse step 600/1000  x range: [-4.385, 5.003]
  [Scheduler] Reverse step 550/1000  x range: [-5.089, 4.689]
  [Scheduler] Reverse step 500/1000  x range: [-4.336, 4.724]
  [Scheduler] Reverse step 450/1000  x range: [-4.535, 4.840]
  [Scheduler] Reverse step 400/1000  x range: [-4.619, 5.090]
  [Scheduler] Reverse step 350/1000  x range: [-5.305, 5.061]
  [Scheduler] Reverse step 300/1000  x range: [-5.233, 4.869]
  [Scheduler] Reverse step 250/1000  x range: [-5.474, 4.976]
  [Scheduler] Reverse step 200/1000  x range: [-5.643, 5.267]
  [Scheduler] Reverse step 150/1000  x range: [-5.348, 5.213]
  [Scheduler] Reverse step 100/1000  x range: [-5.479, 5.305]
  [Scheduler] Reverse step  50/1000  x range: [-5.268, 5.136]
  [Scheduler] Reverse step   0/1000  x range: [-5.408, 5.482]
  Generated: 256/5120

  --- Batch 5 (64 samples) ---
  [Scheduler] Reverse step 999/1000  x range: [-4.550, 4.300]
  [Scheduler] Reverse step 950/1000  x range: [-4.648, 4.815]
  [Scheduler] Reverse step 900/1000  x range: [-4.442, 4.288]
  [Scheduler] Reverse step 850/1000  x range: [-4.269, 4.763]
  [Scheduler] Reverse step 800/1000  x range: [-4.334, 4.259]
  [Scheduler] Reverse step 750/1000  x range: [-4.901, 4.516]
  [Scheduler] Reverse step 700/1000  x range: [-4.445, 4.147]
  [Scheduler] Reverse step 650/1000  x range: [-4.449, 4.602]
  [Scheduler] Reverse step 600/1000  x range: [-4.368, 4.507]
  [Scheduler] Reverse step 550/1000  x range: [-4.536, 4.596]
  [Scheduler] Reverse step 500/1000  x range: [-4.422, 4.634]
  [Scheduler] Reverse step 450/1000  x range: [-4.697, 4.912]
  [Scheduler] Reverse step 400/1000  x range: [-4.768, 4.263]
  [Scheduler] Reverse step 350/1000  x range: [-4.576, 4.503]
  [Scheduler] Reverse step 300/1000  x range: [-5.193, 5.121]
  [Scheduler] Reverse step 250/1000  x range: [-5.080, 5.169]
  [Scheduler] Reverse step 200/1000  x range: [-5.286, 5.389]
  [Scheduler] Reverse step 150/1000  x range: [-4.958, 6.081]
  [Scheduler] Reverse step 100/1000  x range: [-5.168, 5.248]
  [Scheduler] Reverse step  50/1000  x range: [-5.543, 5.302]
  [Scheduler] Reverse step   0/1000  x range: [-5.444, 5.465]
  Generated: 320/5120

  --- Batch 6 (64 samples) ---
  [Scheduler] Reverse step 999/1000  x range: [-4.270, 4.456]
  [Scheduler] Reverse step 950/1000  x range: [-4.754, 4.659]
  [Scheduler] Reverse step 900/1000  x range: [-4.578, 4.621]
  [Scheduler] Reverse step 850/1000  x range: [-4.638, 4.566]
  [Scheduler] Reverse step 800/1000  x range: [-4.629, 4.639]
  [Scheduler] Reverse step 750/1000  x range: [-4.477, 4.610]
  [Scheduler] Reverse step 700/1000  x range: [-4.962, 5.160]
  [Scheduler] Reverse step 650/1000  x range: [-4.596, 4.743]
  [Scheduler] Reverse step 600/1000  x range: [-4.337, 4.240]
  [Scheduler] Reverse step 550/1000  x range: [-4.076, 4.662]
  [Scheduler] Reverse step 500/1000  x range: [-4.805, 4.376]
  [Scheduler] Reverse step 450/1000  x range: [-4.999, 4.728]
  [Scheduler] Reverse step 400/1000  x range: [-4.766, 4.655]
  [Scheduler] Reverse step 350/1000  x range: [-5.323, 4.686]
  [Scheduler] Reverse step 300/1000  x range: [-5.053, 4.994]
  [Scheduler] Reverse step 250/1000  x range: [-5.264, 5.224]
  [Scheduler] Reverse step 200/1000  x range: [-5.909, 5.194]
  [Scheduler] Reverse step 150/1000  x range: [-5.723, 5.831]
  [Scheduler] Reverse step 100/1000  x range: [-5.740, 5.445]
  [Scheduler] Reverse step  50/1000  x range: [-5.411, 5.309]
  [Scheduler] Reverse step   0/1000  x range: [-5.630, 5.380]
  Generated: 384/5120

  --- Batch 7 (64 samples) ---
  [Scheduler] Reverse step 999/1000  x range: [-4.623, 4.794]
  [Scheduler] Reverse step 950/1000  x range: [-4.414, 4.383]
  [Scheduler] Reverse step 900/1000  x range: [-5.072, 4.441]
  [Scheduler] Reverse step 850/1000  x range: [-4.598, 4.655]
  [Scheduler] Reverse step 800/1000  x range: [-4.744, 4.578]
  [Scheduler] Reverse step 750/1000  x range: [-4.675, 4.668]
  [Scheduler] Reverse step 700/1000  x range: [-4.184, 4.344]
  [Scheduler] Reverse step 650/1000  x range: [-4.652, 4.271]
  [Scheduler] Reverse step 600/1000  x range: [-4.819, 4.216]
  [Scheduler] Reverse step 550/1000  x range: [-4.403, 4.521]
  [Scheduler] Reverse step 500/1000  x range: [-4.435, 4.496]
  [Scheduler] Reverse step 450/1000  x range: [-4.819, 4.570]
  [Scheduler] Reverse step 400/1000  x range: [-4.966, 4.414]
  [Scheduler] Reverse step 350/1000  x range: [-4.906, 5.858]
  [Scheduler] Reverse step 300/1000  x range: [-4.832, 5.520]
  [Scheduler] Reverse step 250/1000  x range: [-4.914, 5.421]
  [Scheduler] Reverse step 200/1000  x range: [-5.104, 5.300]
  [Scheduler] Reverse step 150/1000  x range: [-5.139, 5.643]
  [Scheduler] Reverse step 100/1000  x range: [-5.466, 5.526]
  [Scheduler] Reverse step  50/1000  x range: [-5.777, 5.377]
  [Scheduler] Reverse step   0/1000  x range: [-5.753, 5.463]
  Generated: 448/5120

  --- Batch 8 (64 samples) ---
  [Scheduler] Reverse step 999/1000  x range: [-4.829, 4.575]
  [Scheduler] Reverse step 950/1000  x range: [-4.834, 5.073]
  [Scheduler] Reverse step 900/1000  x range: [-5.760, 4.390]
  [Scheduler] Reverse step 850/1000  x range: [-4.366, 4.433]
  [Scheduler] Reverse step 800/1000  x range: [-5.199, 4.924]
  [Scheduler] Reverse step 750/1000  x range: [-4.474, 4.315]
  [Scheduler] Reverse step 700/1000  x range: [-4.310, 4.704]
  [Scheduler] Reverse step 650/1000  x range: [-4.630, 4.487]
  [Scheduler] Reverse step 600/1000  x range: [-4.431, 4.521]
  [Scheduler] Reverse step 550/1000  x range: [-4.207, 4.776]
  [Scheduler] Reverse step 500/1000  x range: [-4.769, 5.323]
  [Scheduler] Reverse step 450/1000  x range: [-4.567, 5.253]
  [Scheduler] Reverse step 400/1000  x range: [-5.103, 4.409]
  [Scheduler] Reverse step 350/1000  x range: [-5.471, 4.392]
  [Scheduler] Reverse step 300/1000  x range: [-5.613, 4.281]
  [Scheduler] Reverse step 250/1000  x range: [-5.228, 4.775]
  [Scheduler] Reverse step 200/1000  x range: [-5.947, 5.290]
  [Scheduler] Reverse step 150/1000  x range: [-5.642, 5.249]
  [Scheduler] Reverse step 100/1000  x range: [-5.329, 5.334]
  [Scheduler] Reverse step  50/1000  x range: [-5.258, 5.292]
  [Scheduler] Reverse step   0/1000  x range: [-5.395, 5.440]
  Generated: 512/5120

  --- Batch 9 (64 samples) ---
  [Scheduler] Reverse step 999/1000  x range: [-4.445, 4.431]
  [Scheduler] Reverse step 950/1000  x range: [-4.991, 4.820]
  [Scheduler] Reverse step 900/1000  x range: [-4.372, 4.822]
  [Scheduler] Reverse step 850/1000  x range: [-4.751, 4.475]
  [Scheduler] Reverse step 800/1000  x range: [-4.904, 4.703]
  [Scheduler] Reverse step 750/1000  x range: [-4.566, 4.634]
  [Scheduler] Reverse step 700/1000  x range: [-4.958, 4.536]
  [Scheduler] Reverse step 650/1000  x range: [-5.559, 4.357]
  [Scheduler] Reverse step 600/1000  x range: [-5.252, 4.950]
  [Scheduler] Reverse step 550/1000  x range: [-4.304, 4.550]
  [Scheduler] Reverse step 500/1000  x range: [-4.554, 4.810]
  [Scheduler] Reverse step 450/1000  x range: [-4.929, 4.838]
  [Scheduler] Reverse step 400/1000  x range: [-5.157, 4.972]
  [Scheduler] Reverse step 350/1000  x range: [-5.329, 4.524]
  [Scheduler] Reverse step 300/1000  x range: [-4.637, 4.725]
  [Scheduler] Reverse step 250/1000  x range: [-4.768, 5.161]
  [Scheduler] Reverse step 200/1000  x range: [-5.104, 5.190]
  [Scheduler] Reverse step 150/1000  x range: [-5.382, 5.434]
  [Scheduler] Reverse step 100/1000  x range: [-5.206, 5.326]
  [Scheduler] Reverse step  50/1000  x range: [-5.390, 5.311]
  [Scheduler] Reverse step   0/1000  x range: [-5.501, 5.665]
  Generated: 576/5120

  --- Batch 10 (64 samples) ---
  [Scheduler] Reverse step 999/1000  x range: [-4.415, 5.404]
  [Scheduler] Reverse step 950/1000  x range: [-4.415, 4.148]
  [Scheduler] Reverse step 900/1000  x range: [-4.750, 4.595]
  [Scheduler] Reverse step 850/1000  x range: [-4.781, 4.299]
  [Scheduler] Reverse step 800/1000  x range: [-4.235, 4.527]
  [Scheduler] Reverse step 750/1000  x range: [-4.635, 4.164]
  [Scheduler] Reverse step 700/1000  x range: [-5.291, 4.656]
  [Scheduler] Reverse step 650/1000  x range: [-4.457, 4.389]
  [Scheduler] Reverse step 600/1000  x range: [-4.588, 4.427]
  [Scheduler] Reverse step 550/1000  x range: [-4.284, 4.217]
  [Scheduler] Reverse step 500/1000  x range: [-4.421, 4.537]
  [Scheduler] Reverse step 450/1000  x range: [-4.377, 5.028]
  [Scheduler] Reverse step 400/1000  x range: [-4.834, 4.884]
  [Scheduler] Reverse step 350/1000  x range: [-4.450, 4.494]
  [Scheduler] Reverse step 300/1000  x range: [-4.654, 4.988]
  [Scheduler] Reverse step 250/1000  x range: [-4.826, 4.852]
  [Scheduler] Reverse step 200/1000  x range: [-4.946, 5.694]
  [Scheduler] Reverse step 150/1000  x range: [-5.224, 5.616]
  [Scheduler] Reverse step 100/1000  x range: [-5.215, 5.485]
  [Scheduler] Reverse step  50/1000  x range: [-5.464, 5.450]
  [Scheduler] Reverse step   0/1000  x range: [-5.707, 5.380]
  Generated: 640/5120

  --- Batch 11 (64 samples) ---
  [Scheduler] Reverse step 999/1000  x range: [-4.745, 4.585]
  [Scheduler] Reverse step 950/1000  x range: [-4.624, 4.409]
  [Scheduler] Reverse step 900/1000  x range: [-4.489, 4.514]
  [Scheduler] Reverse step 850/1000  x range: [-4.923, 4.266]
  [Scheduler] Reverse step 800/1000  x range: [-4.460, 5.413]
  [Scheduler] Reverse step 750/1000  x range: [-4.573, 4.675]
  [Scheduler] Reverse step 700/1000  x range: [-4.535, 4.259]
  [Scheduler] Reverse step 650/1000  x range: [-4.205, 4.433]
  [Scheduler] Reverse step 600/1000  x range: [-4.520, 4.590]
  [Scheduler] Reverse step 550/1000  x range: [-4.690, 5.013]
  [Scheduler] Reverse step 500/1000  x range: [-4.735, 5.154]
  [Scheduler] Reverse step 450/1000  x range: [-4.250, 4.534]
  [Scheduler] Reverse step 400/1000  x range: [-4.608, 4.965]
  [Scheduler] Reverse step 350/1000  x range: [-4.680, 4.966]
  [Scheduler] Reverse step 300/1000  x range: [-4.892, 5.416]
  [Scheduler] Reverse step 250/1000  x range: [-4.964, 5.048]
  [Scheduler] Reverse step 200/1000  x range: [-5.200, 5.449]
  [Scheduler] Reverse step 150/1000  x range: [-5.241, 5.758]
  [Scheduler] Reverse step 100/1000  x range: [-5.355, 5.591]
  [Scheduler] Reverse step  50/1000  x range: [-5.408, 5.465]
  [Scheduler] Reverse step   0/1000  x range: [-5.502, 5.479]
  Generated: 704/5120

  --- Batch 12 (64 samples) ---
  [Scheduler] Reverse step 999/1000  x range: [-4.406, 4.498]
  [Scheduler] Reverse step 950/1000  x range: [-4.655, 4.485]
  [Scheduler] Reverse step 900/1000  x range: [-4.565, 4.566]
  [Scheduler] Reverse step 850/1000  x range: [-4.702, 4.358]
  [Scheduler] Reverse step 800/1000  x range: [-4.353, 4.797]
  [Scheduler] Reverse step 750/1000  x range: [-4.603, 4.448]
  [Scheduler] Reverse step 700/1000  x range: [-4.474, 4.544]
  [Scheduler] Reverse step 650/1000  x range: [-4.605, 4.752]
  [Scheduler] Reverse step 600/1000  x range: [-4.583, 4.626]
  [Scheduler] Reverse step 550/1000  x range: [-4.816, 4.768]
  [Scheduler] Reverse step 500/1000  x range: [-4.655, 5.032]
  [Scheduler] Reverse step 450/1000  x range: [-4.429, 4.594]
  [Scheduler] Reverse step 400/1000  x range: [-4.472, 4.838]
  [Scheduler] Reverse step 350/1000  x range: [-4.823, 4.873]
  [Scheduler] Reverse step 300/1000  x range: [-4.551, 5.137]
  [Scheduler] Reverse step 250/1000  x range: [-4.989, 4.732]
  [Scheduler] Reverse step 200/1000  x range: [-4.900, 5.209]
  [Scheduler] Reverse step 150/1000  x range: [-5.491, 5.318]
  [Scheduler] Reverse step 100/1000  x range: [-5.327, 5.134]
  [Scheduler] Reverse step  50/1000  x range: [-5.245, 5.423]
  [Scheduler] Reverse step   0/1000  x range: [-5.546, 5.450]
  Generated: 768/5120

  --- Batch 13 (64 samples) ---
  [Scheduler] Reverse step 999/1000  x range: [-4.501, 4.753]
  [Scheduler] Reverse step 950/1000  x range: [-4.641, 4.239]
  [Scheduler] Reverse step 900/1000  x range: [-4.736, 4.797]
  [Scheduler] Reverse step 850/1000  x range: [-4.564, 4.399]
  [Scheduler] Reverse step 800/1000  x range: [-4.467, 4.382]
  [Scheduler] Reverse step 750/1000  x range: [-4.420, 4.778]
  [Scheduler] Reverse step 700/1000  x range: [-4.553, 4.449]
  [Scheduler] Reverse step 650/1000  x range: [-4.440, 4.529]
  [Scheduler] Reverse step 600/1000  x range: [-4.605, 4.429]
  [Scheduler] Reverse step 550/1000  x range: [-4.500, 4.779]
  [Scheduler] Reverse step 500/1000  x range: [-4.886, 4.583]
  [Scheduler] Reverse step 450/1000  x range: [-4.976, 4.163]
  [Scheduler] Reverse step 400/1000  x range: [-4.930, 5.168]
  [Scheduler] Reverse step 350/1000  x range: [-4.371, 5.121]
  [Scheduler] Reverse step 300/1000  x range: [-5.010, 5.133]
  [Scheduler] Reverse step 250/1000  x range: [-5.244, 5.627]
  [Scheduler] Reverse step 200/1000  x range: [-5.286, 6.336]
  [Scheduler] Reverse step 150/1000  x range: [-5.524, 6.025]
  [Scheduler] Reverse step 100/1000  x range: [-5.163, 5.386]
  [Scheduler] Reverse step  50/1000  x range: [-5.327, 5.467]
  [Scheduler] Reverse step   0/1000  x range: [-5.525, 5.541]
  Generated: 832/5120

  --- Batch 14 (64 samples) ---
  [Scheduler] Reverse step 999/1000  x range: [-4.564, 5.069]
  [Scheduler] Reverse step 950/1000  x range: [-4.465, 4.500]
  [Scheduler] Reverse step 900/1000  x range: [-4.517, 4.588]
  [Scheduler] Reverse step 850/1000  x range: [-4.539, 4.303]
  [Scheduler] Reverse step 800/1000  x range: [-4.855, 5.014]
  [Scheduler] Reverse step 750/1000  x range: [-4.280, 4.516]
  [Scheduler] Reverse step 700/1000  x range: [-4.494, 4.950]
  [Scheduler] Reverse step 650/1000  x range: [-4.867, 4.690]
  [Scheduler] Reverse step 600/1000  x range: [-4.378, 4.755]
  [Scheduler] Reverse step 550/1000  x range: [-4.426, 4.416]
  [Scheduler] Reverse step 500/1000  x range: [-4.742, 4.293]
  [Scheduler] Reverse step 450/1000  x range: [-5.210, 4.331]
  [Scheduler] Reverse step 400/1000  x range: [-4.642, 4.601]
  [Scheduler] Reverse step 350/1000  x range: [-4.660, 4.673]
  [Scheduler] Reverse step 300/1000  x range: [-5.141, 4.793]
  [Scheduler] Reverse step 250/1000  x range: [-5.074, 5.200]
  [Scheduler] Reverse step 200/1000  x range: [-5.406, 5.344]
  [Scheduler] Reverse step 150/1000  x range: [-5.432, 5.507]
  [Scheduler] Reverse step 100/1000  x range: [-5.437, 5.565]
  [Scheduler] Reverse step  50/1000  x range: [-5.595, 5.326]
  [Scheduler] Reverse step   0/1000  x range: [-5.698, 5.554]
  Generated: 896/5120

  --- Batch 15 (64 samples) ---
  [Scheduler] Reverse step 999/1000  x range: [-4.786, 4.377]
  [Scheduler] Reverse step 950/1000  x range: [-4.371, 4.868]
  [Scheduler] Reverse step 900/1000  x range: [-4.760, 4.468]
  [Scheduler] Reverse step 850/1000  x range: [-4.766, 4.609]
  [Scheduler] Reverse step 800/1000  x range: [-4.795, 4.510]
  [Scheduler] Reverse step 750/1000  x range: [-4.462, 4.666]
  [Scheduler] Reverse step 700/1000  x range: [-4.893, 4.648]
  [Scheduler] Reverse step 650/1000  x range: [-5.085, 4.484]
  [Scheduler] Reverse step 600/1000  x range: [-4.525, 4.423]
  [Scheduler] Reverse step 550/1000  x range: [-4.473, 4.472]
  [Scheduler] Reverse step 500/1000  x range: [-4.270, 4.866]
  [Scheduler] Reverse step 450/1000  x range: [-4.917, 4.712]
  [Scheduler] Reverse step 400/1000  x range: [-5.688, 4.330]
  [Scheduler] Reverse step 350/1000  x range: [-5.334, 4.211]
  [Scheduler] Reverse step 300/1000  x range: [-4.595, 4.372]
  [Scheduler] Reverse step 250/1000  x range: [-5.094, 5.411]
  [Scheduler] Reverse step 200/1000  x range: [-5.140, 4.876]
  [Scheduler] Reverse step 150/1000  x range: [-5.597, 4.977]
  [Scheduler] Reverse step 100/1000  x range: [-5.535, 5.300]
  [Scheduler] Reverse step  50/1000  x range: [-5.826, 5.337]
  [Scheduler] Reverse step   0/1000  x range: [-5.454, 5.367]
  Generated: 960/5120

  --- Batch 16 (64 samples) ---
  [Scheduler] Reverse step 999/1000  x range: [-4.500, 4.327]
  [Scheduler] Reverse step 950/1000  x range: [-4.155, 4.428]
  [Scheduler] Reverse step 900/1000  x range: [-4.894, 4.428]
  [Scheduler] Reverse step 850/1000  x range: [-4.847, 4.827]
  [Scheduler] Reverse step 800/1000  x range: [-4.327, 5.287]
  [Scheduler] Reverse step 750/1000  x range: [-4.755, 4.356]
  [Scheduler] Reverse step 700/1000  x range: [-4.872, 4.472]
  [Scheduler] Reverse step 650/1000  x range: [-4.368, 4.516]
  [Scheduler] Reverse step 600/1000  x range: [-4.513, 4.650]
  [Scheduler] Reverse step 550/1000  x range: [-4.714, 5.442]
  [Scheduler] Reverse step 500/1000  x range: [-4.734, 4.422]
  [Scheduler] Reverse step 450/1000  x range: [-4.691, 4.501]
  [Scheduler] Reverse step 400/1000  x range: [-5.322, 4.754]
  [Scheduler] Reverse step 350/1000  x range: [-5.128, 4.927]
  [Scheduler] Reverse step 300/1000  x range: [-4.987, 4.971]
  [Scheduler] Reverse step 250/1000  x range: [-5.514, 5.554]
  [Scheduler] Reverse step 200/1000  x range: [-5.715, 5.321]
  [Scheduler] Reverse step 150/1000  x range: [-5.777, 5.793]
  [Scheduler] Reverse step 100/1000  x range: [-5.760, 5.352]
  [Scheduler] Reverse step  50/1000  x range: [-5.717, 5.447]
  [Scheduler] Reverse step   0/1000  x range: [-5.515, 5.627]
  Generated: 1024/5120

  --- Batch 17 (64 samples) ---
  [Scheduler] Reverse step 999/1000  x range: [-5.015, 4.469]
  [Scheduler] Reverse step 950/1000  x range: [-4.327, 4.527]
  [Scheduler] Reverse step 900/1000  x range: [-4.286, 4.369]
  [Scheduler] Reverse step 850/1000  x range: [-4.076, 4.843]
  [Scheduler] Reverse step 800/1000  x range: [-4.353, 5.168]
  [Scheduler] Reverse step 750/1000  x range: [-4.716, 4.558]
  [Scheduler] Reverse step 700/1000  x range: [-4.356, 4.773]
  [Scheduler] Reverse step 650/1000  x range: [-4.559, 4.808]
  [Scheduler] Reverse step 600/1000  x range: [-4.656, 4.073]
  [Scheduler] Reverse step 550/1000  x range: [-4.707, 4.579]
  [Scheduler] Reverse step 500/1000  x range: [-4.874, 4.745]
  [Scheduler] Reverse step 450/1000  x range: [-4.688, 5.162]
  [Scheduler] Reverse step 400/1000  x range: [-4.652, 4.986]
  [Scheduler] Reverse step 350/1000  x range: [-4.733, 5.146]
  [Scheduler] Reverse step 300/1000  x range: [-6.000, 5.446]
  [Scheduler] Reverse step 250/1000  x range: [-6.082, 5.006]
  [Scheduler] Reverse step 200/1000  x range: [-5.556, 5.217]
  [Scheduler] Reverse step 150/1000  x range: [-5.210, 4.959]
  [Scheduler] Reverse step 100/1000  x range: [-5.595, 5.207]
  [Scheduler] Reverse step  50/1000  x range: [-5.589, 5.362]
  [Scheduler] Reverse step   0/1000  x range: [-5.394, 5.373]
  Generated: 1088/5120

  --- Batch 18 (64 samples) ---
  [Scheduler] Reverse step 999/1000  x range: [-4.497, 4.968]
  [Scheduler] Reverse step 950/1000  x range: [-4.220, 4.476]
  [Scheduler] Reverse step 900/1000  x range: [-4.645, 4.872]
  [Scheduler] Reverse step 850/1000  x range: [-4.154, 4.550]
  [Scheduler] Reverse step 800/1000  x range: [-4.168, 4.532]
  [Scheduler] Reverse step 750/1000  x range: [-4.750, 5.154]
  [Scheduler] Reverse step 700/1000  x range: [-4.457, 4.216]
  [Scheduler] Reverse step 650/1000  x range: [-4.663, 4.925]
  [Scheduler] Reverse step 600/1000  x range: [-4.666, 4.227]
  [Scheduler] Reverse step 550/1000  x range: [-4.890, 4.397]
  [Scheduler] Reverse step 500/1000  x range: [-4.803, 4.910]
  [Scheduler] Reverse step 450/1000  x range: [-4.559, 5.001]
  [Scheduler] Reverse step 400/1000  x range: [-4.646, 4.847]
  [Scheduler] Reverse step 350/1000  x range: [-5.017, 4.676]
  [Scheduler] Reverse step 300/1000  x range: [-5.661, 4.983]
  [Scheduler] Reverse step 250/1000  x range: [-5.373, 5.253]
  [Scheduler] Reverse step 200/1000  x range: [-5.647, 6.291]
  [Scheduler] Reverse step 150/1000  x range: [-5.646, 5.614]
  [Scheduler] Reverse step 100/1000  x range: [-5.398, 5.259]
  [Scheduler] Reverse step  50/1000  x range: [-5.251, 5.321]
  [Scheduler] Reverse step   0/1000  x range: [-5.415, 5.397]
  Generated: 1152/5120

  --- Batch 19 (64 samples) ---
  [Scheduler] Reverse step 999/1000  x range: [-4.492, 4.879]
  [Scheduler] Reverse step 950/1000  x range: [-4.451, 4.752]
  [Scheduler] Reverse step 900/1000  x range: [-4.706, 4.944]
  [Scheduler] Reverse step 850/1000  x range: [-4.728, 4.415]
  [Scheduler] Reverse step 800/1000  x range: [-5.003, 4.834]
  [Scheduler] Reverse step 750/1000  x range: [-4.370, 4.564]
  [Scheduler] Reverse step 700/1000  x range: [-5.238, 4.457]
  [Scheduler] Reverse step 650/1000  x range: [-4.232, 4.215]
  [Scheduler] Reverse step 600/1000  x range: [-4.704, 4.455]
  [Scheduler] Reverse step 550/1000  x range: [-5.092, 4.492]
  [Scheduler] Reverse step 500/1000  x range: [-4.621, 4.446]
  [Scheduler] Reverse step 450/1000  x range: [-4.414, 4.510]
  [Scheduler] Reverse step 400/1000  x range: [-5.008, 5.440]
  [Scheduler] Reverse step 350/1000  x range: [-4.799, 4.620]
  [Scheduler] Reverse step 300/1000  x range: [-5.049, 5.335]
  [Scheduler] Reverse step 250/1000  x range: [-5.381, 5.271]
  [Scheduler] Reverse step 200/1000  x range: [-5.126, 5.342]
  [Scheduler] Reverse step 150/1000  x range: [-5.232, 5.323]
  [Scheduler] Reverse step 100/1000  x range: [-5.380, 5.452]
  [Scheduler] Reverse step  50/1000  x range: [-5.313, 5.404]
  [Scheduler] Reverse step   0/1000  x range: [-5.413, 5.470]
  Generated: 1216/5120

  --- Batch 20 (64 samples) ---
  [Scheduler] Reverse step 999/1000  x range: [-4.354, 4.205]
  [Scheduler] Reverse step 950/1000  x range: [-4.810, 4.506]
  [Scheduler] Reverse step 900/1000  x range: [-4.745, 4.912]
  [Scheduler] Reverse step 850/1000  x range: [-4.608, 4.606]
  [Scheduler] Reverse step 800/1000  x range: [-4.807, 4.519]
  [Scheduler] Reverse step 750/1000  x range: [-4.943, 4.827]
  [Scheduler] Reverse step 700/1000  x range: [-5.227, 4.549]
  [Scheduler] Reverse step 650/1000  x range: [-4.709, 4.655]
  [Scheduler] Reverse step 600/1000  x range: [-4.435, 4.841]
  [Scheduler] Reverse step 550/1000  x range: [-4.653, 4.194]
  [Scheduler] Reverse step 500/1000  x range: [-4.666, 4.779]
  [Scheduler] Reverse step 450/1000  x range: [-5.017, 4.677]
  [Scheduler] Reverse step 400/1000  x range: [-4.538, 4.694]
  [Scheduler] Reverse step 350/1000  x range: [-5.064, 4.919]
  [Scheduler] Reverse step 300/1000  x range: [-4.906, 5.312]
  [Scheduler] Reverse step 250/1000  x range: [-4.770, 5.068]
  [Scheduler] Reverse step 200/1000  x range: [-5.096, 5.047]
  [Scheduler] Reverse step 150/1000  x range: [-5.465, 5.294]
  [Scheduler] Reverse step 100/1000  x range: [-5.382, 5.612]
  [Scheduler] Reverse step  50/1000  x range: [-5.856, 5.351]
  [Scheduler] Reverse step   0/1000  x range: [-5.956, 5.503]
  Generated: 1280/5120

  --- Batch 21 (64 samples) ---
  [Scheduler] Reverse step 999/1000  x range: [-4.596, 4.616]
  [Scheduler] Reverse step 950/1000  x range: [-4.663, 4.635]
  [Scheduler] Reverse step 900/1000  x range: [-4.856, 4.373]
  [Scheduler] Reverse step 850/1000  x range: [-4.443, 4.506]
  [Scheduler] Reverse step 800/1000  x range: [-4.573, 4.323]
  [Scheduler] Reverse step 750/1000  x range: [-4.612, 4.349]
  [Scheduler] Reverse step 700/1000  x range: [-4.839, 5.155]
  [Scheduler] Reverse step 650/1000  x range: [-5.056, 4.420]
  [Scheduler] Reverse step 600/1000  x range: [-4.580, 4.224]
  [Scheduler] Reverse step 550/1000  x range: [-4.365, 4.980]
  [Scheduler] Reverse step 500/1000  x range: [-4.864, 5.033]
  [Scheduler] Reverse step 450/1000  x range: [-4.911, 4.479]
  [Scheduler] Reverse step 400/1000  x range: [-4.865, 4.642]
  [Scheduler] Reverse step 350/1000  x range: [-4.992, 4.544]
  [Scheduler] Reverse step 300/1000  x range: [-5.360, 4.757]
  [Scheduler] Reverse step 250/1000  x range: [-5.284, 5.090]
  [Scheduler] Reverse step 200/1000  x range: [-5.588, 5.218]
  [Scheduler] Reverse step 150/1000  x range: [-5.402, 5.328]
  [Scheduler] Reverse step 100/1000  x range: [-5.751, 5.246]
  [Scheduler] Reverse step  50/1000  x range: [-5.420, 5.249]
  [Scheduler] Reverse step   0/1000  x range: [-5.669, 5.407]
  Generated: 1344/5120

  --- Batch 22 (64 samples) ---
  [Scheduler] Reverse step 999/1000  x range: [-4.573, 4.317]
  [Scheduler] Reverse step 950/1000  x range: [-4.663, 4.818]
  [Scheduler] Reverse step 900/1000  x range: [-4.441, 4.445]
  [Scheduler] Reverse step 850/1000  x range: [-4.738, 4.494]
  [Scheduler] Reverse step 800/1000  x range: [-4.433, 4.284]
  [Scheduler] Reverse step 750/1000  x range: [-4.470, 4.430]
  [Scheduler] Reverse step 700/1000  x range: [-4.225, 4.779]
  [Scheduler] Reverse step 650/1000  x range: [-4.533, 5.649]
  [Scheduler] Reverse step 600/1000  x range: [-4.300, 4.590]
  [Scheduler] Reverse step 550/1000  x range: [-4.548, 4.503]
  [Scheduler] Reverse step 500/1000  x range: [-4.522, 4.606]
  [Scheduler] Reverse step 450/1000  x range: [-4.764, 4.755]
  [Scheduler] Reverse step 400/1000  x range: [-4.378, 4.525]
  [Scheduler] Reverse step 350/1000  x range: [-4.444, 5.837]
  [Scheduler] Reverse step 300/1000  x range: [-4.873, 5.626]
  [Scheduler] Reverse step 250/1000  x range: [-5.343, 5.723]
  [Scheduler] Reverse step 200/1000  x range: [-4.968, 5.540]
  [Scheduler] Reverse step 150/1000  x range: [-5.256, 5.776]
  [Scheduler] Reverse step 100/1000  x range: [-5.380, 5.436]
  [Scheduler] Reverse step  50/1000  x range: [-5.453, 5.500]
  [Scheduler] Reverse step   0/1000  x range: [-5.573, 5.497]
  Generated: 1408/5120

  --- Batch 23 (64 samples) ---
  [Scheduler] Reverse step 999/1000  x range: [-4.641, 4.590]
  [Scheduler] Reverse step 950/1000  x range: [-4.470, 4.381]
  [Scheduler] Reverse step 900/1000  x range: [-5.246, 5.052]
  [Scheduler] Reverse step 850/1000  x range: [-4.311, 4.588]
  [Scheduler] Reverse step 800/1000  x range: [-4.747, 5.433]
  [Scheduler] Reverse step 750/1000  x range: [-4.940, 4.557]
  [Scheduler] Reverse step 700/1000  x range: [-4.860, 4.558]
  [Scheduler] Reverse step 650/1000  x range: [-4.610, 4.648]
  [Scheduler] Reverse step 600/1000  x range: [-4.823, 4.907]
  [Scheduler] Reverse step 550/1000  x range: [-4.524, 4.544]
  [Scheduler] Reverse step 500/1000  x range: [-4.534, 4.304]
  [Scheduler] Reverse step 450/1000  x range: [-4.819, 4.635]
  [Scheduler] Reverse step 400/1000  x range: [-5.412, 4.739]
  [Scheduler] Reverse step 350/1000  x range: [-5.248, 4.811]
  [Scheduler] Reverse step 300/1000  x range: [-4.938, 5.121]
  [Scheduler] Reverse step 250/1000  x range: [-5.379, 5.017]
  [Scheduler] Reverse step 200/1000  x range: [-5.705, 5.406]
  [Scheduler] Reverse step 150/1000  x range: [-5.186, 5.382]
  [Scheduler] Reverse step 100/1000  x range: [-5.717, 5.458]
  [Scheduler] Reverse step  50/1000  x range: [-5.497, 5.341]
  [Scheduler] Reverse step   0/1000  x range: [-5.589, 5.486]
  Generated: 1472/5120

  --- Batch 24 (64 samples) ---
  [Scheduler] Reverse step 999/1000  x range: [-4.909, 4.636]
  [Scheduler] Reverse step 950/1000  x range: [-4.524, 4.458]
  [Scheduler] Reverse step 900/1000  x range: [-4.381, 4.611]
  [Scheduler] Reverse step 850/1000  x range: [-4.495, 4.291]
  [Scheduler] Reverse step 800/1000  x range: [-4.501, 4.648]
  [Scheduler] Reverse step 750/1000  x range: [-4.460, 4.472]
  [Scheduler] Reverse step 700/1000  x range: [-4.575, 4.654]
  [Scheduler] Reverse step 650/1000  x range: [-4.253, 4.695]
  [Scheduler] Reverse step 600/1000  x range: [-4.273, 5.203]
  [Scheduler] Reverse step 550/1000  x range: [-4.365, 4.371]
  [Scheduler] Reverse step 500/1000  x range: [-4.464, 4.832]
  [Scheduler] Reverse step 450/1000  x range: [-4.981, 4.391]
  [Scheduler] Reverse step 400/1000  x range: [-4.801, 4.259]
  [Scheduler] Reverse step 350/1000  x range: [-4.775, 4.856]
  [Scheduler] Reverse step 300/1000  x range: [-5.037, 5.067]
  [Scheduler] Reverse step 250/1000  x range: [-5.168, 4.977]
  [Scheduler] Reverse step 200/1000  x range: [-5.333, 4.866]
  [Scheduler] Reverse step 150/1000  x range: [-5.288, 4.964]
  [Scheduler] Reverse step 100/1000  x range: [-5.489, 5.201]
  [Scheduler] Reverse step  50/1000  x range: [-5.382, 5.297]
  [Scheduler] Reverse step   0/1000  x range: [-5.422, 5.374]
  Generated: 1536/5120

  --- Batch 25 (64 samples) ---
  [Scheduler] Reverse step 999/1000  x range: [-4.326, 4.445]
  [Scheduler] Reverse step 950/1000  x range: [-4.544, 4.629]
  [Scheduler] Reverse step 900/1000  x range: [-4.772, 4.428]
  [Scheduler] Reverse step 850/1000  x range: [-5.181, 4.586]
  [Scheduler] Reverse step 800/1000  x range: [-4.479, 4.726]
  [Scheduler] Reverse step 750/1000  x range: [-4.398, 5.147]
  [Scheduler] Reverse step 700/1000  x range: [-4.279, 4.336]
  [Scheduler] Reverse step 650/1000  x range: [-4.468, 4.593]
  [Scheduler] Reverse step 600/1000  x range: [-4.404, 4.323]
  [Scheduler] Reverse step 550/1000  x range: [-4.404, 4.586]
  [Scheduler] Reverse step 500/1000  x range: [-5.209, 5.295]
  [Scheduler] Reverse step 450/1000  x range: [-4.764, 5.326]
  [Scheduler] Reverse step 400/1000  x range: [-5.636, 4.901]
  [Scheduler] Reverse step 350/1000  x range: [-4.697, 4.817]
  [Scheduler] Reverse step 300/1000  x range: [-5.037, 4.817]
  [Scheduler] Reverse step 250/1000  x range: [-5.361, 5.132]
  [Scheduler] Reverse step 200/1000  x range: [-5.620, 5.051]
  [Scheduler] Reverse step 150/1000  x range: [-5.537, 5.141]
  [Scheduler] Reverse step 100/1000  x range: [-5.384, 5.254]
  [Scheduler] Reverse step  50/1000  x range: [-5.409, 5.511]
  [Scheduler] Reverse step   0/1000  x range: [-5.581, 5.513]
  Generated: 1600/5120

  --- Batch 26 (64 samples) ---
  [Scheduler] Reverse step 999/1000  x range: [-4.265, 4.996]
  [Scheduler] Reverse step 950/1000  x range: [-4.497, 4.555]
  [Scheduler] Reverse step 900/1000  x range: [-4.222, 4.138]
  [Scheduler] Reverse step 850/1000  x range: [-5.013, 4.247]
  [Scheduler] Reverse step 800/1000  x range: [-4.509, 4.612]
  [Scheduler] Reverse step 750/1000  x range: [-4.882, 4.696]
  [Scheduler] Reverse step 700/1000  x range: [-4.760, 4.444]
  [Scheduler] Reverse step 650/1000  x range: [-4.212, 4.594]
  [Scheduler] Reverse step 600/1000  x range: [-4.368, 4.853]
  [Scheduler] Reverse step 550/1000  x range: [-4.883, 4.409]
  [Scheduler] Reverse step 500/1000  x range: [-4.772, 4.632]
  [Scheduler] Reverse step 450/1000  x range: [-4.894, 4.488]
  [Scheduler] Reverse step 400/1000  x range: [-5.080, 4.643]
  [Scheduler] Reverse step 350/1000  x range: [-5.450, 4.663]
  [Scheduler] Reverse step 300/1000  x range: [-5.834, 4.841]
  [Scheduler] Reverse step 250/1000  x range: [-5.237, 4.872]
  [Scheduler] Reverse step 200/1000  x range: [-5.911, 5.354]
  [Scheduler] Reverse step 150/1000  x range: [-5.512, 5.810]
  [Scheduler] Reverse step 100/1000  x range: [-5.360, 5.490]
  [Scheduler] Reverse step  50/1000  x range: [-5.510, 5.477]
  [Scheduler] Reverse step   0/1000  x range: [-5.555, 5.324]
  Generated: 1664/5120

  --- Batch 27 (64 samples) ---
  [Scheduler] Reverse step 999/1000  x range: [-4.400, 4.775]
  [Scheduler] Reverse step 950/1000  x range: [-4.286, 4.345]
  [Scheduler] Reverse step 900/1000  x range: [-4.156, 4.500]
  [Scheduler] Reverse step 850/1000  x range: [-4.637, 4.627]
  [Scheduler] Reverse step 800/1000  x range: [-4.709, 4.315]
  [Scheduler] Reverse step 750/1000  x range: [-4.969, 4.834]
  [Scheduler] Reverse step 700/1000  x range: [-6.063, 4.555]
  [Scheduler] Reverse step 650/1000  x range: [-5.244, 4.643]
  [Scheduler] Reverse step 600/1000  x range: [-4.507, 4.358]
  [Scheduler] Reverse step 550/1000  x range: [-4.456, 4.475]
  [Scheduler] Reverse step 500/1000  x range: [-5.025, 4.421]
  [Scheduler] Reverse step 450/1000  x range: [-4.876, 4.544]
  [Scheduler] Reverse step 400/1000  x range: [-4.613, 4.386]
  [Scheduler] Reverse step 350/1000  x range: [-5.266, 4.751]
  [Scheduler] Reverse step 300/1000  x range: [-5.649, 5.230]
  [Scheduler] Reverse step 250/1000  x range: [-5.461, 4.858]
  [Scheduler] Reverse step 200/1000  x range: [-5.470, 5.215]
  [Scheduler] Reverse step 150/1000  x range: [-5.493, 5.217]
  [Scheduler] Reverse step 100/1000  x range: [-5.404, 5.755]
  [Scheduler] Reverse step  50/1000  x range: [-5.680, 5.533]
  [Scheduler] Reverse step   0/1000  x range: [-5.763, 5.561]
  Generated: 1728/5120

  --- Batch 28 (64 samples) ---
  [Scheduler] Reverse step 999/1000  x range: [-5.331, 4.549]
  [Scheduler] Reverse step 950/1000  x range: [-4.601, 5.095]
  [Scheduler] Reverse step 900/1000  x range: [-4.757, 4.347]
  [Scheduler] Reverse step 850/1000  x range: [-4.369, 4.480]
  [Scheduler] Reverse step 800/1000  x range: [-4.351, 4.884]
  [Scheduler] Reverse step 750/1000  x range: [-4.634, 4.308]
  [Scheduler] Reverse step 700/1000  x range: [-4.775, 4.605]
  [Scheduler] Reverse step 650/1000  x range: [-4.170, 4.679]
  [Scheduler] Reverse step 600/1000  x range: [-4.398, 4.860]
  [Scheduler] Reverse step 550/1000  x range: [-4.266, 4.852]
  [Scheduler] Reverse step 500/1000  x range: [-4.673, 4.878]
  [Scheduler] Reverse step 450/1000  x range: [-4.503, 4.571]
  [Scheduler] Reverse step 400/1000  x range: [-4.669, 4.786]
  [Scheduler] Reverse step 350/1000  x range: [-4.825, 4.921]
  [Scheduler] Reverse step 300/1000  x range: [-4.505, 4.996]
  [Scheduler] Reverse step 250/1000  x range: [-5.035, 4.814]
  [Scheduler] Reverse step 200/1000  x range: [-5.101, 5.209]
  [Scheduler] Reverse step 150/1000  x range: [-5.715, 5.343]
  [Scheduler] Reverse step 100/1000  x range: [-5.344, 5.670]
  [Scheduler] Reverse step  50/1000  x range: [-5.555, 5.301]
  [Scheduler] Reverse step   0/1000  x range: [-5.617, 5.684]
  Generated: 1792/5120

  --- Batch 29 (64 samples) ---
  [Scheduler] Reverse step 999/1000  x range: [-4.418, 4.523]
  [Scheduler] Reverse step 950/1000  x range: [-4.650, 4.188]
  [Scheduler] Reverse step 900/1000  x range: [-4.948, 4.771]
  [Scheduler] Reverse step 850/1000  x range: [-4.424, 4.914]
  [Scheduler] Reverse step 800/1000  x range: [-4.689, 4.517]
  [Scheduler] Reverse step 750/1000  x range: [-4.779, 5.018]
  [Scheduler] Reverse step 700/1000  x range: [-4.520, 4.229]
  [Scheduler] Reverse step 650/1000  x range: [-5.214, 4.529]
  [Scheduler] Reverse step 600/1000  x range: [-4.782, 4.587]
  [Scheduler] Reverse step 550/1000  x range: [-4.568, 5.526]
  [Scheduler] Reverse step 500/1000  x range: [-4.627, 5.241]
  [Scheduler] Reverse step 450/1000  x range: [-4.832, 4.641]
  [Scheduler] Reverse step 400/1000  x range: [-4.429, 4.216]
  [Scheduler] Reverse step 350/1000  x range: [-4.944, 4.467]
  [Scheduler] Reverse step 300/1000  x range: [-4.710, 4.774]
  [Scheduler] Reverse step 250/1000  x range: [-5.150, 4.765]
  [Scheduler] Reverse step 200/1000  x range: [-5.451, 5.011]
  [Scheduler] Reverse step 150/1000  x range: [-5.713, 5.285]
  [Scheduler] Reverse step 100/1000  x range: [-5.486, 5.550]
  [Scheduler] Reverse step  50/1000  x range: [-5.861, 5.858]
  [Scheduler] Reverse step   0/1000  x range: [-5.630, 5.565]
  Generated: 1856/5120

  --- Batch 30 (64 samples) ---
  [Scheduler] Reverse step 999/1000  x range: [-4.251, 4.767]
  [Scheduler] Reverse step 950/1000  x range: [-5.143, 4.644]
  [Scheduler] Reverse step 900/1000  x range: [-4.702, 4.333]
  [Scheduler] Reverse step 850/1000  x range: [-4.655, 4.798]
  [Scheduler] Reverse step 800/1000  x range: [-4.651, 4.519]
  [Scheduler] Reverse step 750/1000  x range: [-4.517, 5.136]
  [Scheduler] Reverse step 700/1000  x range: [-5.108, 5.033]
  [Scheduler] Reverse step 650/1000  x range: [-4.806, 4.582]
  [Scheduler] Reverse step 600/1000  x range: [-5.060, 4.329]
  [Scheduler] Reverse step 550/1000  x range: [-4.773, 4.603]
  [Scheduler] Reverse step 500/1000  x range: [-4.828, 4.718]
  [Scheduler] Reverse step 450/1000  x range: [-4.734, 4.540]
  [Scheduler] Reverse step 400/1000  x range: [-4.696, 4.558]
  [Scheduler] Reverse step 350/1000  x range: [-5.050, 4.489]
  [Scheduler] Reverse step 300/1000  x range: [-5.108, 4.860]
  [Scheduler] Reverse step 250/1000  x range: [-5.114, 5.343]
  [Scheduler] Reverse step 200/1000  x range: [-5.483, 5.366]
  [Scheduler] Reverse step 150/1000  x range: [-5.472, 5.543]
  [Scheduler] Reverse step 100/1000  x range: [-5.459, 5.183]
  [Scheduler] Reverse step  50/1000  x range: [-5.568, 5.560]
  [Scheduler] Reverse step   0/1000  x range: [-5.435, 5.326]
  Generated: 1920/5120

  --- Batch 31 (64 samples) ---
  [Scheduler] Reverse step 999/1000  x range: [-4.559, 4.550]
  [Scheduler] Reverse step 950/1000  x range: [-4.378, 5.041]
  [Scheduler] Reverse step 900/1000  x range: [-4.396, 4.517]
  [Scheduler] Reverse step 850/1000  x range: [-5.022, 4.357]
  [Scheduler] Reverse step 800/1000  x range: [-4.304, 4.385]
  [Scheduler] Reverse step 750/1000  x range: [-4.397, 4.251]
  [Scheduler] Reverse step 700/1000  x range: [-4.949, 4.447]
  [Scheduler] Reverse step 650/1000  x range: [-4.928, 4.338]
  [Scheduler] Reverse step 600/1000  x range: [-4.599, 4.426]
  [Scheduler] Reverse step 550/1000  x range: [-4.595, 4.292]
  [Scheduler] Reverse step 500/1000  x range: [-4.684, 5.211]
  [Scheduler] Reverse step 450/1000  x range: [-4.352, 4.673]
  [Scheduler] Reverse step 400/1000  x range: [-4.835, 5.278]
  [Scheduler] Reverse step 350/1000  x range: [-4.823, 5.527]
  [Scheduler] Reverse step 300/1000  x range: [-4.846, 5.534]
  [Scheduler] Reverse step 250/1000  x range: [-5.381, 5.633]
  [Scheduler] Reverse step 200/1000  x range: [-5.785, 5.295]
  [Scheduler] Reverse step 150/1000  x range: [-5.470, 5.260]
  [Scheduler] Reverse step 100/1000  x range: [-5.435, 5.500]
  [Scheduler] Reverse step  50/1000  x range: [-6.146, 5.424]
  [Scheduler] Reverse step   0/1000  x range: [-6.174, 5.511]
  Generated: 1984/5120

  --- Batch 32 (64 samples) ---
  [Scheduler] Reverse step 999/1000  x range: [-4.571, 4.444]
  [Scheduler] Reverse step 950/1000  x range: [-4.334, 4.531]
  [Scheduler] Reverse step 900/1000  x range: [-4.563, 4.948]
  [Scheduler] Reverse step 850/1000  x range: [-4.380, 4.416]
  [Scheduler] Reverse step 800/1000  x range: [-4.858, 4.782]
  [Scheduler] Reverse step 750/1000  x range: [-4.637, 4.809]
  [Scheduler] Reverse step 700/1000  x range: [-4.428, 4.610]
  [Scheduler] Reverse step 650/1000  x range: [-4.772, 4.586]
  [Scheduler] Reverse step 600/1000  x range: [-4.692, 4.704]
  [Scheduler] Reverse step 550/1000  x range: [-4.946, 4.741]
  [Scheduler] Reverse step 500/1000  x range: [-4.237, 4.599]
  [Scheduler] Reverse step 450/1000  x range: [-4.655, 5.014]
  [Scheduler] Reverse step 400/1000  x range: [-4.869, 4.868]
  [Scheduler] Reverse step 350/1000  x range: [-4.725, 5.114]
  [Scheduler] Reverse step 300/1000  x range: [-5.370, 5.281]
  [Scheduler] Reverse step 250/1000  x range: [-5.027, 5.201]
  [Scheduler] Reverse step 200/1000  x range: [-5.475, 5.514]
  [Scheduler] Reverse step 150/1000  x range: [-5.377, 5.859]
  [Scheduler] Reverse step 100/1000  x range: [-5.475, 5.495]
  [Scheduler] Reverse step  50/1000  x range: [-5.317, 5.512]
  [Scheduler] Reverse step   0/1000  x range: [-5.505, 5.528]
  Generated: 2048/5120

  --- Batch 33 (64 samples) ---
  [Scheduler] Reverse step 999/1000  x range: [-4.495, 4.255]
  [Scheduler] Reverse step 950/1000  x range: [-4.622, 4.489]
  [Scheduler] Reverse step 900/1000  x range: [-4.773, 4.383]
  [Scheduler] Reverse step 850/1000  x range: [-4.559, 4.369]
  [Scheduler] Reverse step 800/1000  x range: [-4.253, 4.221]
  [Scheduler] Reverse step 750/1000  x range: [-4.562, 4.288]
  [Scheduler] Reverse step 700/1000  x range: [-4.861, 4.661]
  [Scheduler] Reverse step 650/1000  x range: [-4.705, 5.243]
  [Scheduler] Reverse step 600/1000  x range: [-4.454, 4.572]
  [Scheduler] Reverse step 550/1000  x range: [-5.080, 4.525]
  [Scheduler] Reverse step 500/1000  x range: [-4.443, 4.419]
  [Scheduler] Reverse step 450/1000  x range: [-4.722, 4.533]
  [Scheduler] Reverse step 400/1000  x range: [-4.510, 5.013]
  [Scheduler] Reverse step 350/1000  x range: [-4.563, 4.783]
  [Scheduler] Reverse step 300/1000  x range: [-5.460, 4.555]
  [Scheduler] Reverse step 250/1000  x range: [-5.260, 4.938]
  [Scheduler] Reverse step 200/1000  x range: [-5.520, 5.363]
  [Scheduler] Reverse step 150/1000  x range: [-5.283, 5.537]
  [Scheduler] Reverse step 100/1000  x range: [-5.699, 5.168]
  [Scheduler] Reverse step  50/1000  x range: [-5.564, 5.452]
  [Scheduler] Reverse step   0/1000  x range: [-5.517, 5.430]
  Generated: 2112/5120

  --- Batch 34 (64 samples) ---
  [Scheduler] Reverse step 999/1000  x range: [-4.267, 4.420]
  [Scheduler] Reverse step 950/1000  x range: [-4.645, 4.795]
  [Scheduler] Reverse step 900/1000  x range: [-4.426, 4.698]
  [Scheduler] Reverse step 850/1000  x range: [-4.334, 4.921]
  [Scheduler] Reverse step 800/1000  x range: [-4.289, 4.637]
  [Scheduler] Reverse step 750/1000  x range: [-4.904, 4.767]
  [Scheduler] Reverse step 700/1000  x range: [-4.434, 4.777]
  [Scheduler] Reverse step 650/1000  x range: [-4.609, 4.347]
  [Scheduler] Reverse step 600/1000  x range: [-4.345, 5.516]
  [Scheduler] Reverse step 550/1000  x range: [-4.849, 4.143]
  [Scheduler] Reverse step 500/1000  x range: [-5.097, 4.802]
  [Scheduler] Reverse step 450/1000  x range: [-4.810, 5.278]
  [Scheduler] Reverse step 400/1000  x range: [-5.247, 4.775]
  [Scheduler] Reverse step 350/1000  x range: [-4.766, 5.429]
  [Scheduler] Reverse step 300/1000  x range: [-4.907, 4.935]
  [Scheduler] Reverse step 250/1000  x range: [-5.417, 5.295]
  [Scheduler] Reverse step 200/1000  x range: [-5.484, 5.333]
  [Scheduler] Reverse step 150/1000  x range: [-5.404, 5.330]
  [Scheduler] Reverse step 100/1000  x range: [-5.263, 5.161]
  [Scheduler] Reverse step  50/1000  x range: [-5.443, 5.399]
  [Scheduler] Reverse step   0/1000  x range: [-5.600, 5.387]
  Generated: 2176/5120

  --- Batch 35 (64 samples) ---
  [Scheduler] Reverse step 999/1000  x range: [-4.710, 4.238]
  [Scheduler] Reverse step 950/1000  x range: [-4.450, 4.549]
  [Scheduler] Reverse step 900/1000  x range: [-4.446, 4.293]
  [Scheduler] Reverse step 850/1000  x range: [-4.264, 4.620]
  [Scheduler] Reverse step 800/1000  x range: [-4.652, 4.621]
  [Scheduler] Reverse step 750/1000  x range: [-4.673, 4.495]
  [Scheduler] Reverse step 700/1000  x range: [-4.554, 4.875]
  [Scheduler] Reverse step 650/1000  x range: [-4.745, 4.703]
  [Scheduler] Reverse step 600/1000  x range: [-4.411, 4.352]
  [Scheduler] Reverse step 550/1000  x range: [-4.662, 4.242]
  [Scheduler] Reverse step 500/1000  x range: [-4.400, 4.449]
  [Scheduler] Reverse step 450/1000  x range: [-4.348, 4.661]
  [Scheduler] Reverse step 400/1000  x range: [-4.890, 4.495]
  [Scheduler] Reverse step 350/1000  x range: [-5.071, 4.879]
  [Scheduler] Reverse step 300/1000  x range: [-4.929, 4.719]
  [Scheduler] Reverse step 250/1000  x range: [-5.165, 5.549]
  [Scheduler] Reverse step 200/1000  x range: [-5.093, 5.572]
  [Scheduler] Reverse step 150/1000  x range: [-5.074, 5.173]
  [Scheduler] Reverse step 100/1000  x range: [-5.478, 5.299]
  [Scheduler] Reverse step  50/1000  x range: [-5.500, 5.452]
  [Scheduler] Reverse step   0/1000  x range: [-5.524, 5.469]
  Generated: 2240/5120

  --- Batch 36 (64 samples) ---
  [Scheduler] Reverse step 999/1000  x range: [-4.232, 4.258]
  [Scheduler] Reverse step 950/1000  x range: [-4.434, 5.156]
  [Scheduler] Reverse step 900/1000  x range: [-4.726, 5.432]
  [Scheduler] Reverse step 850/1000  x range: [-5.117, 4.989]
  [Scheduler] Reverse step 800/1000  x range: [-4.434, 4.374]
  [Scheduler] Reverse step 750/1000  x range: [-4.247, 4.475]
  [Scheduler] Reverse step 700/1000  x range: [-4.198, 4.393]
  [Scheduler] Reverse step 650/1000  x range: [-4.783, 4.775]
  [Scheduler] Reverse step 600/1000  x range: [-4.441, 4.613]
  [Scheduler] Reverse step 550/1000  x range: [-4.461, 4.320]
  [Scheduler] Reverse step 500/1000  x range: [-4.480, 4.185]
  [Scheduler] Reverse step 450/1000  x range: [-4.541, 4.411]
  [Scheduler] Reverse step 400/1000  x range: [-4.528, 5.100]
  [Scheduler] Reverse step 350/1000  x range: [-5.031, 5.346]
  [Scheduler] Reverse step 300/1000  x range: [-5.746, 5.245]
  [Scheduler] Reverse step 250/1000  x range: [-4.729, 5.938]
  [Scheduler] Reverse step 200/1000  x range: [-4.962, 5.527]
  [Scheduler] Reverse step 150/1000  x range: [-5.373, 5.049]
  [Scheduler] Reverse step 100/1000  x range: [-5.369, 5.224]
  [Scheduler] Reverse step  50/1000  x range: [-5.327, 5.229]
  [Scheduler] Reverse step   0/1000  x range: [-5.455, 5.368]
  Generated: 2304/5120

  --- Batch 37 (64 samples) ---
  [Scheduler] Reverse step 999/1000  x range: [-4.420, 4.610]
  [Scheduler] Reverse step 950/1000  x range: [-4.508, 4.811]
  [Scheduler] Reverse step 900/1000  x range: [-4.573, 4.686]
  [Scheduler] Reverse step 850/1000  x range: [-4.468, 4.583]
  [Scheduler] Reverse step 800/1000  x range: [-4.621, 4.562]
  [Scheduler] Reverse step 750/1000  x range: [-4.509, 4.462]
  [Scheduler] Reverse step 700/1000  x range: [-4.628, 4.459]
  [Scheduler] Reverse step 650/1000  x range: [-4.283, 5.079]
  [Scheduler] Reverse step 600/1000  x range: [-4.334, 4.837]
  [Scheduler] Reverse step 550/1000  x range: [-4.705, 4.483]
  [Scheduler] Reverse step 500/1000  x range: [-4.899, 4.357]
  [Scheduler] Reverse step 450/1000  x range: [-4.705, 4.865]
  [Scheduler] Reverse step 400/1000  x range: [-4.676, 4.443]
  [Scheduler] Reverse step 350/1000  x range: [-5.225, 5.127]
  [Scheduler] Reverse step 300/1000  x range: [-4.955, 4.708]
  [Scheduler] Reverse step 250/1000  x range: [-5.336, 4.663]
  [Scheduler] Reverse step 200/1000  x range: [-5.239, 5.205]
  [Scheduler] Reverse step 150/1000  x range: [-5.373, 5.078]
  [Scheduler] Reverse step 100/1000  x range: [-5.717, 5.364]
  [Scheduler] Reverse step  50/1000  x range: [-5.352, 5.294]
  [Scheduler] Reverse step   0/1000  x range: [-5.422, 5.437]
  Generated: 2368/5120

  --- Batch 38 (64 samples) ---
  [Scheduler] Reverse step 999/1000  x range: [-4.694, 4.361]
  [Scheduler] Reverse step 950/1000  x range: [-4.305, 4.923]
  [Scheduler] Reverse step 900/1000  x range: [-4.432, 4.560]
  [Scheduler] Reverse step 850/1000  x range: [-4.811, 4.751]
  [Scheduler] Reverse step 800/1000  x range: [-4.326, 4.431]
  [Scheduler] Reverse step 750/1000  x range: [-4.650, 4.772]
  [Scheduler] Reverse step 700/1000  x range: [-4.743, 4.296]
  [Scheduler] Reverse step 650/1000  x range: [-4.352, 4.352]
  [Scheduler] Reverse step 600/1000  x range: [-4.500, 4.211]
  [Scheduler] Reverse step 550/1000  x range: [-4.405, 4.434]
  [Scheduler] Reverse step 500/1000  x range: [-4.222, 4.392]
  [Scheduler] Reverse step 450/1000  x range: [-4.419, 4.639]
  [Scheduler] Reverse step 400/1000  x range: [-4.686, 5.043]
  [Scheduler] Reverse step 350/1000  x range: [-4.354, 4.903]
  [Scheduler] Reverse step 300/1000  x range: [-5.039, 5.646]
  [Scheduler] Reverse step 250/1000  x range: [-5.125, 5.124]
  [Scheduler] Reverse step 200/1000  x range: [-5.056, 5.451]
  [Scheduler] Reverse step 150/1000  x range: [-5.296, 5.507]
  [Scheduler] Reverse step 100/1000  x range: [-5.729, 5.270]
  [Scheduler] Reverse step  50/1000  x range: [-5.263, 5.364]
  [Scheduler] Reverse step   0/1000  x range: [-5.392, 5.263]
  Generated: 2432/5120

  --- Batch 39 (64 samples) ---
  [Scheduler] Reverse step 999/1000  x range: [-4.394, 4.661]
  [Scheduler] Reverse step 950/1000  x range: [-4.763, 4.493]
  [Scheduler] Reverse step 900/1000  x range: [-4.418, 4.763]
  [Scheduler] Reverse step 850/1000  x range: [-4.701, 4.815]
  [Scheduler] Reverse step 800/1000  x range: [-4.893, 4.657]
  [Scheduler] Reverse step 750/1000  x range: [-4.984, 4.310]
  [Scheduler] Reverse step 700/1000  x range: [-4.593, 4.762]
  [Scheduler] Reverse step 650/1000  x range: [-4.862, 4.601]
  [Scheduler] Reverse step 600/1000  x range: [-4.720, 4.805]
  [Scheduler] Reverse step 550/1000  x range: [-4.964, 4.298]
  [Scheduler] Reverse step 500/1000  x range: [-4.991, 4.427]
  [Scheduler] Reverse step 450/1000  x range: [-5.657, 4.424]
  [Scheduler] Reverse step 400/1000  x range: [-5.080, 4.747]
  [Scheduler] Reverse step 350/1000  x range: [-4.806, 4.907]
  [Scheduler] Reverse step 300/1000  x range: [-4.811, 4.904]
  [Scheduler] Reverse step 250/1000  x range: [-4.729, 5.290]
  [Scheduler] Reverse step 200/1000  x range: [-5.243, 5.223]
  [Scheduler] Reverse step 150/1000  x range: [-5.553, 5.278]
  [Scheduler] Reverse step 100/1000  x range: [-5.257, 5.473]
  [Scheduler] Reverse step  50/1000  x range: [-5.443, 5.369]
  [Scheduler] Reverse step   0/1000  x range: [-5.701, 5.516]
  Generated: 2496/5120

  --- Batch 40 (64 samples) ---
  [Scheduler] Reverse step 999/1000  x range: [-4.248, 4.346]
  [Scheduler] Reverse step 950/1000  x range: [-4.312, 4.353]
  [Scheduler] Reverse step 900/1000  x range: [-4.673, 5.219]
  [Scheduler] Reverse step 850/1000  x range: [-4.678, 5.392]
  [Scheduler] Reverse step 800/1000  x range: [-4.272, 4.383]
  [Scheduler] Reverse step 750/1000  x range: [-4.461, 4.971]
  [Scheduler] Reverse step 700/1000  x range: [-4.355, 4.591]
  [Scheduler] Reverse step 650/1000  x range: [-4.611, 4.579]
  [Scheduler] Reverse step 600/1000  x range: [-4.832, 4.786]
  [Scheduler] Reverse step 550/1000  x range: [-5.086, 4.629]
  [Scheduler] Reverse step 500/1000  x range: [-4.408, 4.385]
  [Scheduler] Reverse step 450/1000  x range: [-4.567, 4.500]
  [Scheduler] Reverse step 400/1000  x range: [-5.482, 4.716]
  [Scheduler] Reverse step 350/1000  x range: [-4.903, 4.858]
  [Scheduler] Reverse step 300/1000  x range: [-5.711, 5.062]
  [Scheduler] Reverse step 250/1000  x range: [-5.682, 5.354]
  [Scheduler] Reverse step 200/1000  x range: [-5.413, 5.486]
  [Scheduler] Reverse step 150/1000  x range: [-5.264, 5.221]
  [Scheduler] Reverse step 100/1000  x range: [-5.063, 5.185]
  [Scheduler] Reverse step  50/1000  x range: [-5.316, 5.213]
  [Scheduler] Reverse step   0/1000  x range: [-5.451, 5.300]
  Generated: 2560/5120

  --- Batch 41 (64 samples) ---
  [Scheduler] Reverse step 999/1000  x range: [-4.535, 4.363]
  [Scheduler] Reverse step 950/1000  x range: [-4.610, 4.938]
  [Scheduler] Reverse step 900/1000  x range: [-4.648, 4.624]
  [Scheduler] Reverse step 850/1000  x range: [-4.804, 4.628]
  [Scheduler] Reverse step 800/1000  x range: [-4.560, 4.350]
  [Scheduler] Reverse step 750/1000  x range: [-4.858, 4.916]
  [Scheduler] Reverse step 700/1000  x range: [-4.298, 4.506]
  [Scheduler] Reverse step 650/1000  x range: [-4.405, 4.652]
  [Scheduler] Reverse step 600/1000  x range: [-4.727, 4.862]
  [Scheduler] Reverse step 550/1000  x range: [-4.960, 4.660]
  [Scheduler] Reverse step 500/1000  x range: [-4.855, 4.834]
  [Scheduler] Reverse step 450/1000  x range: [-4.812, 5.010]
  [Scheduler] Reverse step 400/1000  x range: [-5.090, 4.895]
  [Scheduler] Reverse step 350/1000  x range: [-5.337, 4.726]
  [Scheduler] Reverse step 300/1000  x range: [-4.622, 4.731]
  [Scheduler] Reverse step 250/1000  x range: [-5.219, 5.163]
  [Scheduler] Reverse step 200/1000  x range: [-5.227, 5.477]
  [Scheduler] Reverse step 150/1000  x range: [-5.342, 5.500]
  [Scheduler] Reverse step 100/1000  x range: [-5.457, 5.292]
  [Scheduler] Reverse step  50/1000  x range: [-5.638, 5.495]
  [Scheduler] Reverse step   0/1000  x range: [-5.496, 5.592]
  Generated: 2624/5120

  --- Batch 42 (64 samples) ---
  [Scheduler] Reverse step 999/1000  x range: [-5.109, 4.536]
  [Scheduler] Reverse step 950/1000  x range: [-4.550, 4.400]
  [Scheduler] Reverse step 900/1000  x range: [-4.569, 4.610]
  [Scheduler] Reverse step 850/1000  x range: [-4.458, 4.198]
  [Scheduler] Reverse step 800/1000  x range: [-4.565, 4.909]
  [Scheduler] Reverse step 750/1000  x range: [-4.290, 4.498]
  [Scheduler] Reverse step 700/1000  x range: [-4.641, 4.602]
  [Scheduler] Reverse step 650/1000  x range: [-4.717, 4.608]
  [Scheduler] Reverse step 600/1000  x range: [-4.374, 4.194]
  [Scheduler] Reverse step 550/1000  x range: [-4.624, 4.659]
  [Scheduler] Reverse step 500/1000  x range: [-4.725, 4.838]
  [Scheduler] Reverse step 450/1000  x range: [-4.913, 5.173]
  [Scheduler] Reverse step 400/1000  x range: [-4.935, 4.888]
  [Scheduler] Reverse step 350/1000  x range: [-4.775, 5.360]
  [Scheduler] Reverse step 300/1000  x range: [-4.991, 5.234]
  [Scheduler] Reverse step 250/1000  x range: [-4.840, 4.753]
  [Scheduler] Reverse step 200/1000  x range: [-4.837, 5.858]
  [Scheduler] Reverse step 150/1000  x range: [-5.065, 5.987]
  [Scheduler] Reverse step 100/1000  x range: [-5.203, 5.484]
  [Scheduler] Reverse step  50/1000  x range: [-5.232, 5.468]
  [Scheduler] Reverse step   0/1000  x range: [-5.522, 5.462]
  Generated: 2688/5120

  --- Batch 43 (64 samples) ---
  [Scheduler] Reverse step 999/1000  x range: [-5.059, 4.473]
  [Scheduler] Reverse step 950/1000  x range: [-4.648, 4.500]
  [Scheduler] Reverse step 900/1000  x range: [-4.764, 4.476]
  [Scheduler] Reverse step 850/1000  x range: [-4.541, 4.355]
  [Scheduler] Reverse step 800/1000  x range: [-4.604, 4.331]
  [Scheduler] Reverse step 750/1000  x range: [-4.321, 4.501]
  [Scheduler] Reverse step 700/1000  x range: [-4.560, 4.333]
  [Scheduler] Reverse step 650/1000  x range: [-4.663, 4.777]
  [Scheduler] Reverse step 600/1000  x range: [-4.516, 4.318]
  [Scheduler] Reverse step 550/1000  x range: [-4.598, 4.440]
  [Scheduler] Reverse step 500/1000  x range: [-5.188, 4.648]
  [Scheduler] Reverse step 450/1000  x range: [-4.618, 5.114]
  [Scheduler] Reverse step 400/1000  x range: [-4.819, 4.653]
  [Scheduler] Reverse step 350/1000  x range: [-4.835, 4.787]
  [Scheduler] Reverse step 300/1000  x range: [-5.188, 5.178]
  [Scheduler] Reverse step 250/1000  x range: [-4.957, 5.215]
  [Scheduler] Reverse step 200/1000  x range: [-5.288, 5.137]
  [Scheduler] Reverse step 150/1000  x range: [-5.347, 5.215]
  [Scheduler] Reverse step 100/1000  x range: [-5.681, 5.433]
  [Scheduler] Reverse step  50/1000  x range: [-5.543, 5.527]
  [Scheduler] Reverse step   0/1000  x range: [-5.466, 5.750]
  Generated: 2752/5120

  --- Batch 44 (64 samples) ---
  [Scheduler] Reverse step 999/1000  x range: [-4.608, 4.369]
  [Scheduler] Reverse step 950/1000  x range: [-4.217, 4.421]
  [Scheduler] Reverse step 900/1000  x range: [-4.470, 4.518]
  [Scheduler] Reverse step 850/1000  x range: [-4.953, 4.409]
  [Scheduler] Reverse step 800/1000  x range: [-4.537, 4.351]
  [Scheduler] Reverse step 750/1000  x range: [-5.165, 4.244]
  [Scheduler] Reverse step 700/1000  x range: [-4.519, 4.639]
  [Scheduler] Reverse step 650/1000  x range: [-4.565, 4.294]
  [Scheduler] Reverse step 600/1000  x range: [-4.980, 4.587]
  [Scheduler] Reverse step 550/1000  x range: [-5.479, 4.345]
  [Scheduler] Reverse step 500/1000  x range: [-5.560, 4.460]
  [Scheduler] Reverse step 450/1000  x range: [-4.765, 4.539]
  [Scheduler] Reverse step 400/1000  x range: [-4.658, 4.857]
  [Scheduler] Reverse step 350/1000  x range: [-4.649, 4.836]
  [Scheduler] Reverse step 300/1000  x range: [-5.246, 4.909]
  [Scheduler] Reverse step 250/1000  x range: [-4.885, 5.454]
  [Scheduler] Reverse step 200/1000  x range: [-4.963, 5.076]
  [Scheduler] Reverse step 150/1000  x range: [-5.268, 5.764]
  [Scheduler] Reverse step 100/1000  x range: [-5.445, 5.348]
  [Scheduler] Reverse step  50/1000  x range: [-5.316, 5.489]
  [Scheduler] Reverse step   0/1000  x range: [-5.377, 5.405]
  Generated: 2816/5120

  --- Batch 45 (64 samples) ---
  [Scheduler] Reverse step 999/1000  x range: [-4.769, 4.690]
  [Scheduler] Reverse step 950/1000  x range: [-4.297, 4.272]
  [Scheduler] Reverse step 900/1000  x range: [-4.759, 4.550]
  [Scheduler] Reverse step 850/1000  x range: [-4.717, 5.006]
  [Scheduler] Reverse step 800/1000  x range: [-4.615, 4.338]
  [Scheduler] Reverse step 750/1000  x range: [-4.390, 4.475]
  [Scheduler] Reverse step 700/1000  x range: [-4.393, 4.269]
  [Scheduler] Reverse step 650/1000  x range: [-4.245, 4.337]
  [Scheduler] Reverse step 600/1000  x range: [-4.236, 4.469]
  [Scheduler] Reverse step 550/1000  x range: [-4.510, 4.492]
  [Scheduler] Reverse step 500/1000  x range: [-4.460, 4.688]
  [Scheduler] Reverse step 450/1000  x range: [-4.436, 4.305]
  [Scheduler] Reverse step 400/1000  x range: [-4.591, 4.369]
  [Scheduler] Reverse step 350/1000  x range: [-4.417, 4.869]
  [Scheduler] Reverse step 300/1000  x range: [-4.718, 4.877]
  [Scheduler] Reverse step 250/1000  x range: [-4.902, 5.122]
  [Scheduler] Reverse step 200/1000  x range: [-4.969, 5.106]
  [Scheduler] Reverse step 150/1000  x range: [-5.310, 4.827]
  [Scheduler] Reverse step 100/1000  x range: [-5.526, 5.150]
  [Scheduler] Reverse step  50/1000  x range: [-5.511, 5.333]
  [Scheduler] Reverse step   0/1000  x range: [-5.644, 5.445]
  Generated: 2880/5120

  --- Batch 46 (64 samples) ---
  [Scheduler] Reverse step 999/1000  x range: [-4.631, 4.697]
  [Scheduler] Reverse step 950/1000  x range: [-4.262, 4.274]
  [Scheduler] Reverse step 900/1000  x range: [-4.957, 4.771]
  [Scheduler] Reverse step 850/1000  x range: [-4.668, 4.567]
  [Scheduler] Reverse step 800/1000  x range: [-4.382, 4.694]
  [Scheduler] Reverse step 750/1000  x range: [-4.392, 4.422]
  [Scheduler] Reverse step 700/1000  x range: [-4.461, 4.410]
  [Scheduler] Reverse step 650/1000  x range: [-4.524, 4.411]
  [Scheduler] Reverse step 600/1000  x range: [-4.596, 4.420]
  [Scheduler] Reverse step 550/1000  x range: [-4.487, 4.767]
  [Scheduler] Reverse step 500/1000  x range: [-4.518, 4.829]
  [Scheduler] Reverse step 450/1000  x range: [-5.199, 5.037]
  [Scheduler] Reverse step 400/1000  x range: [-4.865, 5.168]
  [Scheduler] Reverse step 350/1000  x range: [-4.912, 5.318]
  [Scheduler] Reverse step 300/1000  x range: [-5.167, 5.427]
  [Scheduler] Reverse step 250/1000  x range: [-5.061, 5.286]
  [Scheduler] Reverse step 200/1000  x range: [-5.799, 5.098]
  [Scheduler] Reverse step 150/1000  x range: [-5.533, 5.382]
  [Scheduler] Reverse step 100/1000  x range: [-5.463, 5.438]
  [Scheduler] Reverse step  50/1000  x range: [-5.549, 5.349]
  [Scheduler] Reverse step   0/1000  x range: [-5.476, 5.555]
  Generated: 2944/5120

  --- Batch 47 (64 samples) ---
  [Scheduler] Reverse step 999/1000  x range: [-4.895, 4.276]
  [Scheduler] Reverse step 950/1000  x range: [-4.869, 4.521]
  [Scheduler] Reverse step 900/1000  x range: [-4.561, 5.100]
  [Scheduler] Reverse step 850/1000  x range: [-4.482, 4.463]
  [Scheduler] Reverse step 800/1000  x range: [-5.420, 4.457]
  [Scheduler] Reverse step 750/1000  x range: [-4.635, 4.491]
  [Scheduler] Reverse step 700/1000  x range: [-4.509, 4.344]
  [Scheduler] Reverse step 650/1000  x range: [-4.294, 4.222]
  [Scheduler] Reverse step 600/1000  x range: [-4.430, 4.644]
  [Scheduler] Reverse step 550/1000  x range: [-4.369, 4.667]
  [Scheduler] Reverse step 500/1000  x range: [-4.622, 4.725]
  [Scheduler] Reverse step 450/1000  x range: [-4.363, 4.339]
  [Scheduler] Reverse step 400/1000  x range: [-4.406, 4.589]
  [Scheduler] Reverse step 350/1000  x range: [-5.012, 5.135]
  [Scheduler] Reverse step 300/1000  x range: [-4.807, 6.065]
  [Scheduler] Reverse step 250/1000  x range: [-5.584, 5.722]
  [Scheduler] Reverse step 200/1000  x range: [-5.423, 6.047]
  [Scheduler] Reverse step 150/1000  x range: [-5.287, 5.755]
  [Scheduler] Reverse step 100/1000  x range: [-5.127, 5.331]
  [Scheduler] Reverse step  50/1000  x range: [-5.312, 5.430]
  [Scheduler] Reverse step   0/1000  x range: [-5.613, 5.530]
  Generated: 3008/5120

  --- Batch 48 (64 samples) ---
  [Scheduler] Reverse step 999/1000  x range: [-5.031, 4.669]
  [Scheduler] Reverse step 950/1000  x range: [-4.785, 4.716]
  [Scheduler] Reverse step 900/1000  x range: [-4.653, 4.663]
  [Scheduler] Reverse step 850/1000  x range: [-4.607, 4.678]
  [Scheduler] Reverse step 800/1000  x range: [-4.929, 4.616]
  [Scheduler] Reverse step 750/1000  x range: [-4.540, 4.608]
  [Scheduler] Reverse step 700/1000  x range: [-4.171, 4.623]
  [Scheduler] Reverse step 650/1000  x range: [-4.570, 4.452]
  [Scheduler] Reverse step 600/1000  x range: [-4.826, 4.590]
  [Scheduler] Reverse step 550/1000  x range: [-4.562, 5.002]
  [Scheduler] Reverse step 500/1000  x range: [-4.342, 4.188]
  [Scheduler] Reverse step 450/1000  x range: [-4.411, 4.442]
  [Scheduler] Reverse step 400/1000  x range: [-4.615, 4.794]
  [Scheduler] Reverse step 350/1000  x range: [-4.650, 4.978]
  [Scheduler] Reverse step 300/1000  x range: [-5.448, 4.859]
  [Scheduler] Reverse step 250/1000  x range: [-5.389, 5.229]
  [Scheduler] Reverse step 200/1000  x range: [-5.281, 5.661]
  [Scheduler] Reverse step 150/1000  x range: [-5.188, 5.255]
  [Scheduler] Reverse step 100/1000  x range: [-5.594, 5.516]
  [Scheduler] Reverse step  50/1000  x range: [-5.366, 5.470]
  [Scheduler] Reverse step   0/1000  x range: [-5.616, 5.579]
  Generated: 3072/5120

  --- Batch 49 (64 samples) ---
  [Scheduler] Reverse step 999/1000  x range: [-4.420, 4.542]
  [Scheduler] Reverse step 950/1000  x range: [-4.280, 4.827]
  [Scheduler] Reverse step 900/1000  x range: [-4.249, 4.769]
  [Scheduler] Reverse step 850/1000  x range: [-4.276, 4.656]
  [Scheduler] Reverse step 800/1000  x range: [-4.260, 4.878]
  [Scheduler] Reverse step 750/1000  x range: [-4.584, 4.454]
  [Scheduler] Reverse step 700/1000  x range: [-4.485, 5.242]
  [Scheduler] Reverse step 650/1000  x range: [-4.827, 4.400]
  [Scheduler] Reverse step 600/1000  x range: [-4.870, 4.281]
  [Scheduler] Reverse step 550/1000  x range: [-4.320, 4.512]
  [Scheduler] Reverse step 500/1000  x range: [-4.604, 4.350]
  [Scheduler] Reverse step 450/1000  x range: [-4.357, 4.406]
  [Scheduler] Reverse step 400/1000  x range: [-4.819, 4.669]
  [Scheduler] Reverse step 350/1000  x range: [-4.594, 4.497]
  [Scheduler] Reverse step 300/1000  x range: [-4.604, 4.769]
  [Scheduler] Reverse step 250/1000  x range: [-6.063, 4.665]
  [Scheduler] Reverse step 200/1000  x range: [-6.017, 4.961]
  [Scheduler] Reverse step 150/1000  x range: [-5.161, 5.226]
  [Scheduler] Reverse step 100/1000  x range: [-5.534, 5.416]
  [Scheduler] Reverse step  50/1000  x range: [-5.468, 5.196]
  [Scheduler] Reverse step   0/1000  x range: [-5.646, 5.357]
  Generated: 3136/5120

  --- Batch 50 (64 samples) ---
  [Scheduler] Reverse step 999/1000  x range: [-5.045, 4.940]
  [Scheduler] Reverse step 950/1000  x range: [-4.589, 4.642]
  [Scheduler] Reverse step 900/1000  x range: [-4.230, 4.482]
  [Scheduler] Reverse step 850/1000  x range: [-4.573, 4.629]
  [Scheduler] Reverse step 800/1000  x range: [-4.715, 4.919]
  [Scheduler] Reverse step 750/1000  x range: [-4.931, 5.125]
  [Scheduler] Reverse step 700/1000  x range: [-4.773, 4.846]
  [Scheduler] Reverse step 650/1000  x range: [-4.748, 4.681]
  [Scheduler] Reverse step 600/1000  x range: [-4.982, 4.621]
  [Scheduler] Reverse step 550/1000  x range: [-4.687, 4.325]
  [Scheduler] Reverse step 500/1000  x range: [-4.666, 4.494]
  [Scheduler] Reverse step 450/1000  x range: [-4.990, 4.689]
  [Scheduler] Reverse step 400/1000  x range: [-4.681, 4.443]
  [Scheduler] Reverse step 350/1000  x range: [-4.516, 5.060]
  [Scheduler] Reverse step 300/1000  x range: [-5.155, 5.035]
  [Scheduler] Reverse step 250/1000  x range: [-5.111, 5.794]
  [Scheduler] Reverse step 200/1000  x range: [-5.271, 5.088]
  [Scheduler] Reverse step 150/1000  x range: [-5.328, 5.073]
  [Scheduler] Reverse step 100/1000  x range: [-5.410, 5.388]
  [Scheduler] Reverse step  50/1000  x range: [-5.553, 5.315]
  [Scheduler] Reverse step   0/1000  x range: [-5.606, 5.354]
  Generated: 3200/5120

  --- Batch 51 (64 samples) ---
  [Scheduler] Reverse step 999/1000  x range: [-4.941, 4.443]
  [Scheduler] Reverse step 950/1000  x range: [-4.682, 4.667]
  [Scheduler] Reverse step 900/1000  x range: [-4.676, 4.874]
  [Scheduler] Reverse step 850/1000  x range: [-4.429, 4.453]
  [Scheduler] Reverse step 800/1000  x range: [-4.485, 4.229]
  [Scheduler] Reverse step 750/1000  x range: [-4.371, 4.351]
  [Scheduler] Reverse step 700/1000  x range: [-5.398, 4.540]
  [Scheduler] Reverse step 650/1000  x range: [-5.694, 4.617]
  [Scheduler] Reverse step 600/1000  x range: [-5.020, 4.486]
  [Scheduler] Reverse step 550/1000  x range: [-5.347, 4.653]
  [Scheduler] Reverse step 500/1000  x range: [-4.631, 4.434]
  [Scheduler] Reverse step 450/1000  x range: [-4.978, 4.651]
  [Scheduler] Reverse step 400/1000  x range: [-4.814, 5.070]
  [Scheduler] Reverse step 350/1000  x range: [-5.468, 4.568]
  [Scheduler] Reverse step 300/1000  x range: [-4.808, 5.100]
  [Scheduler] Reverse step 250/1000  x range: [-5.475, 4.745]
  [Scheduler] Reverse step 200/1000  x range: [-5.150, 5.296]
  [Scheduler] Reverse step 150/1000  x range: [-6.046, 5.773]
  [Scheduler] Reverse step 100/1000  x range: [-6.234, 5.681]
  [Scheduler] Reverse step  50/1000  x range: [-5.992, 5.470]
  [Scheduler] Reverse step   0/1000  x range: [-5.471, 5.380]
  Generated: 3264/5120

  --- Batch 52 (64 samples) ---
  [Scheduler] Reverse step 999/1000  x range: [-4.769, 4.654]
  [Scheduler] Reverse step 950/1000  x range: [-4.368, 4.546]
  [Scheduler] Reverse step 900/1000  x range: [-4.908, 4.275]
  [Scheduler] Reverse step 850/1000  x range: [-5.161, 4.218]
  [Scheduler] Reverse step 800/1000  x range: [-4.605, 4.427]
  [Scheduler] Reverse step 750/1000  x range: [-4.522, 5.146]
  [Scheduler] Reverse step 700/1000  x range: [-4.725, 4.272]
  [Scheduler] Reverse step 650/1000  x range: [-4.661, 4.606]
  [Scheduler] Reverse step 600/1000  x range: [-4.991, 4.455]
  [Scheduler] Reverse step 550/1000  x range: [-4.633, 4.346]
  [Scheduler] Reverse step 500/1000  x range: [-4.414, 4.839]
  [Scheduler] Reverse step 450/1000  x range: [-5.530, 4.362]
  [Scheduler] Reverse step 400/1000  x range: [-4.676, 5.244]
  [Scheduler] Reverse step 350/1000  x range: [-4.698, 4.852]
  [Scheduler] Reverse step 300/1000  x range: [-4.884, 5.337]
  [Scheduler] Reverse step 250/1000  x range: [-5.121, 5.353]
  [Scheduler] Reverse step 200/1000  x range: [-5.332, 5.810]
  [Scheduler] Reverse step 150/1000  x range: [-5.725, 5.508]
  [Scheduler] Reverse step 100/1000  x range: [-5.592, 5.464]
  [Scheduler] Reverse step  50/1000  x range: [-5.843, 5.626]
  [Scheduler] Reverse step   0/1000  x range: [-5.547, 5.517]
  Generated: 3328/5120

  --- Batch 53 (64 samples) ---
  [Scheduler] Reverse step 999/1000  x range: [-4.768, 4.971]
  [Scheduler] Reverse step 950/1000  x range: [-4.771, 4.347]
  [Scheduler] Reverse step 900/1000  x range: [-4.261, 4.254]
  [Scheduler] Reverse step 850/1000  x range: [-4.313, 4.557]
  [Scheduler] Reverse step 800/1000  x range: [-5.017, 4.401]
  [Scheduler] Reverse step 750/1000  x range: [-4.465, 4.514]
  [Scheduler] Reverse step 700/1000  x range: [-5.178, 5.188]
  [Scheduler] Reverse step 650/1000  x range: [-4.307, 4.430]
  [Scheduler] Reverse step 600/1000  x range: [-4.105, 4.341]
  [Scheduler] Reverse step 550/1000  x range: [-4.695, 4.932]
  [Scheduler] Reverse step 500/1000  x range: [-4.640, 4.542]
  [Scheduler] Reverse step 450/1000  x range: [-4.933, 4.625]
  [Scheduler] Reverse step 400/1000  x range: [-4.579, 4.672]
  [Scheduler] Reverse step 350/1000  x range: [-5.063, 4.918]
  [Scheduler] Reverse step 300/1000  x range: [-4.952, 5.550]
  [Scheduler] Reverse step 250/1000  x range: [-5.634, 4.925]
  [Scheduler] Reverse step 200/1000  x range: [-5.779, 5.336]
  [Scheduler] Reverse step 150/1000  x range: [-5.141, 4.995]
  [Scheduler] Reverse step 100/1000  x range: [-5.613, 5.229]
  [Scheduler] Reverse step  50/1000  x range: [-5.574, 5.471]
  [Scheduler] Reverse step   0/1000  x range: [-5.514, 5.493]
  Generated: 3392/5120

  --- Batch 54 (64 samples) ---
  [Scheduler] Reverse step 999/1000  x range: [-4.844, 4.324]
  [Scheduler] Reverse step 950/1000  x range: [-4.743, 4.378]
  [Scheduler] Reverse step 900/1000  x range: [-4.254, 4.631]
  [Scheduler] Reverse step 850/1000  x range: [-4.795, 5.205]
  [Scheduler] Reverse step 800/1000  x range: [-4.406, 4.606]
  [Scheduler] Reverse step 750/1000  x range: [-4.496, 4.509]
  [Scheduler] Reverse step 700/1000  x range: [-5.096, 4.414]
  [Scheduler] Reverse step 650/1000  x range: [-4.389, 4.870]
  [Scheduler] Reverse step 600/1000  x range: [-4.905, 4.413]
  [Scheduler] Reverse step 550/1000  x range: [-4.353, 4.516]
  [Scheduler] Reverse step 500/1000  x range: [-4.801, 4.274]
  [Scheduler] Reverse step 450/1000  x range: [-4.273, 4.734]
  [Scheduler] Reverse step 400/1000  x range: [-5.007, 4.639]
  [Scheduler] Reverse step 350/1000  x range: [-4.754, 4.864]
  [Scheduler] Reverse step 300/1000  x range: [-6.156, 5.107]
  [Scheduler] Reverse step 250/1000  x range: [-6.143, 5.555]
  [Scheduler] Reverse step 200/1000  x range: [-6.319, 5.712]
  [Scheduler] Reverse step 150/1000  x range: [-5.469, 5.834]
  [Scheduler] Reverse step 100/1000  x range: [-5.450, 5.691]
  [Scheduler] Reverse step  50/1000  x range: [-5.386, 5.482]
  [Scheduler] Reverse step   0/1000  x range: [-5.446, 6.081]
  Generated: 3456/5120

  --- Batch 55 (64 samples) ---
  [Scheduler] Reverse step 999/1000  x range: [-4.663, 4.319]
  [Scheduler] Reverse step 950/1000  x range: [-4.304, 4.761]
  [Scheduler] Reverse step 900/1000  x range: [-4.437, 4.772]
  [Scheduler] Reverse step 850/1000  x range: [-4.607, 4.601]
  [Scheduler] Reverse step 800/1000  x range: [-4.592, 4.289]
  [Scheduler] Reverse step 750/1000  x range: [-5.202, 4.559]
  [Scheduler] Reverse step 700/1000  x range: [-4.879, 4.922]
  [Scheduler] Reverse step 650/1000  x range: [-4.682, 4.557]
  [Scheduler] Reverse step 600/1000  x range: [-4.448, 4.543]
  [Scheduler] Reverse step 550/1000  x range: [-4.331, 4.438]
  [Scheduler] Reverse step 500/1000  x range: [-4.985, 4.728]
  [Scheduler] Reverse step 450/1000  x range: [-4.611, 4.638]
  [Scheduler] Reverse step 400/1000  x range: [-4.411, 5.369]
  [Scheduler] Reverse step 350/1000  x range: [-4.922, 4.750]
  [Scheduler] Reverse step 300/1000  x range: [-4.952, 5.924]
  [Scheduler] Reverse step 250/1000  x range: [-5.594, 6.043]
  [Scheduler] Reverse step 200/1000  x range: [-5.405, 5.681]
  [Scheduler] Reverse step 150/1000  x range: [-5.182, 5.467]
  [Scheduler] Reverse step 100/1000  x range: [-5.400, 5.404]
  [Scheduler] Reverse step  50/1000  x range: [-5.777, 5.783]
  [Scheduler] Reverse step   0/1000  x range: [-5.553, 5.532]
  Generated: 3520/5120

  --- Batch 56 (64 samples) ---
  [Scheduler] Reverse step 999/1000  x range: [-4.934, 4.323]
  [Scheduler] Reverse step 950/1000  x range: [-4.455, 4.465]
  [Scheduler] Reverse step 900/1000  x range: [-4.782, 4.550]
  [Scheduler] Reverse step 850/1000  x range: [-4.278, 4.613]
  [Scheduler] Reverse step 800/1000  x range: [-4.778, 4.599]
  [Scheduler] Reverse step 750/1000  x range: [-4.759, 4.493]
  [Scheduler] Reverse step 700/1000  x range: [-4.606, 4.839]
  [Scheduler] Reverse step 650/1000  x range: [-4.821, 4.657]
  [Scheduler] Reverse step 600/1000  x range: [-4.350, 4.252]
  [Scheduler] Reverse step 550/1000  x range: [-4.471, 4.555]
  [Scheduler] Reverse step 500/1000  x range: [-4.724, 4.372]
  [Scheduler] Reverse step 450/1000  x range: [-4.459, 4.203]
  [Scheduler] Reverse step 400/1000  x range: [-4.709, 4.407]
  [Scheduler] Reverse step 350/1000  x range: [-4.644, 4.777]
  [Scheduler] Reverse step 300/1000  x range: [-4.757, 5.280]
  [Scheduler] Reverse step 250/1000  x range: [-4.749, 5.142]
  [Scheduler] Reverse step 200/1000  x range: [-5.907, 5.357]
  [Scheduler] Reverse step 150/1000  x range: [-5.572, 5.110]
  [Scheduler] Reverse step 100/1000  x range: [-5.695, 5.030]
  [Scheduler] Reverse step  50/1000  x range: [-5.372, 5.427]
  [Scheduler] Reverse step   0/1000  x range: [-5.644, 5.468]
  Generated: 3584/5120

  --- Batch 57 (64 samples) ---
  [Scheduler] Reverse step 999/1000  x range: [-4.698, 5.082]
  [Scheduler] Reverse step 950/1000  x range: [-4.410, 4.493]
  [Scheduler] Reverse step 900/1000  x range: [-4.926, 4.314]
  [Scheduler] Reverse step 850/1000  x range: [-5.292, 4.250]
  [Scheduler] Reverse step 800/1000  x range: [-4.489, 4.699]
  [Scheduler] Reverse step 750/1000  x range: [-4.252, 4.702]
  [Scheduler] Reverse step 700/1000  x range: [-4.488, 4.530]
  [Scheduler] Reverse step 650/1000  x range: [-4.655, 4.291]
  [Scheduler] Reverse step 600/1000  x range: [-4.402, 4.749]
  [Scheduler] Reverse step 550/1000  x range: [-4.666, 4.690]
  [Scheduler] Reverse step 500/1000  x range: [-4.523, 4.642]
  [Scheduler] Reverse step 450/1000  x range: [-5.196, 5.074]
  [Scheduler] Reverse step 400/1000  x range: [-4.675, 4.990]
  [Scheduler] Reverse step 350/1000  x range: [-5.513, 4.744]
  [Scheduler] Reverse step 300/1000  x range: [-5.485, 5.269]
  [Scheduler] Reverse step 250/1000  x range: [-5.413, 4.819]
  [Scheduler] Reverse step 200/1000  x range: [-5.370, 4.963]
  [Scheduler] Reverse step 150/1000  x range: [-5.377, 5.031]
  [Scheduler] Reverse step 100/1000  x range: [-5.416, 5.182]
  [Scheduler] Reverse step  50/1000  x range: [-5.883, 5.280]
  [Scheduler] Reverse step   0/1000  x range: [-5.438, 5.469]
  Generated: 3648/5120

  --- Batch 58 (64 samples) ---
  [Scheduler] Reverse step 999/1000  x range: [-4.603, 4.843]
  [Scheduler] Reverse step 950/1000  x range: [-4.755, 4.482]
  [Scheduler] Reverse step 900/1000  x range: [-4.485, 4.755]
  [Scheduler] Reverse step 850/1000  x range: [-4.765, 4.788]
  [Scheduler] Reverse step 800/1000  x range: [-4.821, 4.372]
  [Scheduler] Reverse step 750/1000  x range: [-5.284, 4.524]
  [Scheduler] Reverse step 700/1000  x range: [-4.430, 4.586]
  [Scheduler] Reverse step 650/1000  x range: [-4.255, 4.699]
  [Scheduler] Reverse step 600/1000  x range: [-4.494, 4.638]
  [Scheduler] Reverse step 550/1000  x range: [-4.347, 4.512]
  [Scheduler] Reverse step 500/1000  x range: [-4.333, 4.461]
  [Scheduler] Reverse step 450/1000  x range: [-4.475, 4.656]
  [Scheduler] Reverse step 400/1000  x range: [-4.893, 4.702]
  [Scheduler] Reverse step 350/1000  x range: [-4.679, 5.836]
  [Scheduler] Reverse step 300/1000  x range: [-4.893, 4.875]
  [Scheduler] Reverse step 250/1000  x range: [-5.211, 4.791]
  [Scheduler] Reverse step 200/1000  x range: [-5.005, 5.302]
  [Scheduler] Reverse step 150/1000  x range: [-5.274, 5.593]
  [Scheduler] Reverse step 100/1000  x range: [-5.847, 5.464]
  [Scheduler] Reverse step  50/1000  x range: [-5.607, 5.469]
  [Scheduler] Reverse step   0/1000  x range: [-5.623, 5.650]
  Generated: 3712/5120

  --- Batch 59 (64 samples) ---
  [Scheduler] Reverse step 999/1000  x range: [-4.588, 4.684]
  [Scheduler] Reverse step 950/1000  x range: [-4.446, 4.716]
  [Scheduler] Reverse step 900/1000  x range: [-4.702, 4.820]
  [Scheduler] Reverse step 850/1000  x range: [-4.419, 4.477]
  [Scheduler] Reverse step 800/1000  x range: [-4.661, 4.285]
  [Scheduler] Reverse step 750/1000  x range: [-4.130, 4.192]
  [Scheduler] Reverse step 700/1000  x range: [-4.527, 4.445]
  [Scheduler] Reverse step 650/1000  x range: [-4.301, 4.145]
  [Scheduler] Reverse step 600/1000  x range: [-4.534, 4.344]
  [Scheduler] Reverse step 550/1000  x range: [-4.445, 4.247]
  [Scheduler] Reverse step 500/1000  x range: [-4.425, 4.381]
  [Scheduler] Reverse step 450/1000  x range: [-4.559, 4.385]
  [Scheduler] Reverse step 400/1000  x range: [-4.601, 4.518]
  [Scheduler] Reverse step 350/1000  x range: [-4.588, 4.822]
  [Scheduler] Reverse step 300/1000  x range: [-4.969, 4.986]
  [Scheduler] Reverse step 250/1000  x range: [-4.829, 5.269]
  [Scheduler] Reverse step 200/1000  x range: [-4.921, 5.055]
  [Scheduler] Reverse step 150/1000  x range: [-5.077, 5.632]
  [Scheduler] Reverse step 100/1000  x range: [-5.318, 5.996]
  [Scheduler] Reverse step  50/1000  x range: [-5.470, 5.550]
  [Scheduler] Reverse step   0/1000  x range: [-5.464, 5.433]
  Generated: 3776/5120

  --- Batch 60 (64 samples) ---
  [Scheduler] Reverse step 999/1000  x range: [-4.285, 4.451]
  [Scheduler] Reverse step 950/1000  x range: [-4.646, 4.637]
  [Scheduler] Reverse step 900/1000  x range: [-4.944, 4.683]
  [Scheduler] Reverse step 850/1000  x range: [-4.225, 4.401]
  [Scheduler] Reverse step 800/1000  x range: [-4.376, 4.587]
  [Scheduler] Reverse step 750/1000  x range: [-4.686, 4.258]
  [Scheduler] Reverse step 700/1000  x range: [-4.810, 4.886]
  [Scheduler] Reverse step 650/1000  x range: [-4.809, 4.771]
  [Scheduler] Reverse step 600/1000  x range: [-4.474, 4.537]
  [Scheduler] Reverse step 550/1000  x range: [-4.193, 4.986]
  [Scheduler] Reverse step 500/1000  x range: [-4.272, 4.415]
  [Scheduler] Reverse step 450/1000  x range: [-4.413, 4.338]
  [Scheduler] Reverse step 400/1000  x range: [-4.593, 4.576]
  [Scheduler] Reverse step 350/1000  x range: [-5.036, 4.544]
  [Scheduler] Reverse step 300/1000  x range: [-4.609, 4.692]
  [Scheduler] Reverse step 250/1000  x range: [-4.807, 4.837]
  [Scheduler] Reverse step 200/1000  x range: [-5.220, 5.147]
  [Scheduler] Reverse step 150/1000  x range: [-5.570, 5.442]
  [Scheduler] Reverse step 100/1000  x range: [-5.477, 5.339]
  [Scheduler] Reverse step  50/1000  x range: [-5.399, 5.396]
  [Scheduler] Reverse step   0/1000  x range: [-5.471, 5.553]
  Generated: 3840/5120

  --- Batch 61 (64 samples) ---
  [Scheduler] Reverse step 999/1000  x range: [-4.545, 4.679]
  [Scheduler] Reverse step 950/1000  x range: [-4.367, 4.531]
  [Scheduler] Reverse step 900/1000  x range: [-4.321, 4.662]
  [Scheduler] Reverse step 850/1000  x range: [-4.823, 4.516]
  [Scheduler] Reverse step 800/1000  x range: [-4.513, 4.714]
  [Scheduler] Reverse step 750/1000  x range: [-4.786, 4.434]
  [Scheduler] Reverse step 700/1000  x range: [-4.448, 4.671]
  [Scheduler] Reverse step 650/1000  x range: [-4.298, 4.618]
  [Scheduler] Reverse step 600/1000  x range: [-4.784, 4.235]
  [Scheduler] Reverse step 550/1000  x range: [-5.552, 4.557]
  [Scheduler] Reverse step 500/1000  x range: [-4.764, 4.417]
  [Scheduler] Reverse step 450/1000  x range: [-4.547, 4.587]
  [Scheduler] Reverse step 400/1000  x range: [-4.589, 4.612]
  [Scheduler] Reverse step 350/1000  x range: [-4.511, 5.570]
  [Scheduler] Reverse step 300/1000  x range: [-4.994, 5.413]
  [Scheduler] Reverse step 250/1000  x range: [-5.465, 5.933]
  [Scheduler] Reverse step 200/1000  x range: [-5.220, 5.849]
  [Scheduler] Reverse step 150/1000  x range: [-5.574, 5.486]
  [Scheduler] Reverse step 100/1000  x range: [-5.540, 5.239]
  [Scheduler] Reverse step  50/1000  x range: [-5.772, 5.171]
  [Scheduler] Reverse step   0/1000  x range: [-5.974, 5.432]
  Generated: 3904/5120

  --- Batch 62 (64 samples) ---
  [Scheduler] Reverse step 999/1000  x range: [-5.080, 4.860]
  [Scheduler] Reverse step 950/1000  x range: [-5.218, 4.630]
  [Scheduler] Reverse step 900/1000  x range: [-4.557, 4.519]
  [Scheduler] Reverse step 850/1000  x range: [-4.765, 4.490]
  [Scheduler] Reverse step 800/1000  x range: [-4.625, 4.503]
  [Scheduler] Reverse step 750/1000  x range: [-4.608, 4.384]
  [Scheduler] Reverse step 700/1000  x range: [-4.709, 4.600]
  [Scheduler] Reverse step 650/1000  x range: [-4.234, 4.863]
  [Scheduler] Reverse step 600/1000  x range: [-4.311, 4.582]
  [Scheduler] Reverse step 550/1000  x range: [-4.906, 4.436]
  [Scheduler] Reverse step 500/1000  x range: [-4.380, 4.318]
  [Scheduler] Reverse step 450/1000  x range: [-4.830, 4.140]
  [Scheduler] Reverse step 400/1000  x range: [-4.516, 4.321]
  [Scheduler] Reverse step 350/1000  x range: [-4.500, 5.007]
  [Scheduler] Reverse step 300/1000  x range: [-4.958, 5.289]
  [Scheduler] Reverse step 250/1000  x range: [-4.971, 5.735]
  [Scheduler] Reverse step 200/1000  x range: [-5.154, 5.439]
  [Scheduler] Reverse step 150/1000  x range: [-5.295, 5.195]
  [Scheduler] Reverse step 100/1000  x range: [-5.437, 5.203]
  [Scheduler] Reverse step  50/1000  x range: [-5.466, 5.328]
  [Scheduler] Reverse step   0/1000  x range: [-5.513, 5.556]
  Generated: 3968/5120

  --- Batch 63 (64 samples) ---
  [Scheduler] Reverse step 999/1000  x range: [-4.382, 4.544]
  [Scheduler] Reverse step 950/1000  x range: [-4.385, 4.338]
  [Scheduler] Reverse step 900/1000  x range: [-4.543, 4.143]
  [Scheduler] Reverse step 850/1000  x range: [-4.703, 4.312]
  [Scheduler] Reverse step 800/1000  x range: [-4.770, 4.576]
  [Scheduler] Reverse step 750/1000  x range: [-4.755, 4.307]
  [Scheduler] Reverse step 700/1000  x range: [-5.042, 4.683]
  [Scheduler] Reverse step 650/1000  x range: [-4.627, 4.794]
  [Scheduler] Reverse step 600/1000  x range: [-4.331, 4.719]
  [Scheduler] Reverse step 550/1000  x range: [-4.765, 4.390]
  [Scheduler] Reverse step 500/1000  x range: [-4.886, 4.308]
  [Scheduler] Reverse step 450/1000  x range: [-4.952, 4.503]
  [Scheduler] Reverse step 400/1000  x range: [-4.781, 4.337]
  [Scheduler] Reverse step 350/1000  x range: [-4.909, 4.860]
  [Scheduler] Reverse step 300/1000  x range: [-5.180, 4.664]
  [Scheduler] Reverse step 250/1000  x range: [-5.119, 4.982]
  [Scheduler] Reverse step 200/1000  x range: [-5.497, 5.053]
  [Scheduler] Reverse step 150/1000  x range: [-5.195, 5.238]
  [Scheduler] Reverse step 100/1000  x range: [-5.441, 5.467]
  [Scheduler] Reverse step  50/1000  x range: [-5.464, 5.460]
  [Scheduler] Reverse step   0/1000  x range: [-5.595, 5.446]
  Generated: 4032/5120

  --- Batch 64 (64 samples) ---
  [Scheduler] Reverse step 999/1000  x range: [-4.359, 4.237]
  [Scheduler] Reverse step 950/1000  x range: [-4.363, 4.472]
  [Scheduler] Reverse step 900/1000  x range: [-5.003, 5.026]
  [Scheduler] Reverse step 850/1000  x range: [-4.779, 4.462]
  [Scheduler] Reverse step 800/1000  x range: [-4.337, 4.809]
  [Scheduler] Reverse step 750/1000  x range: [-4.735, 4.457]
  [Scheduler] Reverse step 700/1000  x range: [-4.483, 4.819]
  [Scheduler] Reverse step 650/1000  x range: [-4.657, 4.358]
  [Scheduler] Reverse step 600/1000  x range: [-4.928, 4.563]
  [Scheduler] Reverse step 550/1000  x range: [-5.042, 4.819]
  [Scheduler] Reverse step 500/1000  x range: [-4.370, 4.793]
  [Scheduler] Reverse step 450/1000  x range: [-4.717, 4.851]
  [Scheduler] Reverse step 400/1000  x range: [-4.534, 4.549]
  [Scheduler] Reverse step 350/1000  x range: [-5.066, 4.837]
  [Scheduler] Reverse step 300/1000  x range: [-5.606, 4.996]
  [Scheduler] Reverse step 250/1000  x range: [-5.466, 5.658]
  [Scheduler] Reverse step 200/1000  x range: [-5.438, 5.526]
  [Scheduler] Reverse step 150/1000  x range: [-5.431, 4.995]
  [Scheduler] Reverse step 100/1000  x range: [-5.427, 5.133]
  [Scheduler] Reverse step  50/1000  x range: [-5.408, 5.324]
  [Scheduler] Reverse step   0/1000  x range: [-5.433, 5.406]
  Generated: 4096/5120

  --- Batch 65 (64 samples) ---
  [Scheduler] Reverse step 999/1000  x range: [-5.637, 4.296]
  [Scheduler] Reverse step 950/1000  x range: [-5.066, 4.504]
  [Scheduler] Reverse step 900/1000  x range: [-4.612, 4.249]
  [Scheduler] Reverse step 850/1000  x range: [-4.323, 4.212]
  [Scheduler] Reverse step 800/1000  x range: [-4.606, 4.694]
  [Scheduler] Reverse step 750/1000  x range: [-4.370, 4.222]
  [Scheduler] Reverse step 700/1000  x range: [-4.253, 4.664]
  [Scheduler] Reverse step 650/1000  x range: [-4.520, 4.770]
  [Scheduler] Reverse step 600/1000  x range: [-4.358, 4.612]
  [Scheduler] Reverse step 550/1000  x range: [-4.474, 4.455]
  [Scheduler] Reverse step 500/1000  x range: [-4.770, 4.641]
  [Scheduler] Reverse step 450/1000  x range: [-4.534, 4.361]
  [Scheduler] Reverse step 400/1000  x range: [-4.834, 4.666]
  [Scheduler] Reverse step 350/1000  x range: [-5.640, 4.565]
  [Scheduler] Reverse step 300/1000  x range: [-5.830, 5.351]
  [Scheduler] Reverse step 250/1000  x range: [-5.706, 6.188]
  [Scheduler] Reverse step 200/1000  x range: [-5.246, 5.761]
  [Scheduler] Reverse step 150/1000  x range: [-6.153, 5.738]
  [Scheduler] Reverse step 100/1000  x range: [-6.148, 5.819]
  [Scheduler] Reverse step  50/1000  x range: [-5.814, 5.383]
  [Scheduler] Reverse step   0/1000  x range: [-5.548, 5.428]
  Generated: 4160/5120

  --- Batch 66 (64 samples) ---
  [Scheduler] Reverse step 999/1000  x range: [-4.662, 4.701]
  [Scheduler] Reverse step 950/1000  x range: [-4.264, 4.717]
  [Scheduler] Reverse step 900/1000  x range: [-4.439, 4.645]
  [Scheduler] Reverse step 850/1000  x range: [-4.282, 4.216]
  [Scheduler] Reverse step 800/1000  x range: [-4.711, 4.463]
  [Scheduler] Reverse step 750/1000  x range: [-4.811, 4.406]
  [Scheduler] Reverse step 700/1000  x range: [-4.387, 4.661]
  [Scheduler] Reverse step 650/1000  x range: [-4.497, 4.553]
  [Scheduler] Reverse step 600/1000  x range: [-4.651, 4.737]
  [Scheduler] Reverse step 550/1000  x range: [-4.579, 5.299]
  [Scheduler] Reverse step 500/1000  x range: [-4.583, 5.651]
  [Scheduler] Reverse step 450/1000  x range: [-4.364, 4.504]
  [Scheduler] Reverse step 400/1000  x range: [-4.473, 4.670]
  [Scheduler] Reverse step 350/1000  x range: [-4.727, 4.557]
  [Scheduler] Reverse step 300/1000  x range: [-5.212, 5.098]
  [Scheduler] Reverse step 250/1000  x range: [-5.178, 5.141]
  [Scheduler] Reverse step 200/1000  x range: [-5.473, 5.311]
  [Scheduler] Reverse step 150/1000  x range: [-5.393, 5.427]
  [Scheduler] Reverse step 100/1000  x range: [-5.622, 5.377]
  [Scheduler] Reverse step  50/1000  x range: [-5.586, 5.538]
  [Scheduler] Reverse step   0/1000  x range: [-5.531, 5.497]
  Generated: 4224/5120

  --- Batch 67 (64 samples) ---
  [Scheduler] Reverse step 999/1000  x range: [-4.714, 4.648]
  [Scheduler] Reverse step 950/1000  x range: [-4.245, 4.254]
  [Scheduler] Reverse step 900/1000  x range: [-4.426, 4.343]
  [Scheduler] Reverse step 850/1000  x range: [-4.850, 4.691]
  [Scheduler] Reverse step 800/1000  x range: [-4.713, 4.547]
  [Scheduler] Reverse step 750/1000  x range: [-4.650, 4.479]
  [Scheduler] Reverse step 700/1000  x range: [-5.089, 4.918]
  [Scheduler] Reverse step 650/1000  x range: [-4.837, 4.537]
  [Scheduler] Reverse step 600/1000  x range: [-4.315, 4.809]
  [Scheduler] Reverse step 550/1000  x range: [-4.667, 4.544]
  [Scheduler] Reverse step 500/1000  x range: [-4.711, 4.604]
  [Scheduler] Reverse step 450/1000  x range: [-4.273, 4.532]
  [Scheduler] Reverse step 400/1000  x range: [-4.653, 5.167]
  [Scheduler] Reverse step 350/1000  x range: [-4.763, 5.016]
  [Scheduler] Reverse step 300/1000  x range: [-5.227, 4.873]
  [Scheduler] Reverse step 250/1000  x range: [-5.319, 4.972]
  [Scheduler] Reverse step 200/1000  x range: [-5.435, 5.282]
  [Scheduler] Reverse step 150/1000  x range: [-5.726, 5.265]
  [Scheduler] Reverse step 100/1000  x range: [-5.672, 5.370]
  [Scheduler] Reverse step  50/1000  x range: [-5.827, 5.297]
  [Scheduler] Reverse step   0/1000  x range: [-5.545, 5.477]
  Generated: 4288/5120

  --- Batch 68 (64 samples) ---
  [Scheduler] Reverse step 999/1000  x range: [-4.445, 4.565]
  [Scheduler] Reverse step 950/1000  x range: [-4.438, 4.536]
  [Scheduler] Reverse step 900/1000  x range: [-4.713, 4.137]
  [Scheduler] Reverse step 850/1000  x range: [-4.754, 4.357]
  [Scheduler] Reverse step 800/1000  x range: [-4.369, 4.811]
  [Scheduler] Reverse step 750/1000  x range: [-4.322, 4.248]
  [Scheduler] Reverse step 700/1000  x range: [-4.415, 4.612]
  [Scheduler] Reverse step 650/1000  x range: [-4.663, 4.570]
  [Scheduler] Reverse step 600/1000  x range: [-4.324, 4.658]
  [Scheduler] Reverse step 550/1000  x range: [-4.462, 5.385]
  [Scheduler] Reverse step 500/1000  x range: [-4.835, 4.539]
  [Scheduler] Reverse step 450/1000  x range: [-4.942, 4.278]
  [Scheduler] Reverse step 400/1000  x range: [-4.573, 4.771]
  [Scheduler] Reverse step 350/1000  x range: [-4.652, 4.508]
  [Scheduler] Reverse step 300/1000  x range: [-5.404, 4.613]
  [Scheduler] Reverse step 250/1000  x range: [-5.158, 4.781]
  [Scheduler] Reverse step 200/1000  x range: [-5.309, 5.428]
  [Scheduler] Reverse step 150/1000  x range: [-5.464, 5.839]
  [Scheduler] Reverse step 100/1000  x range: [-5.521, 5.341]
  [Scheduler] Reverse step  50/1000  x range: [-5.426, 5.605]
  [Scheduler] Reverse step   0/1000  x range: [-5.678, 5.468]
  Generated: 4352/5120

  --- Batch 69 (64 samples) ---
  [Scheduler] Reverse step 999/1000  x range: [-4.612, 4.704]
  [Scheduler] Reverse step 950/1000  x range: [-4.610, 4.443]
  [Scheduler] Reverse step 900/1000  x range: [-4.390, 4.558]
  [Scheduler] Reverse step 850/1000  x range: [-5.195, 4.647]
  [Scheduler] Reverse step 800/1000  x range: [-4.483, 4.699]
  [Scheduler] Reverse step 750/1000  x range: [-4.531, 4.228]
  [Scheduler] Reverse step 700/1000  x range: [-4.306, 4.561]
  [Scheduler] Reverse step 650/1000  x range: [-4.477, 4.489]
  [Scheduler] Reverse step 600/1000  x range: [-4.320, 4.303]
  [Scheduler] Reverse step 550/1000  x range: [-4.443, 4.684]
  [Scheduler] Reverse step 500/1000  x range: [-4.422, 4.487]
  [Scheduler] Reverse step 450/1000  x range: [-4.994, 4.605]
  [Scheduler] Reverse step 400/1000  x range: [-4.979, 5.009]
  [Scheduler] Reverse step 350/1000  x range: [-5.224, 4.619]
  [Scheduler] Reverse step 300/1000  x range: [-5.198, 4.852]
  [Scheduler] Reverse step 250/1000  x range: [-5.511, 4.951]
  [Scheduler] Reverse step 200/1000  x range: [-5.829, 5.350]
  [Scheduler] Reverse step 150/1000  x range: [-5.487, 5.428]
  [Scheduler] Reverse step 100/1000  x range: [-5.541, 5.549]
  [Scheduler] Reverse step  50/1000  x range: [-5.660, 5.388]
  [Scheduler] Reverse step   0/1000  x range: [-5.506, 5.312]
  Generated: 4416/5120

  --- Batch 70 (64 samples) ---
  [Scheduler] Reverse step 999/1000  x range: [-4.683, 4.372]
  [Scheduler] Reverse step 950/1000  x range: [-4.583, 4.360]
  [Scheduler] Reverse step 900/1000  x range: [-4.568, 4.770]
  [Scheduler] Reverse step 850/1000  x range: [-4.321, 4.237]
  [Scheduler] Reverse step 800/1000  x range: [-4.133, 5.143]
  [Scheduler] Reverse step 750/1000  x range: [-4.590, 4.145]
  [Scheduler] Reverse step 700/1000  x range: [-4.344, 4.701]
  [Scheduler] Reverse step 650/1000  x range: [-4.505, 4.562]
  [Scheduler] Reverse step 600/1000  x range: [-4.490, 4.437]
  [Scheduler] Reverse step 550/1000  x range: [-5.014, 4.515]
  [Scheduler] Reverse step 500/1000  x range: [-4.438, 4.322]
  [Scheduler] Reverse step 450/1000  x range: [-4.788, 5.843]
  [Scheduler] Reverse step 400/1000  x range: [-4.727, 5.582]
  [Scheduler] Reverse step 350/1000  x range: [-5.218, 4.946]
  [Scheduler] Reverse step 300/1000  x range: [-5.178, 5.102]
  [Scheduler] Reverse step 250/1000  x range: [-4.804, 5.722]
  [Scheduler] Reverse step 200/1000  x range: [-5.309, 5.294]
  [Scheduler] Reverse step 150/1000  x range: [-5.295, 5.246]
  [Scheduler] Reverse step 100/1000  x range: [-5.471, 5.492]
  [Scheduler] Reverse step  50/1000  x range: [-5.300, 5.569]
  [Scheduler] Reverse step   0/1000  x range: [-5.506, 5.569]
  Generated: 4480/5120

  --- Batch 71 (64 samples) ---
  [Scheduler] Reverse step 999/1000  x range: [-4.647, 4.863]
  [Scheduler] Reverse step 950/1000  x range: [-4.497, 4.971]
  [Scheduler] Reverse step 900/1000  x range: [-4.468, 4.501]
  [Scheduler] Reverse step 850/1000  x range: [-4.576, 4.507]
  [Scheduler] Reverse step 800/1000  x range: [-5.409, 4.224]
  [Scheduler] Reverse step 750/1000  x range: [-5.228, 4.700]
  [Scheduler] Reverse step 700/1000  x range: [-4.938, 4.634]
  [Scheduler] Reverse step 650/1000  x range: [-4.672, 4.584]
  [Scheduler] Reverse step 600/1000  x range: [-4.442, 4.556]
  [Scheduler] Reverse step 550/1000  x range: [-4.721, 4.269]
  [Scheduler] Reverse step 500/1000  x range: [-4.703, 4.395]
  [Scheduler] Reverse step 450/1000  x range: [-4.698, 4.321]
  [Scheduler] Reverse step 400/1000  x range: [-5.101, 4.407]
  [Scheduler] Reverse step 350/1000  x range: [-5.016, 4.656]
  [Scheduler] Reverse step 300/1000  x range: [-5.248, 4.797]
  [Scheduler] Reverse step 250/1000  x range: [-5.181, 5.206]
  [Scheduler] Reverse step 200/1000  x range: [-5.670, 5.200]
  [Scheduler] Reverse step 150/1000  x range: [-5.267, 5.172]
  [Scheduler] Reverse step 100/1000  x range: [-5.544, 5.227]
  [Scheduler] Reverse step  50/1000  x range: [-5.425, 5.492]
  [Scheduler] Reverse step   0/1000  x range: [-5.430, 5.961]
  Generated: 4544/5120

  --- Batch 72 (64 samples) ---
  [Scheduler] Reverse step 999/1000  x range: [-4.267, 4.595]
  [Scheduler] Reverse step 950/1000  x range: [-5.486, 5.064]
  [Scheduler] Reverse step 900/1000  x range: [-4.483, 4.538]
  [Scheduler] Reverse step 850/1000  x range: [-4.642, 4.259]
  [Scheduler] Reverse step 800/1000  x range: [-4.510, 4.368]
  [Scheduler] Reverse step 750/1000  x range: [-4.564, 4.473]
  [Scheduler] Reverse step 700/1000  x range: [-4.431, 4.276]
  [Scheduler] Reverse step 650/1000  x range: [-4.300, 4.844]
  [Scheduler] Reverse step 600/1000  x range: [-4.628, 4.465]
  [Scheduler] Reverse step 550/1000  x range: [-4.461, 4.934]
  [Scheduler] Reverse step 500/1000  x range: [-4.641, 4.585]
  [Scheduler] Reverse step 450/1000  x range: [-4.733, 4.661]
  [Scheduler] Reverse step 400/1000  x range: [-4.331, 4.340]
  [Scheduler] Reverse step 350/1000  x range: [-4.840, 4.995]
  [Scheduler] Reverse step 300/1000  x range: [-4.882, 5.098]
  [Scheduler] Reverse step 250/1000  x range: [-5.126, 5.211]
  [Scheduler] Reverse step 200/1000  x range: [-5.796, 5.590]
  [Scheduler] Reverse step 150/1000  x range: [-5.582, 5.428]
  [Scheduler] Reverse step 100/1000  x range: [-5.447, 5.610]
  [Scheduler] Reverse step  50/1000  x range: [-5.365, 5.489]
  [Scheduler] Reverse step   0/1000  x range: [-5.492, 5.461]
  Generated: 4608/5120

  --- Batch 73 (64 samples) ---
  [Scheduler] Reverse step 999/1000  x range: [-4.652, 4.431]
  [Scheduler] Reverse step 950/1000  x range: [-4.798, 4.345]
  [Scheduler] Reverse step 900/1000  x range: [-4.389, 4.436]
  [Scheduler] Reverse step 850/1000  x range: [-4.579, 4.362]
  [Scheduler] Reverse step 800/1000  x range: [-4.370, 4.585]
  [Scheduler] Reverse step 750/1000  x range: [-4.644, 4.594]
  [Scheduler] Reverse step 700/1000  x range: [-4.807, 5.334]
  [Scheduler] Reverse step 650/1000  x range: [-5.100, 4.821]
  [Scheduler] Reverse step 600/1000  x range: [-4.450, 4.644]
  [Scheduler] Reverse step 550/1000  x range: [-4.885, 4.495]
  [Scheduler] Reverse step 500/1000  x range: [-4.730, 4.775]
  [Scheduler] Reverse step 450/1000  x range: [-4.645, 4.570]
  [Scheduler] Reverse step 400/1000  x range: [-4.910, 4.684]
  [Scheduler] Reverse step 350/1000  x range: [-5.135, 4.771]
  [Scheduler] Reverse step 300/1000  x range: [-5.316, 4.921]
  [Scheduler] Reverse step 250/1000  x range: [-5.553, 4.825]
  [Scheduler] Reverse step 200/1000  x range: [-5.510, 5.139]
  [Scheduler] Reverse step 150/1000  x range: [-5.380, 5.342]
  [Scheduler] Reverse step 100/1000  x range: [-5.523, 5.426]
  [Scheduler] Reverse step  50/1000  x range: [-5.347, 5.490]
  [Scheduler] Reverse step   0/1000  x range: [-5.523, 5.450]
  Generated: 4672/5120

  --- Batch 74 (64 samples) ---
  [Scheduler] Reverse step 999/1000  x range: [-5.028, 4.179]
  [Scheduler] Reverse step 950/1000  x range: [-4.382, 4.579]
  [Scheduler] Reverse step 900/1000  x range: [-4.396, 4.707]
  [Scheduler] Reverse step 850/1000  x range: [-5.032, 4.910]
  [Scheduler] Reverse step 800/1000  x range: [-4.367, 4.399]
  [Scheduler] Reverse step 750/1000  x range: [-4.667, 4.475]
  [Scheduler] Reverse step 700/1000  x range: [-4.813, 4.987]
  [Scheduler] Reverse step 650/1000  x range: [-4.544, 4.514]
  [Scheduler] Reverse step 600/1000  x range: [-4.575, 4.551]
  [Scheduler] Reverse step 550/1000  x range: [-4.611, 4.568]
  [Scheduler] Reverse step 500/1000  x range: [-5.256, 4.902]
  [Scheduler] Reverse step 450/1000  x range: [-5.159, 4.384]
  [Scheduler] Reverse step 400/1000  x range: [-4.789, 4.464]
  [Scheduler] Reverse step 350/1000  x range: [-4.508, 5.008]
  [Scheduler] Reverse step 300/1000  x range: [-5.039, 5.132]
  [Scheduler] Reverse step 250/1000  x range: [-5.420, 5.382]
  [Scheduler] Reverse step 200/1000  x range: [-5.005, 5.390]
  [Scheduler] Reverse step 150/1000  x range: [-5.330, 5.367]
  [Scheduler] Reverse step 100/1000  x range: [-5.669, 5.508]
  [Scheduler] Reverse step  50/1000  x range: [-5.768, 5.491]
  [Scheduler] Reverse step   0/1000  x range: [-5.499, 5.486]
  Generated: 4736/5120

  --- Batch 75 (64 samples) ---
  [Scheduler] Reverse step 999/1000  x range: [-4.833, 4.475]
  [Scheduler] Reverse step 950/1000  x range: [-4.546, 4.223]
  [Scheduler] Reverse step 900/1000  x range: [-4.686, 4.552]
  [Scheduler] Reverse step 850/1000  x range: [-4.190, 4.494]
  [Scheduler] Reverse step 800/1000  x range: [-4.691, 4.344]
  [Scheduler] Reverse step 750/1000  x range: [-4.546, 4.479]
  [Scheduler] Reverse step 700/1000  x range: [-4.611, 4.202]
  [Scheduler] Reverse step 650/1000  x range: [-4.776, 4.431]
  [Scheduler] Reverse step 600/1000  x range: [-4.526, 5.188]
  [Scheduler] Reverse step 550/1000  x range: [-4.763, 4.403]
  [Scheduler] Reverse step 500/1000  x range: [-4.492, 5.348]
  [Scheduler] Reverse step 450/1000  x range: [-4.570, 4.765]
  [Scheduler] Reverse step 400/1000  x range: [-4.495, 5.063]
  [Scheduler] Reverse step 350/1000  x range: [-4.257, 5.145]
  [Scheduler] Reverse step 300/1000  x range: [-4.659, 4.901]
  [Scheduler] Reverse step 250/1000  x range: [-5.182, 4.877]
  [Scheduler] Reverse step 200/1000  x range: [-5.576, 5.532]
  [Scheduler] Reverse step 150/1000  x range: [-5.339, 5.387]
  [Scheduler] Reverse step 100/1000  x range: [-5.750, 5.279]
  [Scheduler] Reverse step  50/1000  x range: [-5.953, 5.277]
  [Scheduler] Reverse step   0/1000  x range: [-6.038, 5.378]
  Generated: 4800/5120

  --- Batch 76 (64 samples) ---
  [Scheduler] Reverse step 999/1000  x range: [-4.609, 4.545]
  [Scheduler] Reverse step 950/1000  x range: [-4.448, 4.509]
  [Scheduler] Reverse step 900/1000  x range: [-4.914, 4.729]
  [Scheduler] Reverse step 850/1000  x range: [-4.575, 4.251]
  [Scheduler] Reverse step 800/1000  x range: [-4.645, 4.489]
  [Scheduler] Reverse step 750/1000  x range: [-4.493, 4.730]
  [Scheduler] Reverse step 700/1000  x range: [-4.556, 4.923]
  [Scheduler] Reverse step 650/1000  x range: [-4.936, 4.362]
  [Scheduler] Reverse step 600/1000  x range: [-4.575, 4.916]
  [Scheduler] Reverse step 550/1000  x range: [-4.433, 4.267]
  [Scheduler] Reverse step 500/1000  x range: [-4.490, 4.621]
  [Scheduler] Reverse step 450/1000  x range: [-4.923, 4.920]
  [Scheduler] Reverse step 400/1000  x range: [-5.619, 5.431]
  [Scheduler] Reverse step 350/1000  x range: [-5.123, 4.729]
  [Scheduler] Reverse step 300/1000  x range: [-4.733, 4.765]
  [Scheduler] Reverse step 250/1000  x range: [-5.072, 5.107]
  [Scheduler] Reverse step 200/1000  x range: [-4.903, 5.204]
  [Scheduler] Reverse step 150/1000  x range: [-5.037, 5.228]
  [Scheduler] Reverse step 100/1000  x range: [-5.119, 5.387]
  [Scheduler] Reverse step  50/1000  x range: [-5.393, 5.360]
  [Scheduler] Reverse step   0/1000  x range: [-5.321, 5.385]
  Generated: 4864/5120

  --- Batch 77 (64 samples) ---
  [Scheduler] Reverse step 999/1000  x range: [-4.726, 4.734]
  [Scheduler] Reverse step 950/1000  x range: [-4.852, 4.296]
  [Scheduler] Reverse step 900/1000  x range: [-4.490, 4.547]
  [Scheduler] Reverse step 850/1000  x range: [-5.235, 5.146]
  [Scheduler] Reverse step 800/1000  x range: [-4.969, 4.549]
  [Scheduler] Reverse step 750/1000  x range: [-4.930, 4.535]
  [Scheduler] Reverse step 700/1000  x range: [-4.136, 4.440]
  [Scheduler] Reverse step 650/1000  x range: [-4.420, 4.567]
  [Scheduler] Reverse step 600/1000  x range: [-4.865, 4.791]
  [Scheduler] Reverse step 550/1000  x range: [-4.319, 4.352]
  [Scheduler] Reverse step 500/1000  x range: [-4.543, 4.464]
  [Scheduler] Reverse step 450/1000  x range: [-4.421, 4.514]
  [Scheduler] Reverse step 400/1000  x range: [-5.059, 4.863]
  [Scheduler] Reverse step 350/1000  x range: [-5.537, 5.203]
  [Scheduler] Reverse step 300/1000  x range: [-5.294, 5.408]
  [Scheduler] Reverse step 250/1000  x range: [-5.981, 5.242]
  [Scheduler] Reverse step 200/1000  x range: [-5.612, 5.443]
  [Scheduler] Reverse step 150/1000  x range: [-5.427, 5.261]
  [Scheduler] Reverse step 100/1000  x range: [-5.639, 5.279]
  [Scheduler] Reverse step  50/1000  x range: [-5.510, 5.632]
  [Scheduler] Reverse step   0/1000  x range: [-5.423, 5.562]
  Generated: 4928/5120

  --- Batch 78 (64 samples) ---
  [Scheduler] Reverse step 999/1000  x range: [-4.465, 4.706]
  [Scheduler] Reverse step 950/1000  x range: [-4.260, 5.276]
  [Scheduler] Reverse step 900/1000  x range: [-4.502, 4.443]
  [Scheduler] Reverse step 850/1000  x range: [-5.187, 4.366]
  [Scheduler] Reverse step 800/1000  x range: [-4.281, 4.731]
  [Scheduler] Reverse step 750/1000  x range: [-4.408, 4.712]
  [Scheduler] Reverse step 700/1000  x range: [-4.267, 4.499]
  [Scheduler] Reverse step 650/1000  x range: [-4.876, 4.211]
  [Scheduler] Reverse step 600/1000  x range: [-4.833, 4.695]
  [Scheduler] Reverse step 550/1000  x range: [-4.250, 4.292]
  [Scheduler] Reverse step 500/1000  x range: [-4.770, 4.772]
  [Scheduler] Reverse step 450/1000  x range: [-4.513, 4.834]
  [Scheduler] Reverse step 400/1000  x range: [-4.864, 4.612]
  [Scheduler] Reverse step 350/1000  x range: [-4.836, 5.062]
  [Scheduler] Reverse step 300/1000  x range: [-5.093, 4.764]
  [Scheduler] Reverse step 250/1000  x range: [-5.166, 4.956]
  [Scheduler] Reverse step 200/1000  x range: [-5.439, 5.237]
  [Scheduler] Reverse step 150/1000  x range: [-5.455, 5.042]
  [Scheduler] Reverse step 100/1000  x range: [-5.360, 5.496]
  [Scheduler] Reverse step  50/1000  x range: [-5.333, 5.530]
  [Scheduler] Reverse step   0/1000  x range: [-5.435, 5.449]
  Generated: 4992/5120

  --- Batch 79 (64 samples) ---
  [Scheduler] Reverse step 999/1000  x range: [-4.874, 4.582]
  [Scheduler] Reverse step 950/1000  x range: [-4.480, 4.852]
  [Scheduler] Reverse step 900/1000  x range: [-4.431, 4.234]
  [Scheduler] Reverse step 850/1000  x range: [-4.628, 4.672]
  [Scheduler] Reverse step 800/1000  x range: [-4.733, 4.346]
  [Scheduler] Reverse step 750/1000  x range: [-4.806, 4.334]
  [Scheduler] Reverse step 700/1000  x range: [-4.595, 4.422]
  [Scheduler] Reverse step 650/1000  x range: [-4.818, 4.405]
  [Scheduler] Reverse step 600/1000  x range: [-4.814, 5.093]
  [Scheduler] Reverse step 550/1000  x range: [-4.424, 4.698]
  [Scheduler] Reverse step 500/1000  x range: [-4.600, 5.021]
  [Scheduler] Reverse step 450/1000  x range: [-4.783, 4.629]
  [Scheduler] Reverse step 400/1000  x range: [-4.624, 5.356]
  [Scheduler] Reverse step 350/1000  x range: [-4.785, 5.535]
  [Scheduler] Reverse step 300/1000  x range: [-4.827, 5.034]
  [Scheduler] Reverse step 250/1000  x range: [-5.636, 4.985]
  [Scheduler] Reverse step 200/1000  x range: [-5.116, 5.218]
  [Scheduler] Reverse step 150/1000  x range: [-5.007, 5.519]
  [Scheduler] Reverse step 100/1000  x range: [-5.315, 5.646]
  [Scheduler] Reverse step  50/1000  x range: [-5.361, 5.616]
  [Scheduler] Reverse step   0/1000  x range: [-5.343, 5.703]
  Generated: 5056/5120

  --- Batch 80 (64 samples) ---
  [Scheduler] Reverse step 999/1000  x range: [-4.668, 4.720]
  [Scheduler] Reverse step 950/1000  x range: [-4.793, 4.859]
  [Scheduler] Reverse step 900/1000  x range: [-4.532, 4.549]
  [Scheduler] Reverse step 850/1000  x range: [-4.925, 4.943]
  [Scheduler] Reverse step 800/1000  x range: [-4.634, 4.457]
  [Scheduler] Reverse step 750/1000  x range: [-4.227, 4.411]
  [Scheduler] Reverse step 700/1000  x range: [-4.588, 4.357]
  [Scheduler] Reverse step 650/1000  x range: [-4.858, 4.698]
  [Scheduler] Reverse step 600/1000  x range: [-4.561, 4.256]
  [Scheduler] Reverse step 550/1000  x range: [-5.417, 4.475]
  [Scheduler] Reverse step 500/1000  x range: [-4.699, 4.518]
  [Scheduler] Reverse step 450/1000  x range: [-5.191, 4.584]
  [Scheduler] Reverse step 400/1000  x range: [-4.988, 4.880]
  [Scheduler] Reverse step 350/1000  x range: [-4.652, 4.731]
  [Scheduler] Reverse step 300/1000  x range: [-4.845, 4.833]
  [Scheduler] Reverse step 250/1000  x range: [-5.149, 5.328]
  [Scheduler] Reverse step 200/1000  x range: [-5.258, 5.757]
  [Scheduler] Reverse step 150/1000  x range: [-5.082, 5.954]
  [Scheduler] Reverse step 100/1000  x range: [-5.392, 5.886]
  [Scheduler] Reverse step  50/1000  x range: [-5.715, 5.566]
  [Scheduler] Reverse step   0/1000  x range: [-5.828, 5.751]
  Generated: 5120/5120

[Step 4] Saving to CSV...

============================================================
  Generation Complete!
============================================================
  Output:         output/deep_v7.csv
  Shape:          (5120, 4096)
  Total time:     1188.0s
  Time per sample: 232.03ms

  ── SP500 日收益率统计 ──
    Mean:  0.000273
    Std:   0.005980
    Min:   -0.064823
    Max:   0.064471

  ── DGS10 日差分统计 ──
    Mean:  0.001661
    Std:   0.030299
    Min:   -0.375715
    Max:   0.384684
