nohup: ignoring input
[Config] CUDA detected: NVIDIA RTX A6000 x2
[Utils] Random seed set to 42
============================================================
  1D-DDPM Training Pipeline
============================================================
  Backbone:   dit-b
  Device:     cuda
  Epochs:     12000
  Batch size: 64
  LR:         0.0002
  Warmup:     200 epochs
  T:          1000
  CLIP_RANGE: 8.0
  min-SNR:    True (γ=5.0)
  aux-loss:   True (acf=0.05, rough=0.05, lag=5)
============================================================

[Phase 1] Loading data...
[Dataset] Loaded 14734 rows from /home/u00134/data/train_sp500_us10y.csv
[Scaler] Fitted on 14734 samples
  sp500: mean=0.000315, std=0.010551
  DGS10: mean=0.000026, std=0.066899
[Dataset] 2538 windows (seq_len=2048, stride=5, total_rows=14734)
  Samples:      2538
  Batches/epoch: 39

[Phase 2] Building model...
  DIT-B parameters: 57,932,320
[Utils] Run directory: /home/u00134/src/logs/deep_v10_dit_b
[Utils] Config snapshot saved to /home/u00134/src/logs/deep_v10_dit_b/config.json
[Scaler] Parameters saved to /home/u00134/src/logs/deep_v10_dit_b/scaler.pt

[Phase 3] Training starts (epoch 0 → 11999)...
------------------------------------------------------------
  Epoch    0/12000  |  Loss: 0.629696  (mse 0.61304 acf 0.00157 rgh 0.01509)  |  LR: 1.00e-06  |  Time: 17.31s
  Epoch   10/12000  |  Loss: 0.214088  (mse 0.20771 acf 0.00078 rgh 0.00559)  |  LR: 1.10e-05  |  Time: 8.58s
  Epoch   20/12000  |  Loss: 0.199557  (mse 0.19417 acf 0.00084 rgh 0.00455)  |  LR: 2.10e-05  |  Time: 7.32s
  Epoch   30/12000  |  Loss: 0.187198  (mse 0.18216 acf 0.00078 rgh 0.00426)  |  LR: 3.10e-05  |  Time: 7.31s
  Epoch   40/12000  |  Loss: 0.187456  (mse 0.18242 acf 0.00104 rgh 0.00400)  |  LR: 4.10e-05  |  Time: 7.32s
  Epoch   50/12000  |  Loss: 0.181819  (mse 0.17697 acf 0.00104 rgh 0.00381)  |  LR: 5.10e-05  |  Time: 7.33s
  Epoch   60/12000  |  Loss: 0.174427  (mse 0.16987 acf 0.00097 rgh 0.00358)  |  LR: 6.10e-05  |  Time: 7.32s
  Epoch   70/12000  |  Loss: 0.172058  (mse 0.16814 acf 0.00093 rgh 0.00300)  |  LR: 7.10e-05  |  Time: 7.32s
  Epoch   80/12000  |  Loss: 0.169871  (mse 0.16633 acf 0.00094 rgh 0.00260)  |  LR: 8.10e-05  |  Time: 7.34s
  Epoch   90/12000  |  Loss: 0.172184  (mse 0.16875 acf 0.00099 rgh 0.00245)  |  LR: 9.10e-05  |  Time: 7.33s
  Epoch  100/12000  |  Loss: 0.168009  (mse 0.16454 acf 0.00100 rgh 0.00247)  |  LR: 1.01e-04  |  Time: 7.32s
  Epoch  110/12000  |  Loss: 0.166748  (mse 0.16368 acf 0.00096 rgh 0.00212)  |  LR: 1.11e-04  |  Time: 7.35s
  Epoch  120/12000  |  Loss: 0.160657  (mse 0.15751 acf 0.00091 rgh 0.00224)  |  LR: 1.21e-04  |  Time: 7.34s
  Epoch  130/12000  |  Loss: 0.160857  (mse 0.15789 acf 0.00086 rgh 0.00210)  |  LR: 1.31e-04  |  Time: 7.34s
  Epoch  140/12000  |  Loss: 0.148399  (mse 0.14541 acf 0.00084 rgh 0.00215)  |  LR: 1.41e-04  |  Time: 7.32s
  Epoch  150/12000  |  Loss: 0.137334  (mse 0.13451 acf 0.00084 rgh 0.00198)  |  LR: 1.51e-04  |  Time: 7.32s
  Epoch  160/12000  |  Loss: 0.133496  (mse 0.13067 acf 0.00084 rgh 0.00199)  |  LR: 1.61e-04  |  Time: 7.33s
  Epoch  170/12000  |  Loss: 0.136479  (mse 0.13369 acf 0.00082 rgh 0.00197)  |  LR: 1.71e-04  |  Time: 7.33s
  Epoch  180/12000  |  Loss: 0.132193  (mse 0.12947 acf 0.00083 rgh 0.00189)  |  LR: 1.81e-04  |  Time: 7.32s
  Epoch  190/12000  |  Loss: 0.127226  (mse 0.12464 acf 0.00081 rgh 0.00178)  |  LR: 1.91e-04  |  Time: 7.32s
  Epoch  200/12000  |  Loss: 0.118637  (mse 0.11592 acf 0.00078 rgh 0.00194)  |  LR: 2.00e-04  |  Time: 7.32s
  Epoch  210/12000  |  Loss: 0.110665  (mse 0.10816 acf 0.00075 rgh 0.00175)  |  LR: 2.00e-04  |  Time: 7.33s
  Epoch  220/12000  |  Loss: 0.104306  (mse 0.10188 acf 0.00074 rgh 0.00169)  |  LR: 2.00e-04  |  Time: 7.35s
  Epoch  230/12000  |  Loss: 0.102630  (mse 0.10022 acf 0.00072 rgh 0.00169)  |  LR: 2.00e-04  |  Time: 7.33s
  Epoch  240/12000  |  Loss: 0.100300  (mse 0.09798 acf 0.00072 rgh 0.00161)  |  LR: 2.00e-04  |  Time: 7.34s
  Epoch  250/12000  |  Loss: 0.095494  (mse 0.09324 acf 0.00069 rgh 0.00156)  |  LR: 2.00e-04  |  Time: 7.34s
  Epoch  260/12000  |  Loss: 0.089690  (mse 0.08751 acf 0.00067 rgh 0.00151)  |  LR: 2.00e-04  |  Time: 7.32s
  Epoch  270/12000  |  Loss: 0.084397  (mse 0.08224 acf 0.00064 rgh 0.00151)  |  LR: 2.00e-04  |  Time: 7.32s
  Epoch  280/12000  |  Loss: 0.079834  (mse 0.07776 acf 0.00064 rgh 0.00143)  |  LR: 2.00e-04  |  Time: 7.33s
  Epoch  290/12000  |  Loss: 0.075777  (mse 0.07374 acf 0.00061 rgh 0.00143)  |  LR: 2.00e-04  |  Time: 7.33s
  Epoch  300/12000  |  Loss: 0.072002  (mse 0.07006 acf 0.00058 rgh 0.00136)  |  LR: 2.00e-04  |  Time: 7.34s
  Epoch  310/12000  |  Loss: 0.070507  (mse 0.06850 acf 0.00059 rgh 0.00141)  |  LR: 2.00e-04  |  Time: 7.34s
  Epoch  320/12000  |  Loss: 0.069223  (mse 0.06736 acf 0.00056 rgh 0.00131)  |  LR: 2.00e-04  |  Time: 7.33s
  Epoch  330/12000  |  Loss: 0.064953  (mse 0.06286 acf 0.00054 rgh 0.00156)  |  LR: 2.00e-04  |  Time: 7.32s
  Epoch  340/12000  |  Loss: 0.060577  (mse 0.05880 acf 0.00052 rgh 0.00126)  |  LR: 2.00e-04  |  Time: 7.33s
  Epoch  350/12000  |  Loss: 0.058341  (mse 0.05661 acf 0.00051 rgh 0.00122)  |  LR: 2.00e-04  |  Time: 7.34s
  Epoch  360/12000  |  Loss: 0.055359  (mse 0.05366 acf 0.00047 rgh 0.00123)  |  LR: 2.00e-04  |  Time: 7.34s
  Epoch  370/12000  |  Loss: 0.051647  (mse 0.05001 acf 0.00046 rgh 0.00118)  |  LR: 2.00e-04  |  Time: 7.33s
  Epoch  380/12000  |  Loss: 0.050031  (mse 0.04839 acf 0.00043 rgh 0.00121)  |  LR: 2.00e-04  |  Time: 7.34s
  Epoch  390/12000  |  Loss: 0.046028  (mse 0.04443 acf 0.00040 rgh 0.00120)  |  LR: 2.00e-04  |  Time: 7.33s
  Epoch  400/12000  |  Loss: 0.043591  (mse 0.04210 acf 0.00035 rgh 0.00114)  |  LR: 2.00e-04  |  Time: 7.31s
  Epoch  410/12000  |  Loss: 0.039743  (mse 0.03824 acf 0.00033 rgh 0.00117)  |  LR: 2.00e-04  |  Time: 7.33s
  Epoch  420/12000  |  Loss: 0.034706  (mse 0.03342 acf 0.00029 rgh 0.00099)  |  LR: 2.00e-04  |  Time: 7.34s
  Epoch  430/12000  |  Loss: 0.032204  (mse 0.03090 acf 0.00028 rgh 0.00103)  |  LR: 2.00e-04  |  Time: 7.33s
  Epoch  440/12000  |  Loss: 0.030618  (mse 0.02919 acf 0.00026 rgh 0.00116)  |  LR: 2.00e-04  |  Time: 7.34s
  Epoch  450/12000  |  Loss: 0.027791  (mse 0.02646 acf 0.00024 rgh 0.00109)  |  LR: 2.00e-04  |  Time: 7.35s
  Epoch  460/12000  |  Loss: 0.025850  (mse 0.02468 acf 0.00023 rgh 0.00094)  |  LR: 2.00e-04  |  Time: 7.32s
  Epoch  470/12000  |  Loss: 0.024220  (mse 0.02307 acf 0.00022 rgh 0.00093)  |  LR: 2.00e-04  |  Time: 7.32s
  Epoch  480/12000  |  Loss: 0.022524  (mse 0.02136 acf 0.00021 rgh 0.00096)  |  LR: 2.00e-04  |  Time: 7.32s
  Epoch  490/12000  |  Loss: 0.021184  (mse 0.02000 acf 0.00020 rgh 0.00099)  |  LR: 2.00e-04  |  Time: 7.33s
  Epoch  500/12000  |  Loss: 0.019373  (mse 0.01832 acf 0.00019 rgh 0.00087)  |  LR: 2.00e-04  |  Time: 7.34s
  Epoch  510/12000  |  Loss: 0.018528  (mse 0.01741 acf 0.00018 rgh 0.00094)  |  LR: 2.00e-04  |  Time: 7.33s
  Epoch  520/12000  |  Loss: 0.018646  (mse 0.01753 acf 0.00018 rgh 0.00094)  |  LR: 2.00e-04  |  Time: 7.33s
  Epoch  530/12000  |  Loss: 0.017048  (mse 0.01592 acf 0.00017 rgh 0.00096)  |  LR: 2.00e-04  |  Time: 7.15s
  Epoch  540/12000  |  Loss: 0.017233  (mse 0.01614 acf 0.00017 rgh 0.00092)  |  LR: 2.00e-04  |  Time: 7.34s
  Epoch  550/12000  |  Loss: 0.015970  (mse 0.01489 acf 0.00016 rgh 0.00092)  |  LR: 2.00e-04  |  Time: 7.32s
  Epoch  560/12000  |  Loss: 0.015246  (mse 0.01420 acf 0.00017 rgh 0.00088)  |  LR: 2.00e-04  |  Time: 7.33s
  Epoch  570/12000  |  Loss: 0.014516  (mse 0.01341 acf 0.00016 rgh 0.00094)  |  LR: 2.00e-04  |  Time: 7.33s
  Epoch  580/12000  |  Loss: 0.014901  (mse 0.01386 acf 0.00016 rgh 0.00088)  |  LR: 1.99e-04  |  Time: 7.28s
  Epoch  590/12000  |  Loss: 0.013669  (mse 0.01269 acf 0.00015 rgh 0.00083)  |  LR: 1.99e-04  |  Time: 7.32s
  Epoch  600/12000  |  Loss: 0.013510  (mse 0.01249 acf 0.00015 rgh 0.00087)  |  LR: 1.99e-04  |  Time: 7.29s
  Epoch  610/12000  |  Loss: 0.013115  (mse 0.01212 acf 0.00015 rgh 0.00085)  |  LR: 1.99e-04  |  Time: 7.29s
  Epoch  620/12000  |  Loss: 0.014143  (mse 0.01290 acf 0.00016 rgh 0.00108)  |  LR: 1.99e-04  |  Time: 7.29s
  Epoch  630/12000  |  Loss: 0.012235  (mse 0.01126 acf 0.00015 rgh 0.00083)  |  LR: 1.99e-04  |  Time: 7.31s
  Epoch  640/12000  |  Loss: 0.011646  (mse 0.01077 acf 0.00014 rgh 0.00073)  |  LR: 1.99e-04  |  Time: 7.33s
  Epoch  650/12000  |  Loss: 0.011931  (mse 0.01100 acf 0.00014 rgh 0.00079)  |  LR: 1.99e-04  |  Time: 7.29s
  Epoch  660/12000  |  Loss: 0.011196  (mse 0.01028 acf 0.00013 rgh 0.00079)  |  LR: 1.99e-04  |  Time: 7.33s
  Epoch  670/12000  |  Loss: 0.011718  (mse 0.01077 acf 0.00014 rgh 0.00081)  |  LR: 1.99e-04  |  Time: 7.33s
  Epoch  680/12000  |  Loss: 0.011594  (mse 0.01062 acf 0.00014 rgh 0.00084)  |  LR: 1.99e-04  |  Time: 7.32s
  Epoch  690/12000  |  Loss: 0.010755  (mse 0.00972 acf 0.00014 rgh 0.00089)  |  LR: 1.99e-04  |  Time: 7.32s
  Epoch  700/12000  |  Loss: 0.010920  (mse 0.01000 acf 0.00013 rgh 0.00079)  |  LR: 1.99e-04  |  Time: 7.32s
  Epoch  710/12000  |  Loss: 0.010044  (mse 0.00912 acf 0.00013 rgh 0.00080)  |  LR: 1.99e-04  |  Time: 7.31s
  Epoch  720/12000  |  Loss: 0.009912  (mse 0.00906 acf 0.00013 rgh 0.00072)  |  LR: 1.99e-04  |  Time: 7.29s
  Epoch  730/12000  |  Loss: 0.010348  (mse 0.00943 acf 0.00013 rgh 0.00079)  |  LR: 1.99e-04  |  Time: 7.28s
  Epoch  740/12000  |  Loss: 0.009655  (mse 0.00869 acf 0.00013 rgh 0.00083)  |  LR: 1.99e-04  |  Time: 7.32s
  Epoch  750/12000  |  Loss: 0.009760  (mse 0.00888 acf 0.00012 rgh 0.00076)  |  LR: 1.99e-04  |  Time: 7.32s
  Epoch  760/12000  |  Loss: 0.009996  (mse 0.00913 acf 0.00013 rgh 0.00074)  |  LR: 1.99e-04  |  Time: 7.33s
  Epoch  770/12000  |  Loss: 0.009644  (mse 0.00875 acf 0.00013 rgh 0.00076)  |  LR: 1.99e-04  |  Time: 7.28s
  Epoch  780/12000  |  Loss: 0.009801  (mse 0.00892 acf 0.00012 rgh 0.00076)  |  LR: 1.99e-04  |  Time: 7.28s
  Epoch  790/12000  |  Loss: 0.009290  (mse 0.00843 acf 0.00012 rgh 0.00074)  |  LR: 1.99e-04  |  Time: 7.29s
  Epoch  800/12000  |  Loss: 0.009190  (mse 0.00833 acf 0.00012 rgh 0.00075)  |  LR: 1.99e-04  |  Time: 7.32s
  Epoch  810/12000  |  Loss: 0.010738  (mse 0.00981 acf 0.00013 rgh 0.00080)  |  LR: 1.99e-04  |  Time: 7.29s
  Epoch  820/12000  |  Loss: 0.008487  (mse 0.00766 acf 0.00012 rgh 0.00071)  |  LR: 1.99e-04  |  Time: 7.32s
  Epoch  830/12000  |  Loss: 0.008390  (mse 0.00769 acf 0.00011 rgh 0.00059)  |  LR: 1.99e-04  |  Time: 7.28s
  Epoch  840/12000  |  Loss: 0.008566  (mse 0.00771 acf 0.00012 rgh 0.00074)  |  LR: 1.99e-04  |  Time: 7.28s
  Epoch  850/12000  |  Loss: 0.008628  (mse 0.00775 acf 0.00011 rgh 0.00076)  |  LR: 1.99e-04  |  Time: 7.34s
  Epoch  860/12000  |  Loss: 0.008719  (mse 0.00781 acf 0.00012 rgh 0.00079)  |  LR: 1.98e-04  |  Time: 7.33s
  Epoch  870/12000  |  Loss: 0.008522  (mse 0.00761 acf 0.00012 rgh 0.00079)  |  LR: 1.98e-04  |  Time: 7.32s
  Epoch  880/12000  |  Loss: 0.008219  (mse 0.00749 acf 0.00011 rgh 0.00061)  |  LR: 1.98e-04  |  Time: 7.31s
  Epoch  890/12000  |  Loss: 0.009154  (mse 0.00834 acf 0.00011 rgh 0.00070)  |  LR: 1.98e-04  |  Time: 7.32s
  Epoch  900/12000  |  Loss: 0.007545  (mse 0.00677 acf 0.00010 rgh 0.00067)  |  LR: 1.98e-04  |  Time: 7.32s
  Epoch  910/12000  |  Loss: 0.007787  (mse 0.00702 acf 0.00010 rgh 0.00067)  |  LR: 1.98e-04  |  Time: 7.32s
  Epoch  920/12000  |  Loss: 0.007910  (mse 0.00709 acf 0.00011 rgh 0.00071)  |  LR: 1.98e-04  |  Time: 7.32s
  Epoch  930/12000  |  Loss: 0.007843  (mse 0.00705 acf 0.00011 rgh 0.00068)  |  LR: 1.98e-04  |  Time: 7.32s
  Epoch  940/12000  |  Loss: 0.008407  (mse 0.00760 acf 0.00012 rgh 0.00068)  |  LR: 1.98e-04  |  Time: 7.32s
  Epoch  950/12000  |  Loss: 0.008284  (mse 0.00738 acf 0.00011 rgh 0.00079)  |  LR: 1.98e-04  |  Time: 7.32s
  Epoch  960/12000  |  Loss: 0.007126  (mse 0.00644 acf 0.00010 rgh 0.00058)  |  LR: 1.98e-04  |  Time: 7.33s
  Epoch  970/12000  |  Loss: 0.007424  (mse 0.00669 acf 0.00010 rgh 0.00063)  |  LR: 1.98e-04  |  Time: 7.32s
  Epoch  980/12000  |  Loss: 0.007352  (mse 0.00655 acf 0.00011 rgh 0.00069)  |  LR: 1.98e-04  |  Time: 7.32s
  Epoch  990/12000  |  Loss: 0.009012  (mse 0.00805 acf 0.00013 rgh 0.00083)  |  LR: 1.98e-04  |  Time: 7.32s
  Epoch 1000/12000  |  Loss: 0.006520  (mse 0.00584 acf 0.00010 rgh 0.00059)  |  LR: 1.98e-04  |  Time: 7.32s
  Epoch 1010/12000  |  Loss: 0.007205  (mse 0.00635 acf 0.00011 rgh 0.00075)  |  LR: 1.98e-04  |  Time: 7.32s
  Epoch 1020/12000  |  Loss: 0.007818  (mse 0.00708 acf 0.00011 rgh 0.00063)  |  LR: 1.98e-04  |  Time: 7.32s
  Epoch 1030/12000  |  Loss: 0.006826  (mse 0.00609 acf 0.00009 rgh 0.00064)  |  LR: 1.98e-04  |  Time: 7.33s
  Epoch 1040/12000  |  Loss: 0.006817  (mse 0.00607 acf 0.00010 rgh 0.00064)  |  LR: 1.98e-04  |  Time: 7.32s
  Epoch 1050/12000  |  Loss: 0.007083  (mse 0.00636 acf 0.00010 rgh 0.00062)  |  LR: 1.97e-04  |  Time: 7.33s
  Epoch 1060/12000  |  Loss: 0.007124  (mse 0.00635 acf 0.00010 rgh 0.00067)  |  LR: 1.97e-04  |  Time: 7.33s
  Epoch 1070/12000  |  Loss: 0.007488  (mse 0.00655 acf 0.00011 rgh 0.00082)  |  LR: 1.97e-04  |  Time: 7.32s
  Epoch 1080/12000  |  Loss: 0.006935  (mse 0.00606 acf 0.00010 rgh 0.00078)  |  LR: 1.97e-04  |  Time: 7.32s
  Epoch 1090/12000  |  Loss: 0.006555  (mse 0.00588 acf 0.00010 rgh 0.00058)  |  LR: 1.97e-04  |  Time: 7.32s
  Epoch 1100/12000  |  Loss: 0.006672  (mse 0.00598 acf 0.00010 rgh 0.00060)  |  LR: 1.97e-04  |  Time: 7.33s
  Epoch 1110/12000  |  Loss: 0.007133  (mse 0.00643 acf 0.00010 rgh 0.00060)  |  LR: 1.97e-04  |  Time: 7.32s
  Epoch 1120/12000  |  Loss: 0.008742  (mse 0.00802 acf 0.00012 rgh 0.00061)  |  LR: 1.97e-04  |  Time: 7.32s
  Epoch 1130/12000  |  Loss: 0.006739  (mse 0.00590 acf 0.00010 rgh 0.00073)  |  LR: 1.97e-04  |  Time: 7.32s
  Epoch 1140/12000  |  Loss: 0.006154  (mse 0.00544 acf 0.00009 rgh 0.00062)  |  LR: 1.97e-04  |  Time: 7.33s
  Epoch 1150/12000  |  Loss: 0.006212  (mse 0.00552 acf 0.00009 rgh 0.00060)  |  LR: 1.97e-04  |  Time: 7.32s
  Epoch 1160/12000  |  Loss: 0.006002  (mse 0.00539 acf 0.00010 rgh 0.00051)  |  LR: 1.97e-04  |  Time: 7.32s
  Epoch 1170/12000  |  Loss: 0.006424  (mse 0.00570 acf 0.00010 rgh 0.00063)  |  LR: 1.97e-04  |  Time: 7.31s
  Epoch 1180/12000  |  Loss: 0.006395  (mse 0.00573 acf 0.00009 rgh 0.00057)  |  LR: 1.97e-04  |  Time: 7.32s
  Epoch 1190/12000  |  Loss: 0.006568  (mse 0.00579 acf 0.00010 rgh 0.00067)  |  LR: 1.97e-04  |  Time: 7.33s
  Epoch 1200/12000  |  Loss: 0.006352  (mse 0.00564 acf 0.00009 rgh 0.00062)  |  LR: 1.96e-04  |  Time: 7.33s
  Epoch 1210/12000  |  Loss: 0.007124  (mse 0.00645 acf 0.00010 rgh 0.00058)  |  LR: 1.96e-04  |  Time: 7.31s
  Epoch 1220/12000  |  Loss: 0.006642  (mse 0.00591 acf 0.00010 rgh 0.00064)  |  LR: 1.96e-04  |  Time: 7.32s
  Epoch 1230/12000  |  Loss: 0.005626  (mse 0.00493 acf 0.00010 rgh 0.00060)  |  LR: 1.96e-04  |  Time: 7.30s
  Epoch 1240/12000  |  Loss: 0.006566  (mse 0.00594 acf 0.00010 rgh 0.00053)  |  LR: 1.96e-04  |  Time: 7.28s
  Epoch 1250/12000  |  Loss: 0.005595  (mse 0.00495 acf 0.00010 rgh 0.00055)  |  LR: 1.96e-04  |  Time: 7.30s
  Epoch 1260/12000  |  Loss: 0.008792  (mse 0.00800 acf 0.00013 rgh 0.00066)  |  LR: 1.96e-04  |  Time: 7.30s
  Epoch 1270/12000  |  Loss: 0.005946  (mse 0.00532 acf 0.00009 rgh 0.00053)  |  LR: 1.96e-04  |  Time: 7.29s
  Epoch 1280/12000  |  Loss: 0.005940  (mse 0.00531 acf 0.00009 rgh 0.00054)  |  LR: 1.96e-04  |  Time: 7.28s
  Epoch 1290/12000  |  Loss: 0.007300  (mse 0.00641 acf 0.00012 rgh 0.00078)  |  LR: 1.96e-04  |  Time: 7.28s
  Epoch 1300/12000  |  Loss: 0.005568  (mse 0.00492 acf 0.00009 rgh 0.00056)  |  LR: 1.96e-04  |  Time: 7.32s
  Epoch 1310/12000  |  Loss: 0.005268  (mse 0.00461 acf 0.00009 rgh 0.00057)  |  LR: 1.96e-04  |  Time: 7.33s
  Epoch 1320/12000  |  Loss: 0.006184  (mse 0.00549 acf 0.00009 rgh 0.00060)  |  LR: 1.96e-04  |  Time: 7.33s
  Epoch 1330/12000  |  Loss: 0.005530  (mse 0.00481 acf 0.00009 rgh 0.00063)  |  LR: 1.96e-04  |  Time: 7.31s
  Epoch 1340/12000  |  Loss: 0.005560  (mse 0.00493 acf 0.00009 rgh 0.00054)  |  LR: 1.95e-04  |  Time: 7.33s
  Epoch 1350/12000  |  Loss: 0.005707  (mse 0.00497 acf 0.00010 rgh 0.00064)  |  LR: 1.95e-04  |  Time: 7.32s
  Epoch 1360/12000  |  Loss: 0.006559  (mse 0.00585 acf 0.00010 rgh 0.00061)  |  LR: 1.95e-04  |  Time: 7.32s
  Epoch 1370/12000  |  Loss: 0.005862  (mse 0.00519 acf 0.00009 rgh 0.00058)  |  LR: 1.95e-04  |  Time: 7.34s
  Epoch 1380/12000  |  Loss: 0.005118  (mse 0.00448 acf 0.00009 rgh 0.00055)  |  LR: 1.95e-04  |  Time: 7.33s
  Epoch 1390/12000  |  Loss: 0.005822  (mse 0.00505 acf 0.00009 rgh 0.00068)  |  LR: 1.95e-04  |  Time: 7.32s
  Epoch 1400/12000  |  Loss: 0.005851  (mse 0.00527 acf 0.00010 rgh 0.00049)  |  LR: 1.95e-04  |  Time: 7.32s
  Epoch 1410/12000  |  Loss: 0.005261  (mse 0.00466 acf 0.00008 rgh 0.00052)  |  LR: 1.95e-04  |  Time: 7.33s
  Epoch 1420/12000  |  Loss: 0.005640  (mse 0.00503 acf 0.00009 rgh 0.00052)  |  LR: 1.95e-04  |  Time: 7.32s
  Epoch 1430/12000  |  Loss: 0.005469  (mse 0.00475 acf 0.00009 rgh 0.00063)  |  LR: 1.95e-04  |  Time: 7.33s
  Epoch 1440/12000  |  Loss: 0.005199  (mse 0.00460 acf 0.00008 rgh 0.00051)  |  LR: 1.95e-04  |  Time: 7.32s
  Epoch 1450/12000  |  Loss: 0.005303  (mse 0.00468 acf 0.00009 rgh 0.00054)  |  LR: 1.95e-04  |  Time: 7.32s
  Epoch 1460/12000  |  Loss: 0.005488  (mse 0.00488 acf 0.00009 rgh 0.00052)  |  LR: 1.94e-04  |  Time: 7.32s
  Epoch 1470/12000  |  Loss: 0.005124  (mse 0.00457 acf 0.00008 rgh 0.00047)  |  LR: 1.94e-04  |  Time: 7.32s
  Epoch 1480/12000  |  Loss: 0.005404  (mse 0.00470 acf 0.00009 rgh 0.00062)  |  LR: 1.94e-04  |  Time: 7.31s
  Epoch 1490/12000  |  Loss: 0.004908  (mse 0.00426 acf 0.00008 rgh 0.00057)  |  LR: 1.94e-04  |  Time: 7.32s
  Epoch 1500/12000  |  Loss: 0.005366  (mse 0.00468 acf 0.00009 rgh 0.00061)  |  LR: 1.94e-04  |  Time: 7.31s
  Epoch 1510/12000  |  Loss: 0.005167  (mse 0.00459 acf 0.00009 rgh 0.00049)  |  LR: 1.94e-04  |  Time: 7.32s
  Epoch 1520/12000  |  Loss: 0.005417  (mse 0.00473 acf 0.00008 rgh 0.00060)  |  LR: 1.94e-04  |  Time: 7.31s
  Epoch 1530/12000  |  Loss: 0.004800  (mse 0.00415 acf 0.00008 rgh 0.00057)  |  LR: 1.94e-04  |  Time: 7.32s
  Epoch 1540/12000  |  Loss: 0.005492  (mse 0.00481 acf 0.00009 rgh 0.00059)  |  LR: 1.94e-04  |  Time: 7.32s
  Epoch 1550/12000  |  Loss: 0.005779  (mse 0.00517 acf 0.00009 rgh 0.00053)  |  LR: 1.94e-04  |  Time: 7.32s
  Epoch 1560/12000  |  Loss: 0.005167  (mse 0.00445 acf 0.00009 rgh 0.00063)  |  LR: 1.94e-04  |  Time: 7.32s
  Epoch 1570/12000  |  Loss: 0.004776  (mse 0.00415 acf 0.00008 rgh 0.00054)  |  LR: 1.93e-04  |  Time: 7.31s
  Epoch 1580/12000  |  Loss: 0.004929  (mse 0.00439 acf 0.00008 rgh 0.00046)  |  LR: 1.93e-04  |  Time: 7.34s
  Epoch 1590/12000  |  Loss: 0.005559  (mse 0.00500 acf 0.00009 rgh 0.00047)  |  LR: 1.93e-04  |  Time: 7.33s
  Epoch 1600/12000  |  Loss: 0.004918  (mse 0.00422 acf 0.00009 rgh 0.00061)  |  LR: 1.93e-04  |  Time: 7.33s
  Epoch 1610/12000  |  Loss: 0.004947  (mse 0.00432 acf 0.00008 rgh 0.00055)  |  LR: 1.93e-04  |  Time: 7.32s
  Epoch 1620/12000  |  Loss: 0.005188  (mse 0.00461 acf 0.00008 rgh 0.00050)  |  LR: 1.93e-04  |  Time: 7.33s
  Epoch 1630/12000  |  Loss: 0.004565  (mse 0.00401 acf 0.00008 rgh 0.00047)  |  LR: 1.93e-04  |  Time: 7.32s
  Epoch 1640/12000  |  Loss: 0.008925  (mse 0.00809 acf 0.00012 rgh 0.00071)  |  LR: 1.93e-04  |  Time: 7.30s
  Epoch 1650/12000  |  Loss: 0.004978  (mse 0.00432 acf 0.00008 rgh 0.00058)  |  LR: 1.93e-04  |  Time: 7.29s
  Epoch 1660/12000  |  Loss: 0.004475  (mse 0.00392 acf 0.00008 rgh 0.00047)  |  LR: 1.93e-04  |  Time: 7.30s
  Epoch 1670/12000  |  Loss: 0.005197  (mse 0.00466 acf 0.00009 rgh 0.00045)  |  LR: 1.92e-04  |  Time: 7.30s
  Epoch 1680/12000  |  Loss: 0.004956  (mse 0.00437 acf 0.00008 rgh 0.00051)  |  LR: 1.92e-04  |  Time: 7.29s
  Epoch 1690/12000  |  Loss: 0.004483  (mse 0.00393 acf 0.00008 rgh 0.00047)  |  LR: 1.92e-04  |  Time: 7.34s
  Epoch 1700/12000  |  Loss: 0.006496  (mse 0.00588 acf 0.00010 rgh 0.00052)  |  LR: 1.92e-04  |  Time: 7.28s
  Epoch 1710/12000  |  Loss: 0.004503  (mse 0.00395 acf 0.00008 rgh 0.00047)  |  LR: 1.92e-04  |  Time: 7.29s
  Epoch 1720/12000  |  Loss: 0.004327  (mse 0.00377 acf 0.00008 rgh 0.00048)  |  LR: 1.92e-04  |  Time: 7.29s
  Epoch 1730/12000  |  Loss: 0.004231  (mse 0.00371 acf 0.00008 rgh 0.00044)  |  LR: 1.92e-04  |  Time: 7.30s
  Epoch 1740/12000  |  Loss: 0.005555  (mse 0.00496 acf 0.00008 rgh 0.00051)  |  LR: 1.92e-04  |  Time: 7.29s
  Epoch 1750/12000  |  Loss: 0.004286  (mse 0.00378 acf 0.00007 rgh 0.00044)  |  LR: 1.92e-04  |  Time: 7.32s
  Epoch 1760/12000  |  Loss: 0.004571  (mse 0.00404 acf 0.00008 rgh 0.00045)  |  LR: 1.92e-04  |  Time: 7.28s
  Epoch 1770/12000  |  Loss: 0.004284  (mse 0.00375 acf 0.00008 rgh 0.00045)  |  LR: 1.91e-04  |  Time: 7.34s
  Epoch 1780/12000  |  Loss: 0.004651  (mse 0.00394 acf 0.00008 rgh 0.00063)  |  LR: 1.91e-04  |  Time: 7.33s
  Epoch 1790/12000  |  Loss: 0.004396  (mse 0.00380 acf 0.00008 rgh 0.00052)  |  LR: 1.91e-04  |  Time: 7.32s
  Epoch 1800/12000  |  Loss: 0.004362  (mse 0.00382 acf 0.00008 rgh 0.00047)  |  LR: 1.91e-04  |  Time: 7.29s
  Epoch 1810/12000  |  Loss: 0.004308  (mse 0.00376 acf 0.00008 rgh 0.00048)  |  LR: 1.91e-04  |  Time: 7.30s
  Epoch 1820/12000  |  Loss: 0.004886  (mse 0.00429 acf 0.00008 rgh 0.00051)  |  LR: 1.91e-04  |  Time: 7.35s
  Epoch 1830/12000  |  Loss: 0.004434  (mse 0.00383 acf 0.00008 rgh 0.00053)  |  LR: 1.91e-04  |  Time: 7.32s
  Epoch 1840/12000  |  Loss: 0.004465  (mse 0.00389 acf 0.00008 rgh 0.00050)  |  LR: 1.91e-04  |  Time: 7.31s
  Epoch 1850/12000  |  Loss: 0.004255  (mse 0.00365 acf 0.00008 rgh 0.00052)  |  LR: 1.91e-04  |  Time: 7.29s
  Epoch 1860/12000  |  Loss: 0.004121  (mse 0.00360 acf 0.00007 rgh 0.00045)  |  LR: 1.90e-04  |  Time: 7.29s
  Epoch 1870/12000  |  Loss: 0.004003  (mse 0.00347 acf 0.00008 rgh 0.00045)  |  LR: 1.90e-04  |  Time: 7.29s
  Epoch 1880/12000  |  Loss: 0.004155  (mse 0.00367 acf 0.00007 rgh 0.00041)  |  LR: 1.90e-04  |  Time: 7.28s
  Epoch 1890/12000  |  Loss: 0.004103  (mse 0.00353 acf 0.00007 rgh 0.00050)  |  LR: 1.90e-04  |  Time: 7.30s
  Epoch 1900/12000  |  Loss: 0.004289  (mse 0.00372 acf 0.00008 rgh 0.00049)  |  LR: 1.90e-04  |  Time: 7.29s
  Epoch 1910/12000  |  Loss: 0.004747  (mse 0.00420 acf 0.00008 rgh 0.00047)  |  LR: 1.90e-04  |  Time: 7.28s
  Epoch 1920/12000  |  Loss: 0.004185  (mse 0.00367 acf 0.00008 rgh 0.00043)  |  LR: 1.90e-04  |  Time: 7.29s
  Epoch 1930/12000  |  Loss: 0.004316  (mse 0.00371 acf 0.00008 rgh 0.00053)  |  LR: 1.90e-04  |  Time: 7.30s
  Epoch 1940/12000  |  Loss: 0.004106  (mse 0.00359 acf 0.00008 rgh 0.00043)  |  LR: 1.90e-04  |  Time: 7.28s
  Epoch 1950/12000  |  Loss: 0.004231  (mse 0.00373 acf 0.00008 rgh 0.00042)  |  LR: 1.89e-04  |  Time: 7.28s
  Epoch 1960/12000  |  Loss: 0.003808  (mse 0.00327 acf 0.00007 rgh 0.00047)  |  LR: 1.89e-04  |  Time: 7.28s
  Epoch 1970/12000  |  Loss: 0.004459  (mse 0.00386 acf 0.00008 rgh 0.00052)  |  LR: 1.89e-04  |  Time: 7.16s
  Epoch 1980/12000  |  Loss: 0.004018  (mse 0.00347 acf 0.00008 rgh 0.00047)  |  LR: 1.89e-04  |  Time: 7.29s
  Epoch 1990/12000  |  Loss: 0.004052  (mse 0.00353 acf 0.00008 rgh 0.00045)  |  LR: 1.89e-04  |  Time: 7.28s
  Epoch 2000/12000  |  Loss: 0.004080  (mse 0.00348 acf 0.00007 rgh 0.00053)  |  LR: 1.89e-04  |  Time: 7.17s
  Epoch 2010/12000  |  Loss: 0.004747  (mse 0.00423 acf 0.00008 rgh 0.00043)  |  LR: 1.89e-04  |  Time: 7.29s
  Epoch 2020/12000  |  Loss: 0.003836  (mse 0.00330 acf 0.00007 rgh 0.00046)  |  LR: 1.89e-04  |  Time: 7.30s
  Epoch 2030/12000  |  Loss: 0.004888  (mse 0.00422 acf 0.00008 rgh 0.00058)  |  LR: 1.88e-04  |  Time: 7.17s
  Epoch 2040/12000  |  Loss: 0.003815  (mse 0.00331 acf 0.00007 rgh 0.00043)  |  LR: 1.88e-04  |  Time: 7.31s
  Epoch 2050/12000  |  Loss: 0.003778  (mse 0.00328 acf 0.00007 rgh 0.00043)  |  LR: 1.88e-04  |  Time: 7.29s
  Epoch 2060/12000  |  Loss: 0.004031  (mse 0.00346 acf 0.00007 rgh 0.00050)  |  LR: 1.88e-04  |  Time: 7.30s
  Epoch 2070/12000  |  Loss: 0.004029  (mse 0.00349 acf 0.00008 rgh 0.00046)  |  LR: 1.88e-04  |  Time: 7.16s
  Epoch 2080/12000  |  Loss: 0.003689  (mse 0.00320 acf 0.00007 rgh 0.00042)  |  LR: 1.88e-04  |  Time: 7.29s
  Epoch 2090/12000  |  Loss: 0.004192  (mse 0.00369 acf 0.00008 rgh 0.00043)  |  LR: 1.88e-04  |  Time: 7.29s
  Epoch 2100/12000  |  Loss: 0.003929  (mse 0.00341 acf 0.00007 rgh 0.00044)  |  LR: 1.88e-04  |  Time: 7.29s
  Epoch 2110/12000  |  Loss: 0.004033  (mse 0.00353 acf 0.00008 rgh 0.00042)  |  LR: 1.87e-04  |  Time: 7.30s
  Epoch 2120/12000  |  Loss: 0.003759  (mse 0.00328 acf 0.00007 rgh 0.00041)  |  LR: 1.87e-04  |  Time: 7.28s
  Epoch 2130/12000  |  Loss: 0.003767  (mse 0.00324 acf 0.00007 rgh 0.00045)  |  LR: 1.87e-04  |  Time: 7.30s
  Epoch 2140/12000  |  Loss: 0.003863  (mse 0.00329 acf 0.00007 rgh 0.00050)  |  LR: 1.87e-04  |  Time: 7.16s
  Epoch 2150/12000  |  Loss: 0.004021  (mse 0.00345 acf 0.00007 rgh 0.00050)  |  LR: 1.87e-04  |  Time: 7.29s
  Epoch 2160/12000  |  Loss: 0.006452  (mse 0.00577 acf 0.00009 rgh 0.00059)  |  LR: 1.87e-04  |  Time: 7.16s
  Epoch 2170/12000  |  Loss: 0.003352  (mse 0.00285 acf 0.00006 rgh 0.00044)  |  LR: 1.87e-04  |  Time: 7.29s
  Epoch 2180/12000  |  Loss: 0.003730  (mse 0.00321 acf 0.00007 rgh 0.00045)  |  LR: 1.86e-04  |  Time: 7.17s
  Epoch 2190/12000  |  Loss: 0.003612  (mse 0.00309 acf 0.00007 rgh 0.00045)  |  LR: 1.86e-04  |  Time: 7.29s
  Epoch 2200/12000  |  Loss: 0.003758  (mse 0.00326 acf 0.00007 rgh 0.00042)  |  LR: 1.86e-04  |  Time: 7.29s
  Epoch 2210/12000  |  Loss: 0.003478  (mse 0.00307 acf 0.00007 rgh 0.00034)  |  LR: 1.86e-04  |  Time: 7.30s
  Epoch 2220/12000  |  Loss: 0.003853  (mse 0.00328 acf 0.00007 rgh 0.00050)  |  LR: 1.86e-04  |  Time: 7.29s
  Epoch 2230/12000  |  Loss: 0.003434  (mse 0.00295 acf 0.00007 rgh 0.00041)  |  LR: 1.86e-04  |  Time: 7.30s
  Epoch 2240/12000  |  Loss: 0.004065  (mse 0.00355 acf 0.00007 rgh 0.00044)  |  LR: 1.86e-04  |  Time: 7.16s
  Epoch 2250/12000  |  Loss: 0.003392  (mse 0.00291 acf 0.00007 rgh 0.00042)  |  LR: 1.86e-04  |  Time: 7.28s
  Epoch 2260/12000  |  Loss: 0.003258  (mse 0.00283 acf 0.00007 rgh 0.00036)  |  LR: 1.85e-04  |  Time: 7.29s
  Epoch 2270/12000  |  Loss: 0.003249  (mse 0.00281 acf 0.00007 rgh 0.00038)  |  LR: 1.85e-04  |  Time: 7.30s
  Epoch 2280/12000  |  Loss: 0.003504  (mse 0.00299 acf 0.00007 rgh 0.00045)  |  LR: 1.85e-04  |  Time: 7.30s
  Epoch 2290/12000  |  Loss: 0.003257  (mse 0.00279 acf 0.00007 rgh 0.00039)  |  LR: 1.85e-04  |  Time: 7.29s
  Epoch 2300/12000  |  Loss: 0.003336  (mse 0.00285 acf 0.00007 rgh 0.00041)  |  LR: 1.85e-04  |  Time: 7.29s
  Epoch 2310/12000  |  Loss: 0.003822  (mse 0.00330 acf 0.00007 rgh 0.00044)  |  LR: 1.85e-04  |  Time: 7.29s
  Epoch 2320/12000  |  Loss: 0.003407  (mse 0.00293 acf 0.00007 rgh 0.00041)  |  LR: 1.85e-04  |  Time: 7.30s
  Epoch 2330/12000  |  Loss: 0.003701  (mse 0.00318 acf 0.00007 rgh 0.00045)  |  LR: 1.84e-04  |  Time: 7.29s
  Epoch 2340/12000  |  Loss: 0.004066  (mse 0.00341 acf 0.00007 rgh 0.00058)  |  LR: 1.84e-04  |  Time: 7.28s
  Epoch 2350/12000  |  Loss: 0.003433  (mse 0.00293 acf 0.00007 rgh 0.00044)  |  LR: 1.84e-04  |  Time: 7.29s
  Epoch 2360/12000  |  Loss: 0.003496  (mse 0.00298 acf 0.00007 rgh 0.00044)  |  LR: 1.84e-04  |  Time: 7.29s
  Epoch 2370/12000  |  Loss: 0.003555  (mse 0.00303 acf 0.00007 rgh 0.00045)  |  LR: 1.84e-04  |  Time: 7.29s
  Epoch 2380/12000  |  Loss: 0.003265  (mse 0.00284 acf 0.00006 rgh 0.00036)  |  LR: 1.84e-04  |  Time: 7.29s
  Epoch 2390/12000  |  Loss: 0.003504  (mse 0.00305 acf 0.00007 rgh 0.00039)  |  LR: 1.84e-04  |  Time: 7.29s
  Epoch 2400/12000  |  Loss: 0.003432  (mse 0.00296 acf 0.00007 rgh 0.00040)  |  LR: 1.83e-04  |  Time: 7.29s
  Epoch 2410/12000  |  Loss: 0.003647  (mse 0.00302 acf 0.00008 rgh 0.00056)  |  LR: 1.83e-04  |  Time: 7.29s
  Epoch 2420/12000  |  Loss: 0.003439  (mse 0.00295 acf 0.00007 rgh 0.00042)  |  LR: 1.83e-04  |  Time: 7.28s
  Epoch 2430/12000  |  Loss: 0.004047  (mse 0.00352 acf 0.00007 rgh 0.00045)  |  LR: 1.83e-04  |  Time: 7.29s
  Epoch 2440/12000  |  Loss: 0.003351  (mse 0.00289 acf 0.00007 rgh 0.00039)  |  LR: 1.83e-04  |  Time: 7.29s
  Epoch 2450/12000  |  Loss: 0.003518  (mse 0.00300 acf 0.00007 rgh 0.00045)  |  LR: 1.83e-04  |  Time: 7.28s
  Epoch 2460/12000  |  Loss: 0.003341  (mse 0.00281 acf 0.00007 rgh 0.00046)  |  LR: 1.83e-04  |  Time: 7.28s
  Epoch 2470/12000  |  Loss: 0.003937  (mse 0.00343 acf 0.00008 rgh 0.00043)  |  LR: 1.82e-04  |  Time: 7.30s
  Epoch 2480/12000  |  Loss: 0.003851  (mse 0.00319 acf 0.00008 rgh 0.00058)  |  LR: 1.82e-04  |  Time: 7.29s
  Epoch 2490/12000  |  Loss: 0.003099  (mse 0.00265 acf 0.00006 rgh 0.00038)  |  LR: 1.82e-04  |  Time: 7.29s
  Epoch 2500/12000  |  Loss: 0.003246  (mse 0.00280 acf 0.00007 rgh 0.00037)  |  LR: 1.82e-04  |  Time: 7.29s
  Epoch 2510/12000  |  Loss: 0.003693  (mse 0.00319 acf 0.00007 rgh 0.00042)  |  LR: 1.82e-04  |  Time: 7.29s
  Epoch 2520/12000  |  Loss: 0.003405  (mse 0.00281 acf 0.00007 rgh 0.00053)  |  LR: 1.82e-04  |  Time: 7.29s
  Epoch 2530/12000  |  Loss: 0.003603  (mse 0.00312 acf 0.00007 rgh 0.00041)  |  LR: 1.81e-04  |  Time: 7.29s
  Epoch 2540/12000  |  Loss: 0.003424  (mse 0.00285 acf 0.00007 rgh 0.00051)  |  LR: 1.81e-04  |  Time: 7.29s
  Epoch 2550/12000  |  Loss: 0.003192  (mse 0.00278 acf 0.00006 rgh 0.00035)  |  LR: 1.81e-04  |  Time: 7.29s
  Epoch 2560/12000  |  Loss: 0.003104  (mse 0.00266 acf 0.00006 rgh 0.00038)  |  LR: 1.81e-04  |  Time: 7.29s
  Epoch 2570/12000  |  Loss: 0.003111  (mse 0.00266 acf 0.00007 rgh 0.00039)  |  LR: 1.81e-04  |  Time: 7.29s
  Epoch 2580/12000  |  Loss: 0.002982  (mse 0.00257 acf 0.00006 rgh 0.00035)  |  LR: 1.81e-04  |  Time: 7.30s
  Epoch 2590/12000  |  Loss: 0.003186  (mse 0.00276 acf 0.00006 rgh 0.00037)  |  LR: 1.81e-04  |  Time: 7.29s
  Epoch 2600/12000  |  Loss: 0.003496  (mse 0.00299 acf 0.00007 rgh 0.00043)  |  LR: 1.80e-04  |  Time: 7.29s
  Epoch 2610/12000  |  Loss: 0.003332  (mse 0.00282 acf 0.00007 rgh 0.00044)  |  LR: 1.80e-04  |  Time: 7.29s
  Epoch 2620/12000  |  Loss: 0.003515  (mse 0.00301 acf 0.00007 rgh 0.00043)  |  LR: 1.80e-04  |  Time: 7.29s
  Epoch 2630/12000  |  Loss: 0.003215  (mse 0.00267 acf 0.00007 rgh 0.00048)  |  LR: 1.80e-04  |  Time: 7.29s
  Epoch 2640/12000  |  Loss: 0.003106  (mse 0.00270 acf 0.00007 rgh 0.00034)  |  LR: 1.80e-04  |  Time: 7.29s
  Epoch 2650/12000  |  Loss: 0.003362  (mse 0.00286 acf 0.00007 rgh 0.00043)  |  LR: 1.80e-04  |  Time: 7.30s
  Epoch 2660/12000  |  Loss: 0.003021  (mse 0.00256 acf 0.00006 rgh 0.00040)  |  LR: 1.79e-04  |  Time: 7.29s
  Epoch 2670/12000  |  Loss: 0.003071  (mse 0.00265 acf 0.00007 rgh 0.00036)  |  LR: 1.79e-04  |  Time: 7.31s
  Epoch 2680/12000  |  Loss: 0.004226  (mse 0.00370 acf 0.00008 rgh 0.00044)  |  LR: 1.79e-04  |  Time: 7.29s
  Epoch 2690/12000  |  Loss: 0.003133  (mse 0.00270 acf 0.00007 rgh 0.00036)  |  LR: 1.79e-04  |  Time: 7.29s
  Epoch 2700/12000  |  Loss: 0.002829  (mse 0.00238 acf 0.00006 rgh 0.00039)  |  LR: 1.79e-04  |  Time: 7.29s
  Epoch 2710/12000  |  Loss: 0.003345  (mse 0.00292 acf 0.00006 rgh 0.00036)  |  LR: 1.79e-04  |  Time: 7.30s
  Epoch 2720/12000  |  Loss: 0.003172  (mse 0.00272 acf 0.00007 rgh 0.00039)  |  LR: 1.78e-04  |  Time: 7.28s
  Epoch 2730/12000  |  Loss: 0.003121  (mse 0.00273 acf 0.00006 rgh 0.00033)  |  LR: 1.78e-04  |  Time: 7.29s
  Epoch 2740/12000  |  Loss: 0.003239  (mse 0.00276 acf 0.00007 rgh 0.00042)  |  LR: 1.78e-04  |  Time: 7.28s
  Epoch 2750/12000  |  Loss: 0.003049  (mse 0.00251 acf 0.00007 rgh 0.00048)  |  LR: 1.78e-04  |  Time: 7.29s
  Epoch 2760/12000  |  Loss: 0.003333  (mse 0.00287 acf 0.00007 rgh 0.00040)  |  LR: 1.78e-04  |  Time: 7.29s
  Epoch 2770/12000  |  Loss: 0.002904  (mse 0.00251 acf 0.00006 rgh 0.00033)  |  LR: 1.78e-04  |  Time: 7.29s
  Epoch 2780/12000  |  Loss: 0.002937  (mse 0.00247 acf 0.00006 rgh 0.00041)  |  LR: 1.77e-04  |  Time: 7.29s
  Epoch 2790/12000  |  Loss: 0.003025  (mse 0.00260 acf 0.00006 rgh 0.00036)  |  LR: 1.77e-04  |  Time: 7.28s
  Epoch 2800/12000  |  Loss: 0.003187  (mse 0.00279 acf 0.00007 rgh 0.00033)  |  LR: 1.77e-04  |  Time: 7.31s
  Epoch 2810/12000  |  Loss: 0.002910  (mse 0.00244 acf 0.00006 rgh 0.00041)  |  LR: 1.77e-04  |  Time: 7.29s
  Epoch 2820/12000  |  Loss: 0.002996  (mse 0.00254 acf 0.00006 rgh 0.00039)  |  LR: 1.77e-04  |  Time: 7.31s
  Epoch 2830/12000  |  Loss: 0.003117  (mse 0.00262 acf 0.00007 rgh 0.00043)  |  LR: 1.77e-04  |  Time: 7.29s
  Epoch 2840/12000  |  Loss: 0.004884  (mse 0.00433 acf 0.00009 rgh 0.00046)  |  LR: 1.76e-04  |  Time: 7.29s
  Epoch 2850/12000  |  Loss: 0.003082  (mse 0.00265 acf 0.00006 rgh 0.00037)  |  LR: 1.76e-04  |  Time: 7.29s
  Epoch 2860/12000  |  Loss: 0.002845  (mse 0.00243 acf 0.00006 rgh 0.00036)  |  LR: 1.76e-04  |  Time: 7.31s
  Epoch 2870/12000  |  Loss: 0.003253  (mse 0.00286 acf 0.00006 rgh 0.00033)  |  LR: 1.76e-04  |  Time: 7.29s
  Epoch 2880/12000  |  Loss: 0.002836  (mse 0.00240 acf 0.00006 rgh 0.00037)  |  LR: 1.76e-04  |  Time: 7.29s
  Epoch 2890/12000  |  Loss: 0.002810  (mse 0.00241 acf 0.00006 rgh 0.00034)  |  LR: 1.76e-04  |  Time: 7.28s
  Epoch 2900/12000  |  Loss: 0.002861  (mse 0.00246 acf 0.00006 rgh 0.00034)  |  LR: 1.75e-04  |  Time: 7.28s
  Epoch 2910/12000  |  Loss: 0.002919  (mse 0.00245 acf 0.00007 rgh 0.00040)  |  LR: 1.75e-04  |  Time: 7.30s
  Epoch 2920/12000  |  Loss: 0.002894  (mse 0.00246 acf 0.00007 rgh 0.00037)  |  LR: 1.75e-04  |  Time: 7.29s
  Epoch 2930/12000  |  Loss: 0.002978  (mse 0.00256 acf 0.00006 rgh 0.00035)  |  LR: 1.75e-04  |  Time: 7.30s
  Epoch 2940/12000  |  Loss: 0.002836  (mse 0.00243 acf 0.00006 rgh 0.00035)  |  LR: 1.75e-04  |  Time: 7.28s
  Epoch 2950/12000  |  Loss: 0.003811  (mse 0.00329 acf 0.00007 rgh 0.00045)  |  LR: 1.74e-04  |  Time: 7.32s
  Epoch 2960/12000  |  Loss: 0.003151  (mse 0.00270 acf 0.00006 rgh 0.00039)  |  LR: 1.74e-04  |  Time: 7.28s
  Epoch 2970/12000  |  Loss: 0.002668  (mse 0.00223 acf 0.00007 rgh 0.00037)  |  LR: 1.74e-04  |  Time: 7.29s
  Epoch 2980/12000  |  Loss: 0.002903  (mse 0.00243 acf 0.00006 rgh 0.00040)  |  LR: 1.74e-04  |  Time: 7.29s
  Epoch 2990/12000  |  Loss: 0.003255  (mse 0.00279 acf 0.00006 rgh 0.00040)  |  LR: 1.74e-04  |  Time: 7.29s
  Epoch 3000/12000  |  Loss: 0.002914  (mse 0.00246 acf 0.00006 rgh 0.00039)  |  LR: 1.74e-04  |  Time: 7.29s
  Epoch 3010/12000  |  Loss: 0.003307  (mse 0.00283 acf 0.00007 rgh 0.00041)  |  LR: 1.73e-04  |  Time: 7.30s
  Epoch 3020/12000  |  Loss: 0.002699  (mse 0.00230 acf 0.00006 rgh 0.00034)  |  LR: 1.73e-04  |  Time: 7.29s
  Epoch 3030/12000  |  Loss: 0.002856  (mse 0.00248 acf 0.00006 rgh 0.00032)  |  LR: 1.73e-04  |  Time: 7.29s
  Epoch 3040/12000  |  Loss: 0.002452  (mse 0.00201 acf 0.00006 rgh 0.00038)  |  LR: 1.73e-04  |  Time: 7.29s
  Epoch 3050/12000  |  Loss: 0.002924  (mse 0.00249 acf 0.00006 rgh 0.00038)  |  LR: 1.73e-04  |  Time: 7.31s
  Epoch 3060/12000  |  Loss: 0.002699  (mse 0.00228 acf 0.00006 rgh 0.00036)  |  LR: 1.73e-04  |  Time: 7.30s
  Epoch 3070/12000  |  Loss: 0.002870  (mse 0.00250 acf 0.00006 rgh 0.00032)  |  LR: 1.72e-04  |  Time: 7.30s
  Epoch 3080/12000  |  Loss: 0.002731  (mse 0.00228 acf 0.00006 rgh 0.00039)  |  LR: 1.72e-04  |  Time: 7.29s
  Epoch 3090/12000  |  Loss: 0.002692  (mse 0.00230 acf 0.00006 rgh 0.00033)  |  LR: 1.72e-04  |  Time: 7.30s
  Epoch 3100/12000  |  Loss: 0.002699  (mse 0.00228 acf 0.00007 rgh 0.00035)  |  LR: 1.72e-04  |  Time: 7.31s
  Epoch 3110/12000  |  Loss: 0.002664  (mse 0.00225 acf 0.00006 rgh 0.00035)  |  LR: 1.72e-04  |  Time: 7.31s
  Epoch 3120/12000  |  Loss: 0.003167  (mse 0.00274 acf 0.00007 rgh 0.00036)  |  LR: 1.71e-04  |  Time: 7.29s
  Epoch 3130/12000  |  Loss: 0.002551  (mse 0.00213 acf 0.00007 rgh 0.00036)  |  LR: 1.71e-04  |  Time: 7.29s
  Epoch 3140/12000  |  Loss: 0.002672  (mse 0.00226 acf 0.00007 rgh 0.00035)  |  LR: 1.71e-04  |  Time: 7.29s
  Epoch 3150/12000  |  Loss: 0.002963  (mse 0.00247 acf 0.00006 rgh 0.00043)  |  LR: 1.71e-04  |  Time: 7.28s
  Epoch 3160/12000  |  Loss: 0.002655  (mse 0.00228 acf 0.00006 rgh 0.00032)  |  LR: 1.71e-04  |  Time: 7.28s
  Epoch 3170/12000  |  Loss: 0.002834  (mse 0.00233 acf 0.00007 rgh 0.00043)  |  LR: 1.70e-04  |  Time: 7.29s
  Epoch 3180/12000  |  Loss: 0.002441  (mse 0.00203 acf 0.00006 rgh 0.00035)  |  LR: 1.70e-04  |  Time: 7.29s
  Epoch 3190/12000  |  Loss: 0.003061  (mse 0.00265 acf 0.00006 rgh 0.00035)  |  LR: 1.70e-04  |  Time: 7.29s
  Epoch 3200/12000  |  Loss: 0.002514  (mse 0.00205 acf 0.00006 rgh 0.00041)  |  LR: 1.70e-04  |  Time: 7.29s
  Epoch 3210/12000  |  Loss: 0.002531  (mse 0.00213 acf 0.00005 rgh 0.00035)  |  LR: 1.70e-04  |  Time: 7.29s
  Epoch 3220/12000  |  Loss: 0.002810  (mse 0.00237 acf 0.00006 rgh 0.00037)  |  LR: 1.70e-04  |  Time: 7.29s
  Epoch 3230/12000  |  Loss: 0.002552  (mse 0.00218 acf 0.00006 rgh 0.00032)  |  LR: 1.69e-04  |  Time: 7.30s
  Epoch 3240/12000  |  Loss: 0.003059  (mse 0.00251 acf 0.00006 rgh 0.00049)  |  LR: 1.69e-04  |  Time: 7.30s
  Epoch 3250/12000  |  Loss: 0.002739  (mse 0.00230 acf 0.00006 rgh 0.00038)  |  LR: 1.69e-04  |  Time: 7.29s
  Epoch 3260/12000  |  Loss: 0.002698  (mse 0.00230 acf 0.00006 rgh 0.00033)  |  LR: 1.69e-04  |  Time: 7.28s
  Epoch 3270/12000  |  Loss: 0.002629  (mse 0.00221 acf 0.00006 rgh 0.00036)  |  LR: 1.69e-04  |  Time: 7.29s
  Epoch 3280/12000  |  Loss: 0.002532  (mse 0.00210 acf 0.00006 rgh 0.00037)  |  LR: 1.68e-04  |  Time: 7.29s
  Epoch 3290/12000  |  Loss: 0.002750  (mse 0.00217 acf 0.00007 rgh 0.00050)  |  LR: 1.68e-04  |  Time: 7.30s
  Epoch 3300/12000  |  Loss: 0.002896  (mse 0.00252 acf 0.00006 rgh 0.00031)  |  LR: 1.68e-04  |  Time: 7.29s
  Epoch 3310/12000  |  Loss: 0.002518  (mse 0.00208 acf 0.00006 rgh 0.00038)  |  LR: 1.68e-04  |  Time: 7.29s
  Epoch 3320/12000  |  Loss: 0.003022  (mse 0.00258 acf 0.00007 rgh 0.00037)  |  LR: 1.68e-04  |  Time: 7.29s
  Epoch 3330/12000  |  Loss: 0.002556  (mse 0.00219 acf 0.00006 rgh 0.00031)  |  LR: 1.67e-04  |  Time: 7.29s
  Epoch 3340/12000  |  Loss: 0.002397  (mse 0.00202 acf 0.00006 rgh 0.00032)  |  LR: 1.67e-04  |  Time: 7.29s
  Epoch 3350/12000  |  Loss: 0.002498  (mse 0.00213 acf 0.00006 rgh 0.00031)  |  LR: 1.67e-04  |  Time: 7.29s
  Epoch 3360/12000  |  Loss: 0.002646  (mse 0.00223 acf 0.00006 rgh 0.00036)  |  LR: 1.67e-04  |  Time: 7.29s
  Epoch 3370/12000  |  Loss: 0.002513  (mse 0.00210 acf 0.00006 rgh 0.00035)  |  LR: 1.67e-04  |  Time: 7.29s
  Epoch 3380/12000  |  Loss: 0.002537  (mse 0.00212 acf 0.00006 rgh 0.00035)  |  LR: 1.66e-04  |  Time: 7.29s
  Epoch 3390/12000  |  Loss: 0.003875  (mse 0.00345 acf 0.00008 rgh 0.00034)  |  LR: 1.66e-04  |  Time: 7.29s
  Epoch 3400/12000  |  Loss: 0.002228  (mse 0.00186 acf 0.00005 rgh 0.00031)  |  LR: 1.66e-04  |  Time: 7.29s
  Epoch 3410/12000  |  Loss: 0.002490  (mse 0.00197 acf 0.00006 rgh 0.00046)  |  LR: 1.66e-04  |  Time: 7.29s
  Epoch 3420/12000  |  Loss: 0.002554  (mse 0.00218 acf 0.00006 rgh 0.00031)  |  LR: 1.66e-04  |  Time: 7.29s
  Epoch 3430/12000  |  Loss: 0.002230  (mse 0.00184 acf 0.00006 rgh 0.00033)  |  LR: 1.65e-04  |  Time: 7.29s
  Epoch 3440/12000  |  Loss: 0.002509  (mse 0.00211 acf 0.00007 rgh 0.00033)  |  LR: 1.65e-04  |  Time: 7.29s
  Epoch 3450/12000  |  Loss: 0.002788  (mse 0.00237 acf 0.00006 rgh 0.00036)  |  LR: 1.65e-04  |  Time: 7.30s
  Epoch 3460/12000  |  Loss: 0.002530  (mse 0.00211 acf 0.00006 rgh 0.00036)  |  LR: 1.65e-04  |  Time: 7.29s
  Epoch 3470/12000  |  Loss: 0.002623  (mse 0.00222 acf 0.00006 rgh 0.00034)  |  LR: 1.65e-04  |  Time: 7.31s
  Epoch 3480/12000  |  Loss: 0.002731  (mse 0.00226 acf 0.00006 rgh 0.00040)  |  LR: 1.64e-04  |  Time: 7.29s
  Epoch 3490/12000  |  Loss: 0.003394  (mse 0.00296 acf 0.00007 rgh 0.00037)  |  LR: 1.64e-04  |  Time: 7.28s
  Epoch 3500/12000  |  Loss: 0.002494  (mse 0.00212 acf 0.00006 rgh 0.00032)  |  LR: 1.64e-04  |  Time: 7.29s
  Epoch 3510/12000  |  Loss: 0.002443  (mse 0.00200 acf 0.00006 rgh 0.00039)  |  LR: 1.64e-04  |  Time: 7.29s
  Epoch 3520/12000  |  Loss: 0.002409  (mse 0.00204 acf 0.00006 rgh 0.00031)  |  LR: 1.64e-04  |  Time: 7.28s
  Epoch 3530/12000  |  Loss: 0.002541  (mse 0.00211 acf 0.00006 rgh 0.00037)  |  LR: 1.63e-04  |  Time: 7.29s
  Epoch 3540/12000  |  Loss: 0.002363  (mse 0.00203 acf 0.00006 rgh 0.00028)  |  LR: 1.63e-04  |  Time: 7.28s
  Epoch 3550/12000  |  Loss: 0.002345  (mse 0.00194 acf 0.00006 rgh 0.00034)  |  LR: 1.63e-04  |  Time: 7.30s
  Epoch 3560/12000  |  Loss: 0.002414  (mse 0.00203 acf 0.00006 rgh 0.00032)  |  LR: 1.63e-04  |  Time: 7.29s
  Epoch 3570/12000  |  Loss: 0.002262  (mse 0.00187 acf 0.00005 rgh 0.00034)  |  LR: 1.63e-04  |  Time: 7.28s
  Epoch 3580/12000  |  Loss: 0.002012  (mse 0.00168 acf 0.00005 rgh 0.00028)  |  LR: 1.62e-04  |  Time: 7.29s
  Epoch 3590/12000  |  Loss: 0.002385  (mse 0.00203 acf 0.00005 rgh 0.00031)  |  LR: 1.62e-04  |  Time: 7.29s
  Epoch 3600/12000  |  Loss: 0.002479  (mse 0.00205 acf 0.00006 rgh 0.00037)  |  LR: 1.62e-04  |  Time: 7.30s
  Epoch 3610/12000  |  Loss: 0.002333  (mse 0.00197 acf 0.00005 rgh 0.00031)  |  LR: 1.62e-04  |  Time: 7.29s
  Epoch 3620/12000  |  Loss: 0.002478  (mse 0.00204 acf 0.00006 rgh 0.00038)  |  LR: 1.62e-04  |  Time: 7.29s
  Epoch 3630/12000  |  Loss: 0.002308  (mse 0.00190 acf 0.00006 rgh 0.00035)  |  LR: 1.61e-04  |  Time: 7.29s
  Epoch 3640/12000  |  Loss: 0.002714  (mse 0.00234 acf 0.00006 rgh 0.00031)  |  LR: 1.61e-04  |  Time: 7.28s
  Epoch 3650/12000  |  Loss: 0.002297  (mse 0.00186 acf 0.00006 rgh 0.00038)  |  LR: 1.61e-04  |  Time: 7.30s
  Epoch 3660/12000  |  Loss: 0.002446  (mse 0.00206 acf 0.00006 rgh 0.00033)  |  LR: 1.61e-04  |  Time: 7.29s
  Epoch 3670/12000  |  Loss: 0.002358  (mse 0.00197 acf 0.00006 rgh 0.00033)  |  LR: 1.60e-04  |  Time: 7.29s
  Epoch 3680/12000  |  Loss: 0.002918  (mse 0.00253 acf 0.00006 rgh 0.00033)  |  LR: 1.60e-04  |  Time: 7.29s
  Epoch 3690/12000  |  Loss: 0.002359  (mse 0.00194 acf 0.00006 rgh 0.00036)  |  LR: 1.60e-04  |  Time: 7.30s
  Epoch 3700/12000  |  Loss: 0.002343  (mse 0.00199 acf 0.00006 rgh 0.00030)  |  LR: 1.60e-04  |  Time: 7.29s
  Epoch 3710/12000  |  Loss: 0.002622  (mse 0.00223 acf 0.00006 rgh 0.00033)  |  LR: 1.60e-04  |  Time: 7.28s
  Epoch 3720/12000  |  Loss: 0.003306  (mse 0.00292 acf 0.00007 rgh 0.00032)  |  LR: 1.59e-04  |  Time: 7.29s
  Epoch 3730/12000  |  Loss: 0.002113  (mse 0.00178 acf 0.00005 rgh 0.00028)  |  LR: 1.59e-04  |  Time: 7.17s
  Epoch 3740/12000  |  Loss: 0.002371  (mse 0.00201 acf 0.00006 rgh 0.00031)  |  LR: 1.59e-04  |  Time: 7.29s
  Epoch 3750/12000  |  Loss: 0.002286  (mse 0.00194 acf 0.00005 rgh 0.00029)  |  LR: 1.59e-04  |  Time: 7.28s
  Epoch 3760/12000  |  Loss: 0.003662  (mse 0.00324 acf 0.00007 rgh 0.00035)  |  LR: 1.59e-04  |  Time: 7.20s
  Epoch 3770/12000  |  Loss: 0.002279  (mse 0.00190 acf 0.00005 rgh 0.00033)  |  LR: 1.58e-04  |  Time: 7.30s
  Epoch 3780/12000  |  Loss: 0.002396  (mse 0.00203 acf 0.00005 rgh 0.00032)  |  LR: 1.58e-04  |  Time: 7.16s
  Epoch 3790/12000  |  Loss: 0.002294  (mse 0.00196 acf 0.00005 rgh 0.00028)  |  LR: 1.58e-04  |  Time: 7.29s
  Epoch 3800/12000  |  Loss: 0.002177  (mse 0.00178 acf 0.00005 rgh 0.00034)  |  LR: 1.58e-04  |  Time: 7.29s
  Epoch 3810/12000  |  Loss: 0.002326  (mse 0.00197 acf 0.00005 rgh 0.00030)  |  LR: 1.57e-04  |  Time: 7.29s
  Epoch 3820/12000  |  Loss: 0.002172  (mse 0.00186 acf 0.00006 rgh 0.00026)  |  LR: 1.57e-04  |  Time: 7.29s
  Epoch 3830/12000  |  Loss: 0.002242  (mse 0.00188 acf 0.00006 rgh 0.00031)  |  LR: 1.57e-04  |  Time: 7.30s
  Epoch 3840/12000  |  Loss: 0.002302  (mse 0.00189 acf 0.00006 rgh 0.00036)  |  LR: 1.57e-04  |  Time: 7.30s
  Epoch 3850/12000  |  Loss: 0.002301  (mse 0.00195 acf 0.00006 rgh 0.00030)  |  LR: 1.57e-04  |  Time: 7.30s
  Epoch 3860/12000  |  Loss: 0.002396  (mse 0.00207 acf 0.00006 rgh 0.00027)  |  LR: 1.56e-04  |  Time: 7.31s
  Epoch 3870/12000  |  Loss: 0.002146  (mse 0.00177 acf 0.00005 rgh 0.00033)  |  LR: 1.56e-04  |  Time: 7.29s
  Epoch 3880/12000  |  Loss: 0.002165  (mse 0.00176 acf 0.00006 rgh 0.00035)  |  LR: 1.56e-04  |  Time: 7.29s
  Epoch 3890/12000  |  Loss: 0.003056  (mse 0.00265 acf 0.00006 rgh 0.00034)  |  LR: 1.56e-04  |  Time: 7.15s
  Epoch 3900/12000  |  Loss: 0.002412  (mse 0.00201 acf 0.00006 rgh 0.00035)  |  LR: 1.55e-04  |  Time: 7.29s
  Epoch 3910/12000  |  Loss: 0.002386  (mse 0.00202 acf 0.00006 rgh 0.00030)  |  LR: 1.55e-04  |  Time: 7.29s
  Epoch 3920/12000  |  Loss: 0.002326  (mse 0.00191 acf 0.00005 rgh 0.00036)  |  LR: 1.55e-04  |  Time: 7.17s
  Epoch 3930/12000  |  Loss: 0.002242  (mse 0.00182 acf 0.00006 rgh 0.00037)  |  LR: 1.55e-04  |  Time: 7.31s
  Epoch 3940/12000  |  Loss: 0.002071  (mse 0.00173 acf 0.00005 rgh 0.00029)  |  LR: 1.55e-04  |  Time: 7.30s
  Epoch 3950/12000  |  Loss: 0.002143  (mse 0.00181 acf 0.00005 rgh 0.00028)  |  LR: 1.54e-04  |  Time: 7.31s
  Epoch 3960/12000  |  Loss: 0.002199  (mse 0.00178 acf 0.00006 rgh 0.00036)  |  LR: 1.54e-04  |  Time: 7.31s
  Epoch 3970/12000  |  Loss: 0.002171  (mse 0.00183 acf 0.00005 rgh 0.00029)  |  LR: 1.54e-04  |  Time: 7.31s
  Epoch 3980/12000  |  Loss: 0.002268  (mse 0.00190 acf 0.00005 rgh 0.00032)  |  LR: 1.54e-04  |  Time: 7.29s
  Epoch 3990/12000  |  Loss: 0.002163  (mse 0.00177 acf 0.00006 rgh 0.00034)  |  LR: 1.53e-04  |  Time: 7.29s
  Epoch 4000/12000  |  Loss: 0.002172  (mse 0.00180 acf 0.00006 rgh 0.00031)  |  LR: 1.53e-04  |  Time: 7.29s
  Epoch 4010/12000  |  Loss: 0.002147  (mse 0.00179 acf 0.00006 rgh 0.00030)  |  LR: 1.53e-04  |  Time: 7.30s
  Epoch 4020/12000  |  Loss: 0.001971  (mse 0.00166 acf 0.00005 rgh 0.00025)  |  LR: 1.53e-04  |  Time: 7.31s
  Epoch 4030/12000  |  Loss: 0.002162  (mse 0.00179 acf 0.00005 rgh 0.00031)  |  LR: 1.53e-04  |  Time: 7.29s
  Epoch 4040/12000  |  Loss: 0.003508  (mse 0.00310 acf 0.00007 rgh 0.00034)  |  LR: 1.52e-04  |  Time: 7.29s
  Epoch 4050/12000  |  Loss: 0.002189  (mse 0.00181 acf 0.00005 rgh 0.00033)  |  LR: 1.52e-04  |  Time: 7.29s
  Epoch 4060/12000  |  Loss: 0.002122  (mse 0.00173 acf 0.00005 rgh 0.00034)  |  LR: 1.52e-04  |  Time: 7.30s
  Epoch 4070/12000  |  Loss: 0.002152  (mse 0.00180 acf 0.00005 rgh 0.00030)  |  LR: 1.52e-04  |  Time: 7.28s
  Epoch 4080/12000  |  Loss: 0.002068  (mse 0.00173 acf 0.00005 rgh 0.00029)  |  LR: 1.51e-04  |  Time: 7.31s
  Epoch 4090/12000  |  Loss: 0.002086  (mse 0.00176 acf 0.00005 rgh 0.00028)  |  LR: 1.51e-04  |  Time: 7.30s
  Epoch 4100/12000  |  Loss: 0.002115  (mse 0.00177 acf 0.00005 rgh 0.00030)  |  LR: 1.51e-04  |  Time: 7.29s
  Epoch 4110/12000  |  Loss: 0.002047  (mse 0.00167 acf 0.00005 rgh 0.00033)  |  LR: 1.51e-04  |  Time: 7.29s
  Epoch 4120/12000  |  Loss: 0.003029  (mse 0.00264 acf 0.00006 rgh 0.00033)  |  LR: 1.51e-04  |  Time: 7.29s
  Epoch 4130/12000  |  Loss: 0.002314  (mse 0.00183 acf 0.00005 rgh 0.00043)  |  LR: 1.50e-04  |  Time: 7.29s
  Epoch 4140/12000  |  Loss: 0.002161  (mse 0.00170 acf 0.00005 rgh 0.00040)  |  LR: 1.50e-04  |  Time: 7.30s
  Epoch 4150/12000  |  Loss: 0.002208  (mse 0.00186 acf 0.00005 rgh 0.00030)  |  LR: 1.50e-04  |  Time: 7.29s
  Epoch 4160/12000  |  Loss: 0.002075  (mse 0.00170 acf 0.00005 rgh 0.00032)  |  LR: 1.50e-04  |  Time: 7.29s
  Epoch 4170/12000  |  Loss: 0.002086  (mse 0.00174 acf 0.00005 rgh 0.00029)  |  LR: 1.49e-04  |  Time: 7.29s
  Epoch 4180/12000  |  Loss: 0.002065  (mse 0.00165 acf 0.00005 rgh 0.00036)  |  LR: 1.49e-04  |  Time: 7.30s
  Epoch 4190/12000  |  Loss: 0.002029  (mse 0.00166 acf 0.00005 rgh 0.00032)  |  LR: 1.49e-04  |  Time: 7.29s
  Epoch 4200/12000  |  Loss: 0.002134  (mse 0.00182 acf 0.00005 rgh 0.00026)  |  LR: 1.49e-04  |  Time: 7.29s
  Epoch 4210/12000  |  Loss: 0.002024  (mse 0.00175 acf 0.00005 rgh 0.00022)  |  LR: 1.48e-04  |  Time: 7.29s
  Epoch 4220/12000  |  Loss: 0.002211  (mse 0.00179 acf 0.00005 rgh 0.00037)  |  LR: 1.48e-04  |  Time: 7.30s
  Epoch 4230/12000  |  Loss: 0.001889  (mse 0.00157 acf 0.00005 rgh 0.00026)  |  LR: 1.48e-04  |  Time: 7.30s
  Epoch 4240/12000  |  Loss: 0.002068  (mse 0.00174 acf 0.00005 rgh 0.00028)  |  LR: 1.48e-04  |  Time: 7.29s
  Epoch 4250/12000  |  Loss: 0.002035  (mse 0.00167 acf 0.00005 rgh 0.00031)  |  LR: 1.48e-04  |  Time: 7.29s
  Epoch 4260/12000  |  Loss: 0.001998  (mse 0.00166 acf 0.00005 rgh 0.00029)  |  LR: 1.47e-04  |  Time: 7.29s
  Epoch 4270/12000  |  Loss: 0.001937  (mse 0.00164 acf 0.00006 rgh 0.00024)  |  LR: 1.47e-04  |  Time: 7.29s
  Epoch 4280/12000  |  Loss: 0.002157  (mse 0.00183 acf 0.00005 rgh 0.00027)  |  LR: 1.47e-04  |  Time: 7.29s
  Epoch 4290/12000  |  Loss: 0.002046  (mse 0.00163 acf 0.00005 rgh 0.00036)  |  LR: 1.47e-04  |  Time: 7.29s
  Epoch 4300/12000  |  Loss: 0.002353  (mse 0.00203 acf 0.00005 rgh 0.00027)  |  LR: 1.46e-04  |  Time: 7.29s
  Epoch 4310/12000  |  Loss: 0.002076  (mse 0.00168 acf 0.00005 rgh 0.00034)  |  LR: 1.46e-04  |  Time: 7.29s
  Epoch 4320/12000  |  Loss: 0.001948  (mse 0.00165 acf 0.00005 rgh 0.00025)  |  LR: 1.46e-04  |  Time: 7.29s
  Epoch 4330/12000  |  Loss: 0.001897  (mse 0.00156 acf 0.00005 rgh 0.00028)  |  LR: 1.46e-04  |  Time: 7.29s
  Epoch 4340/12000  |  Loss: 0.001959  (mse 0.00164 acf 0.00005 rgh 0.00027)  |  LR: 1.45e-04  |  Time: 7.29s
  Epoch 4350/12000  |  Loss: 0.001902  (mse 0.00154 acf 0.00005 rgh 0.00031)  |  LR: 1.45e-04  |  Time: 7.29s
  Epoch 4360/12000  |  Loss: 0.002065  (mse 0.00173 acf 0.00005 rgh 0.00028)  |  LR: 1.45e-04  |  Time: 7.30s
  Epoch 4370/12000  |  Loss: 0.001958  (mse 0.00163 acf 0.00005 rgh 0.00028)  |  LR: 1.45e-04  |  Time: 7.29s
  Epoch 4380/12000  |  Loss: 0.001881  (mse 0.00154 acf 0.00005 rgh 0.00029)  |  LR: 1.44e-04  |  Time: 7.30s
  Epoch 4390/12000  |  Loss: 0.001830  (mse 0.00153 acf 0.00005 rgh 0.00025)  |  LR: 1.44e-04  |  Time: 7.30s
  Epoch 4400/12000  |  Loss: 0.002027  (mse 0.00171 acf 0.00005 rgh 0.00027)  |  LR: 1.44e-04  |  Time: 7.29s
  Epoch 4410/12000  |  Loss: 0.001966  (mse 0.00163 acf 0.00005 rgh 0.00029)  |  LR: 1.44e-04  |  Time: 7.29s
  Epoch 4420/12000  |  Loss: 0.001915  (mse 0.00155 acf 0.00005 rgh 0.00031)  |  LR: 1.44e-04  |  Time: 7.29s
  Epoch 4430/12000  |  Loss: 0.002618  (mse 0.00229 acf 0.00005 rgh 0.00027)  |  LR: 1.43e-04  |  Time: 7.29s
  Epoch 4440/12000  |  Loss: 0.002121  (mse 0.00177 acf 0.00005 rgh 0.00030)  |  LR: 1.43e-04  |  Time: 7.31s
  Epoch 4450/12000  |  Loss: 0.002182  (mse 0.00171 acf 0.00005 rgh 0.00042)  |  LR: 1.43e-04  |  Time: 7.29s
  Epoch 4460/12000  |  Loss: 0.002073  (mse 0.00165 acf 0.00005 rgh 0.00038)  |  LR: 1.43e-04  |  Time: 7.29s
  Epoch 4470/12000  |  Loss: 0.002081  (mse 0.00171 acf 0.00005 rgh 0.00032)  |  LR: 1.42e-04  |  Time: 7.29s
  Epoch 4480/12000  |  Loss: 0.002031  (mse 0.00168 acf 0.00005 rgh 0.00030)  |  LR: 1.42e-04  |  Time: 7.30s
  Epoch 4490/12000  |  Loss: 0.002941  (mse 0.00256 acf 0.00006 rgh 0.00032)  |  LR: 1.42e-04  |  Time: 7.29s
  Epoch 4500/12000  |  Loss: 0.001820  (mse 0.00151 acf 0.00005 rgh 0.00026)  |  LR: 1.42e-04  |  Time: 7.31s
  Epoch 4510/12000  |  Loss: 0.001872  (mse 0.00154 acf 0.00005 rgh 0.00028)  |  LR: 1.41e-04  |  Time: 7.29s
  Epoch 4520/12000  |  Loss: 0.001958  (mse 0.00162 acf 0.00005 rgh 0.00029)  |  LR: 1.41e-04  |  Time: 7.29s
  Epoch 4530/12000  |  Loss: 0.001977  (mse 0.00160 acf 0.00005 rgh 0.00032)  |  LR: 1.41e-04  |  Time: 7.29s
  Epoch 4540/12000  |  Loss: 0.001780  (mse 0.00145 acf 0.00005 rgh 0.00028)  |  LR: 1.41e-04  |  Time: 7.29s
  Epoch 4550/12000  |  Loss: 0.001960  (mse 0.00165 acf 0.00005 rgh 0.00026)  |  LR: 1.40e-04  |  Time: 7.30s
  Epoch 4560/12000  |  Loss: 0.002395  (mse 0.00209 acf 0.00005 rgh 0.00025)  |  LR: 1.40e-04  |  Time: 7.29s
  Epoch 4570/12000  |  Loss: 0.002018  (mse 0.00165 acf 0.00005 rgh 0.00033)  |  LR: 1.40e-04  |  Time: 7.29s
  Epoch 4580/12000  |  Loss: 0.001828  (mse 0.00151 acf 0.00004 rgh 0.00027)  |  LR: 1.40e-04  |  Time: 7.29s
  Epoch 4590/12000  |  Loss: 0.001876  (mse 0.00151 acf 0.00005 rgh 0.00032)  |  LR: 1.39e-04  |  Time: 7.29s
  Epoch 4600/12000  |  Loss: 0.001644  (mse 0.00135 acf 0.00005 rgh 0.00025)  |  LR: 1.39e-04  |  Time: 7.29s
  Epoch 4610/12000  |  Loss: 0.001728  (mse 0.00145 acf 0.00005 rgh 0.00023)  |  LR: 1.39e-04  |  Time: 7.29s
  Epoch 4620/12000  |  Loss: 0.001849  (mse 0.00150 acf 0.00005 rgh 0.00029)  |  LR: 1.39e-04  |  Time: 7.29s
  Epoch 4630/12000  |  Loss: 0.001936  (mse 0.00165 acf 0.00005 rgh 0.00024)  |  LR: 1.38e-04  |  Time: 7.29s
  Epoch 4640/12000  |  Loss: 0.001828  (mse 0.00149 acf 0.00005 rgh 0.00029)  |  LR: 1.38e-04  |  Time: 7.29s
  Epoch 4650/12000  |  Loss: 0.001950  (mse 0.00160 acf 0.00005 rgh 0.00030)  |  LR: 1.38e-04  |  Time: 7.29s
  Epoch 4660/12000  |  Loss: 0.002016  (mse 0.00170 acf 0.00005 rgh 0.00026)  |  LR: 1.38e-04  |  Time: 7.30s
  Epoch 4670/12000  |  Loss: 0.001939  (mse 0.00162 acf 0.00005 rgh 0.00027)  |  LR: 1.37e-04  |  Time: 7.29s
  Epoch 4680/12000  |  Loss: 0.002004  (mse 0.00160 acf 0.00005 rgh 0.00036)  |  LR: 1.37e-04  |  Time: 7.28s
  Epoch 4690/12000  |  Loss: 0.001690  (mse 0.00141 acf 0.00005 rgh 0.00023)  |  LR: 1.37e-04  |  Time: 7.29s
  Epoch 4700/12000  |  Loss: 0.002536  (mse 0.00218 acf 0.00006 rgh 0.00029)  |  LR: 1.37e-04  |  Time: 7.30s
  Epoch 4710/12000  |  Loss: 0.001782  (mse 0.00149 acf 0.00005 rgh 0.00025)  |  LR: 1.36e-04  |  Time: 7.29s
  Epoch 4720/12000  |  Loss: 0.001888  (mse 0.00158 acf 0.00005 rgh 0.00026)  |  LR: 1.36e-04  |  Time: 7.29s
  Epoch 4730/12000  |  Loss: 0.001696  (mse 0.00141 acf 0.00004 rgh 0.00024)  |  LR: 1.36e-04  |  Time: 7.29s
  Epoch 4740/12000  |  Loss: 0.001920  (mse 0.00161 acf 0.00005 rgh 0.00027)  |  LR: 1.36e-04  |  Time: 7.29s
  Epoch 4750/12000  |  Loss: 0.001781  (mse 0.00147 acf 0.00004 rgh 0.00026)  |  LR: 1.35e-04  |  Time: 7.29s
  Epoch 4760/12000  |  Loss: 0.003931  (mse 0.00353 acf 0.00007 rgh 0.00033)  |  LR: 1.35e-04  |  Time: 7.30s
  Epoch 4770/12000  |  Loss: 0.001829  (mse 0.00155 acf 0.00004 rgh 0.00023)  |  LR: 1.35e-04  |  Time: 7.29s
  Epoch 4780/12000  |  Loss: 0.001762  (mse 0.00147 acf 0.00005 rgh 0.00024)  |  LR: 1.35e-04  |  Time: 7.29s
  Epoch 4790/12000  |  Loss: 0.001843  (mse 0.00153 acf 0.00005 rgh 0.00027)  |  LR: 1.34e-04  |  Time: 7.29s
  Epoch 4800/12000  |  Loss: 0.001970  (mse 0.00167 acf 0.00005 rgh 0.00025)  |  LR: 1.34e-04  |  Time: 7.29s
  Epoch 4810/12000  |  Loss: 0.001954  (mse 0.00156 acf 0.00005 rgh 0.00034)  |  LR: 1.34e-04  |  Time: 7.29s
  Epoch 4820/12000  |  Loss: 0.001839  (mse 0.00153 acf 0.00005 rgh 0.00026)  |  LR: 1.34e-04  |  Time: 7.29s
  Epoch 4830/12000  |  Loss: 0.001769  (mse 0.00145 acf 0.00005 rgh 0.00027)  |  LR: 1.33e-04  |  Time: 7.29s
  Epoch 4840/12000  |  Loss: 0.001737  (mse 0.00145 acf 0.00005 rgh 0.00024)  |  LR: 1.33e-04  |  Time: 7.29s
  Epoch 4850/12000  |  Loss: 0.001749  (mse 0.00140 acf 0.00005 rgh 0.00030)  |  LR: 1.33e-04  |  Time: 7.29s
  Epoch 4860/12000  |  Loss: 0.001858  (mse 0.00153 acf 0.00005 rgh 0.00028)  |  LR: 1.33e-04  |  Time: 7.29s
  Epoch 4870/12000  |  Loss: 0.001863  (mse 0.00156 acf 0.00005 rgh 0.00025)  |  LR: 1.32e-04  |  Time: 7.30s
  Epoch 4880/12000  |  Loss: 0.001923  (mse 0.00155 acf 0.00005 rgh 0.00032)  |  LR: 1.32e-04  |  Time: 7.29s
  Epoch 4890/12000  |  Loss: 0.001845  (mse 0.00155 acf 0.00005 rgh 0.00025)  |  LR: 1.32e-04  |  Time: 7.29s
  Epoch 4900/12000  |  Loss: 0.001720  (mse 0.00144 acf 0.00005 rgh 0.00023)  |  LR: 1.32e-04  |  Time: 7.30s
  Epoch 4910/12000  |  Loss: 0.001849  (mse 0.00157 acf 0.00005 rgh 0.00023)  |  LR: 1.31e-04  |  Time: 7.30s
  Epoch 4920/12000  |  Loss: 0.001606  (mse 0.00134 acf 0.00005 rgh 0.00022)  |  LR: 1.31e-04  |  Time: 7.29s
  Epoch 4930/12000  |  Loss: 0.001807  (mse 0.00154 acf 0.00005 rgh 0.00022)  |  LR: 1.31e-04  |  Time: 7.29s
  Epoch 4940/12000  |  Loss: 0.001876  (mse 0.00154 acf 0.00005 rgh 0.00029)  |  LR: 1.31e-04  |  Time: 7.30s
  Epoch 4950/12000  |  Loss: 0.001727  (mse 0.00144 acf 0.00005 rgh 0.00024)  |  LR: 1.30e-04  |  Time: 7.29s
  Epoch 4960/12000  |  Loss: 0.001983  (mse 0.00166 acf 0.00005 rgh 0.00027)  |  LR: 1.30e-04  |  Time: 7.33s
  Epoch 4970/12000  |  Loss: 0.001667  (mse 0.00138 acf 0.00005 rgh 0.00023)  |  LR: 1.30e-04  |  Time: 7.29s
  Epoch 4980/12000  |  Loss: 0.001901  (mse 0.00158 acf 0.00005 rgh 0.00027)  |  LR: 1.30e-04  |  Time: 7.31s
  Epoch 4990/12000  |  Loss: 0.001672  (mse 0.00138 acf 0.00005 rgh 0.00024)  |  LR: 1.29e-04  |  Time: 7.31s
  Epoch 5000/12000  |  Loss: 0.001965  (mse 0.00163 acf 0.00005 rgh 0.00028)  |  LR: 1.29e-04  |  Time: 7.34s
  Epoch 5010/12000  |  Loss: 0.001789  (mse 0.00146 acf 0.00005 rgh 0.00028)  |  LR: 1.29e-04  |  Time: 7.29s
  Epoch 5020/12000  |  Loss: 0.001662  (mse 0.00136 acf 0.00004 rgh 0.00026)  |  LR: 1.29e-04  |  Time: 7.29s
  Epoch 5030/12000  |  Loss: 0.001649  (mse 0.00135 acf 0.00005 rgh 0.00025)  |  LR: 1.28e-04  |  Time: 7.29s
  Epoch 5040/12000  |  Loss: 0.002182  (mse 0.00181 acf 0.00005 rgh 0.00032)  |  LR: 1.28e-04  |  Time: 7.30s
  Epoch 5050/12000  |  Loss: 0.001636  (mse 0.00134 acf 0.00005 rgh 0.00025)  |  LR: 1.28e-04  |  Time: 7.30s
  Epoch 5060/12000  |  Loss: 0.002152  (mse 0.00187 acf 0.00005 rgh 0.00023)  |  LR: 1.28e-04  |  Time: 7.29s
  Epoch 5070/12000  |  Loss: 0.001635  (mse 0.00135 acf 0.00005 rgh 0.00024)  |  LR: 1.27e-04  |  Time: 7.30s
  Epoch 5080/12000  |  Loss: 0.001714  (mse 0.00139 acf 0.00005 rgh 0.00028)  |  LR: 1.27e-04  |  Time: 7.29s
  Epoch 5090/12000  |  Loss: 0.001654  (mse 0.00132 acf 0.00004 rgh 0.00029)  |  LR: 1.27e-04  |  Time: 7.31s
  Epoch 5100/12000  |  Loss: 0.001706  (mse 0.00143 acf 0.00004 rgh 0.00024)  |  LR: 1.27e-04  |  Time: 7.29s
  Epoch 5110/12000  |  Loss: 0.001613  (mse 0.00132 acf 0.00005 rgh 0.00025)  |  LR: 1.26e-04  |  Time: 7.31s
  Epoch 5120/12000  |  Loss: 0.001597  (mse 0.00133 acf 0.00004 rgh 0.00022)  |  LR: 1.26e-04  |  Time: 7.33s
  Epoch 5130/12000  |  Loss: 0.001728  (mse 0.00144 acf 0.00005 rgh 0.00024)  |  LR: 1.26e-04  |  Time: 7.33s
  Epoch 5140/12000  |  Loss: 0.001970  (mse 0.00167 acf 0.00005 rgh 0.00025)  |  LR: 1.26e-04  |  Time: 7.32s
  Epoch 5150/12000  |  Loss: 0.001823  (mse 0.00149 acf 0.00005 rgh 0.00029)  |  LR: 1.25e-04  |  Time: 7.33s
  Epoch 5160/12000  |  Loss: 0.001494  (mse 0.00123 acf 0.00005 rgh 0.00022)  |  LR: 1.25e-04  |  Time: 7.33s
  Epoch 5170/12000  |  Loss: 0.001743  (mse 0.00145 acf 0.00005 rgh 0.00025)  |  LR: 1.25e-04  |  Time: 7.29s
  Epoch 5180/12000  |  Loss: 0.001652  (mse 0.00136 acf 0.00005 rgh 0.00025)  |  LR: 1.25e-04  |  Time: 7.33s
  Epoch 5190/12000  |  Loss: 0.001844  (mse 0.00152 acf 0.00005 rgh 0.00027)  |  LR: 1.24e-04  |  Time: 7.33s
  Epoch 5200/12000  |  Loss: 0.002881  (mse 0.00256 acf 0.00006 rgh 0.00026)  |  LR: 1.24e-04  |  Time: 7.33s
  Epoch 5210/12000  |  Loss: 0.001672  (mse 0.00138 acf 0.00004 rgh 0.00025)  |  LR: 1.24e-04  |  Time: 7.33s
  Epoch 5220/12000  |  Loss: 0.001942  (mse 0.00165 acf 0.00005 rgh 0.00025)  |  LR: 1.24e-04  |  Time: 7.33s
  Epoch 5230/12000  |  Loss: 0.001600  (mse 0.00130 acf 0.00004 rgh 0.00025)  |  LR: 1.23e-04  |  Time: 7.29s
  Epoch 5240/12000  |  Loss: 0.001645  (mse 0.00138 acf 0.00004 rgh 0.00022)  |  LR: 1.23e-04  |  Time: 7.31s
  Epoch 5250/12000  |  Loss: 0.001559  (mse 0.00128 acf 0.00004 rgh 0.00024)  |  LR: 1.23e-04  |  Time: 7.29s
  Epoch 5260/12000  |  Loss: 0.001671  (mse 0.00138 acf 0.00005 rgh 0.00024)  |  LR: 1.23e-04  |  Time: 7.29s
  Epoch 5270/12000  |  Loss: 0.001598  (mse 0.00133 acf 0.00005 rgh 0.00022)  |  LR: 1.22e-04  |  Time: 7.30s
  Epoch 5280/12000  |  Loss: 0.001635  (mse 0.00135 acf 0.00005 rgh 0.00024)  |  LR: 1.22e-04  |  Time: 7.29s
  Epoch 5290/12000  |  Loss: 0.002321  (mse 0.00203 acf 0.00005 rgh 0.00024)  |  LR: 1.22e-04  |  Time: 7.30s
  Epoch 5300/12000  |  Loss: 0.001600  (mse 0.00129 acf 0.00004 rgh 0.00027)  |  LR: 1.22e-04  |  Time: 7.18s
  Epoch 5310/12000  |  Loss: 0.001506  (mse 0.00126 acf 0.00004 rgh 0.00020)  |  LR: 1.21e-04  |  Time: 7.17s
  Epoch 5320/12000  |  Loss: 0.001598  (mse 0.00134 acf 0.00004 rgh 0.00021)  |  LR: 1.21e-04  |  Time: 7.19s
  Epoch 5330/12000  |  Loss: 0.001517  (mse 0.00125 acf 0.00004 rgh 0.00022)  |  LR: 1.21e-04  |  Time: 7.18s
  Epoch 5340/12000  |  Loss: 0.001597  (mse 0.00131 acf 0.00004 rgh 0.00025)  |  LR: 1.20e-04  |  Time: 7.29s
  Epoch 5350/12000  |  Loss: 0.001477  (mse 0.00121 acf 0.00004 rgh 0.00022)  |  LR: 1.20e-04  |  Time: 7.18s
  Epoch 5360/12000  |  Loss: 0.001655  (mse 0.00136 acf 0.00004 rgh 0.00025)  |  LR: 1.20e-04  |  Time: 7.30s
  Epoch 5370/12000  |  Loss: 0.001641  (mse 0.00135 acf 0.00004 rgh 0.00025)  |  LR: 1.20e-04  |  Time: 7.29s
  Epoch 5380/12000  |  Loss: 0.001615  (mse 0.00136 acf 0.00004 rgh 0.00021)  |  LR: 1.19e-04  |  Time: 7.31s
  Epoch 5390/12000  |  Loss: 0.001737  (mse 0.00144 acf 0.00005 rgh 0.00025)  |  LR: 1.19e-04  |  Time: 7.29s
  Epoch 5400/12000  |  Loss: 0.001639  (mse 0.00137 acf 0.00004 rgh 0.00022)  |  LR: 1.19e-04  |  Time: 7.29s
  Epoch 5410/12000  |  Loss: 0.001501  (mse 0.00121 acf 0.00004 rgh 0.00025)  |  LR: 1.19e-04  |  Time: 7.29s
  Epoch 5420/12000  |  Loss: 0.001494  (mse 0.00122 acf 0.00004 rgh 0.00023)  |  LR: 1.18e-04  |  Time: 7.29s
  Epoch 5430/12000  |  Loss: 0.001728  (mse 0.00144 acf 0.00004 rgh 0.00025)  |  LR: 1.18e-04  |  Time: 7.17s
  Epoch 5440/12000  |  Loss: 0.001526  (mse 0.00121 acf 0.00004 rgh 0.00027)  |  LR: 1.18e-04  |  Time: 7.17s
  Epoch 5450/12000  |  Loss: 0.001481  (mse 0.00126 acf 0.00004 rgh 0.00018)  |  LR: 1.18e-04  |  Time: 7.19s
  Epoch 5460/12000  |  Loss: 0.001767  (mse 0.00144 acf 0.00004 rgh 0.00028)  |  LR: 1.17e-04  |  Time: 7.29s
  Epoch 5470/12000  |  Loss: 0.001527  (mse 0.00127 acf 0.00004 rgh 0.00021)  |  LR: 1.17e-04  |  Time: 7.29s
  Epoch 5480/12000  |  Loss: 0.001547  (mse 0.00129 acf 0.00004 rgh 0.00021)  |  LR: 1.17e-04  |  Time: 7.29s
  Epoch 5490/12000  |  Loss: 0.001574  (mse 0.00131 acf 0.00004 rgh 0.00022)  |  LR: 1.17e-04  |  Time: 7.29s
  Epoch 5500/12000  |  Loss: 0.001538  (mse 0.00130 acf 0.00004 rgh 0.00020)  |  LR: 1.16e-04  |  Time: 7.29s
  Epoch 5510/12000  |  Loss: 0.001616  (mse 0.00134 acf 0.00004 rgh 0.00023)  |  LR: 1.16e-04  |  Time: 7.30s
  Epoch 5520/12000  |  Loss: 0.001555  (mse 0.00132 acf 0.00004 rgh 0.00020)  |  LR: 1.16e-04  |  Time: 7.30s
  Epoch 5530/12000  |  Loss: 0.001491  (mse 0.00120 acf 0.00004 rgh 0.00025)  |  LR: 1.16e-04  |  Time: 7.29s
  Epoch 5540/12000  |  Loss: 0.001619  (mse 0.00135 acf 0.00004 rgh 0.00023)  |  LR: 1.15e-04  |  Time: 7.30s
  Epoch 5550/12000  |  Loss: 0.001603  (mse 0.00136 acf 0.00004 rgh 0.00020)  |  LR: 1.15e-04  |  Time: 7.29s
  Epoch 5560/12000  |  Loss: 0.001553  (mse 0.00128 acf 0.00004 rgh 0.00023)  |  LR: 1.15e-04  |  Time: 7.30s
  Epoch 5570/12000  |  Loss: 0.001531  (mse 0.00127 acf 0.00004 rgh 0.00021)  |  LR: 1.14e-04  |  Time: 7.29s
  Epoch 5580/12000  |  Loss: 0.001475  (mse 0.00123 acf 0.00004 rgh 0.00021)  |  LR: 1.14e-04  |  Time: 7.31s
  Epoch 5590/12000  |  Loss: 0.001411  (mse 0.00117 acf 0.00004 rgh 0.00020)  |  LR: 1.14e-04  |  Time: 7.29s
  Epoch 5600/12000  |  Loss: 0.001531  (mse 0.00127 acf 0.00004 rgh 0.00022)  |  LR: 1.14e-04  |  Time: 7.30s
  Epoch 5610/12000  |  Loss: 0.001443  (mse 0.00118 acf 0.00004 rgh 0.00022)  |  LR: 1.13e-04  |  Time: 7.29s
  Epoch 5620/12000  |  Loss: 0.001587  (mse 0.00128 acf 0.00005 rgh 0.00026)  |  LR: 1.13e-04  |  Time: 7.28s
  Epoch 5630/12000  |  Loss: 0.001506  (mse 0.00128 acf 0.00004 rgh 0.00019)  |  LR: 1.13e-04  |  Time: 7.31s
  Epoch 5640/12000  |  Loss: 0.001632  (mse 0.00137 acf 0.00005 rgh 0.00021)  |  LR: 1.13e-04  |  Time: 7.31s
  Epoch 5650/12000  |  Loss: 0.001512  (mse 0.00126 acf 0.00004 rgh 0.00021)  |  LR: 1.12e-04  |  Time: 7.29s
  Epoch 5660/12000  |  Loss: 0.001577  (mse 0.00124 acf 0.00005 rgh 0.00029)  |  LR: 1.12e-04  |  Time: 7.29s
  Epoch 5670/12000  |  Loss: 0.002460  (mse 0.00215 acf 0.00005 rgh 0.00026)  |  LR: 1.12e-04  |  Time: 7.29s
  Epoch 5680/12000  |  Loss: 0.001643  (mse 0.00137 acf 0.00004 rgh 0.00023)  |  LR: 1.12e-04  |  Time: 7.29s
  Epoch 5690/12000  |  Loss: 0.001499  (mse 0.00123 acf 0.00004 rgh 0.00023)  |  LR: 1.11e-04  |  Time: 7.29s
  Epoch 5700/12000  |  Loss: 0.001528  (mse 0.00126 acf 0.00004 rgh 0.00023)  |  LR: 1.11e-04  |  Time: 7.29s
  Epoch 5710/12000  |  Loss: 0.001379  (mse 0.00108 acf 0.00004 rgh 0.00026)  |  LR: 1.11e-04  |  Time: 7.29s
  Epoch 5720/12000  |  Loss: 0.001404  (mse 0.00115 acf 0.00004 rgh 0.00021)  |  LR: 1.11e-04  |  Time: 7.29s
  Epoch 5730/12000  |  Loss: 0.001611  (mse 0.00129 acf 0.00004 rgh 0.00028)  |  LR: 1.10e-04  |  Time: 7.29s
  Epoch 5740/12000  |  Loss: 0.001465  (mse 0.00121 acf 0.00005 rgh 0.00021)  |  LR: 1.10e-04  |  Time: 7.30s
  Epoch 5750/12000  |  Loss: 0.001288  (mse 0.00105 acf 0.00004 rgh 0.00020)  |  LR: 1.10e-04  |  Time: 7.29s
  Epoch 5760/12000  |  Loss: 0.004254  (mse 0.00388 acf 0.00007 rgh 0.00031)  |  LR: 1.09e-04  |  Time: 7.29s
  Epoch 5770/12000  |  Loss: 0.001463  (mse 0.00124 acf 0.00004 rgh 0.00018)  |  LR: 1.09e-04  |  Time: 7.29s
  Epoch 5780/12000  |  Loss: 0.001556  (mse 0.00133 acf 0.00004 rgh 0.00018)  |  LR: 1.09e-04  |  Time: 7.32s
  Epoch 5790/12000  |  Loss: 0.001374  (mse 0.00116 acf 0.00004 rgh 0.00018)  |  LR: 1.09e-04  |  Time: 7.29s
  Epoch 5800/12000  |  Loss: 0.001480  (mse 0.00119 acf 0.00004 rgh 0.00025)  |  LR: 1.08e-04  |  Time: 7.30s
  Epoch 5810/12000  |  Loss: 0.001533  (mse 0.00127 acf 0.00004 rgh 0.00022)  |  LR: 1.08e-04  |  Time: 7.30s
  Epoch 5820/12000  |  Loss: 0.001449  (mse 0.00122 acf 0.00004 rgh 0.00019)  |  LR: 1.08e-04  |  Time: 7.29s
  Epoch 5830/12000  |  Loss: 0.001428  (mse 0.00118 acf 0.00004 rgh 0.00021)  |  LR: 1.08e-04  |  Time: 7.28s
  Epoch 5840/12000  |  Loss: 0.001620  (mse 0.00131 acf 0.00004 rgh 0.00026)  |  LR: 1.07e-04  |  Time: 7.30s
  Epoch 5850/12000  |  Loss: 0.001516  (mse 0.00123 acf 0.00004 rgh 0.00024)  |  LR: 1.07e-04  |  Time: 7.29s
  Epoch 5860/12000  |  Loss: 0.001500  (mse 0.00125 acf 0.00004 rgh 0.00021)  |  LR: 1.07e-04  |  Time: 7.29s
  Epoch 5870/12000  |  Loss: 0.001602  (mse 0.00127 acf 0.00004 rgh 0.00028)  |  LR: 1.07e-04  |  Time: 7.29s
  Epoch 5880/12000  |  Loss: 0.001544  (mse 0.00128 acf 0.00004 rgh 0.00023)  |  LR: 1.06e-04  |  Time: 7.29s
  Epoch 5890/12000  |  Loss: 0.001444  (mse 0.00117 acf 0.00004 rgh 0.00023)  |  LR: 1.06e-04  |  Time: 7.29s
  Epoch 5900/12000  |  Loss: 0.001431  (mse 0.00113 acf 0.00004 rgh 0.00026)  |  LR: 1.06e-04  |  Time: 7.32s
  Epoch 5910/12000  |  Loss: 0.001490  (mse 0.00120 acf 0.00004 rgh 0.00025)  |  LR: 1.06e-04  |  Time: 7.29s
  Epoch 5920/12000  |  Loss: 0.001515  (mse 0.00127 acf 0.00004 rgh 0.00020)  |  LR: 1.05e-04  |  Time: 7.30s
  Epoch 5930/12000  |  Loss: 0.001341  (mse 0.00108 acf 0.00004 rgh 0.00023)  |  LR: 1.05e-04  |  Time: 7.31s
  Epoch 5940/12000  |  Loss: 0.001409  (mse 0.00118 acf 0.00004 rgh 0.00019)  |  LR: 1.05e-04  |  Time: 7.29s
  Epoch 5950/12000  |  Loss: 0.001427  (mse 0.00114 acf 0.00004 rgh 0.00025)  |  LR: 1.04e-04  |  Time: 7.29s
  Epoch 5960/12000  |  Loss: 0.001378  (mse 0.00110 acf 0.00004 rgh 0.00024)  |  LR: 1.04e-04  |  Time: 7.32s
  Epoch 5970/12000  |  Loss: 0.001374  (mse 0.00114 acf 0.00004 rgh 0.00019)  |  LR: 1.04e-04  |  Time: 7.30s
  Epoch 5980/12000  |  Loss: 0.001539  (mse 0.00130 acf 0.00004 rgh 0.00020)  |  LR: 1.04e-04  |  Time: 7.29s
  Epoch 5990/12000  |  Loss: 0.001588  (mse 0.00133 acf 0.00004 rgh 0.00022)  |  LR: 1.03e-04  |  Time: 7.29s
  Epoch 6000/12000  |  Loss: 0.001305  (mse 0.00107 acf 0.00004 rgh 0.00019)  |  LR: 1.03e-04  |  Time: 7.29s
  Epoch 6010/12000  |  Loss: 0.001452  (mse 0.00122 acf 0.00004 rgh 0.00020)  |  LR: 1.03e-04  |  Time: 7.29s
  Epoch 6020/12000  |  Loss: 0.001399  (mse 0.00117 acf 0.00004 rgh 0.00020)  |  LR: 1.03e-04  |  Time: 7.29s
  Epoch 6030/12000  |  Loss: 0.001605  (mse 0.00129 acf 0.00004 rgh 0.00027)  |  LR: 1.02e-04  |  Time: 7.29s
  Epoch 6040/12000  |  Loss: 0.001337  (mse 0.00111 acf 0.00004 rgh 0.00018)  |  LR: 1.02e-04  |  Time: 7.29s
  Epoch 6050/12000  |  Loss: 0.001307  (mse 0.00106 acf 0.00004 rgh 0.00020)  |  LR: 1.02e-04  |  Time: 7.29s
  Epoch 6060/12000  |  Loss: 0.001284  (mse 0.00105 acf 0.00004 rgh 0.00019)  |  LR: 1.02e-04  |  Time: 7.29s
  Epoch 6070/12000  |  Loss: 0.001394  (mse 0.00118 acf 0.00004 rgh 0.00017)  |  LR: 1.01e-04  |  Time: 7.30s
  Epoch 6080/12000  |  Loss: 0.001390  (mse 0.00115 acf 0.00004 rgh 0.00020)  |  LR: 1.01e-04  |  Time: 7.31s
  Epoch 6090/12000  |  Loss: 0.001431  (mse 0.00117 acf 0.00004 rgh 0.00022)  |  LR: 1.01e-04  |  Time: 7.30s
  Epoch 6100/12000  |  Loss: 0.001328  (mse 0.00111 acf 0.00004 rgh 0.00018)  |  LR: 1.00e-04  |  Time: 7.29s
  Epoch 6110/12000  |  Loss: 0.001382  (mse 0.00114 acf 0.00004 rgh 0.00020)  |  LR: 1.00e-04  |  Time: 7.29s
  Epoch 6120/12000  |  Loss: 0.001420  (mse 0.00111 acf 0.00004 rgh 0.00027)  |  LR: 9.99e-05  |  Time: 7.29s
  Epoch 6130/12000  |  Loss: 0.001385  (mse 0.00114 acf 0.00004 rgh 0.00021)  |  LR: 9.97e-05  |  Time: 7.29s
  Epoch 6140/12000  |  Loss: 0.001345  (mse 0.00111 acf 0.00004 rgh 0.00020)  |  LR: 9.94e-05  |  Time: 7.29s
  Epoch 6150/12000  |  Loss: 0.001384  (mse 0.00112 acf 0.00004 rgh 0.00022)  |  LR: 9.91e-05  |  Time: 7.29s
  Epoch 6160/12000  |  Loss: 0.001289  (mse 0.00107 acf 0.00004 rgh 0.00019)  |  LR: 9.89e-05  |  Time: 7.30s
  Epoch 6170/12000  |  Loss: 0.001361  (mse 0.00114 acf 0.00004 rgh 0.00018)  |  LR: 9.86e-05  |  Time: 7.29s
  Epoch 6180/12000  |  Loss: 0.001418  (mse 0.00121 acf 0.00004 rgh 0.00017)  |  LR: 9.84e-05  |  Time: 7.30s
  Epoch 6190/12000  |  Loss: 0.001257  (mse 0.00103 acf 0.00004 rgh 0.00019)  |  LR: 9.81e-05  |  Time: 7.29s
  Epoch 6200/12000  |  Loss: 0.001265  (mse 0.00104 acf 0.00004 rgh 0.00018)  |  LR: 9.78e-05  |  Time: 7.31s
  Epoch 6210/12000  |  Loss: 0.001436  (mse 0.00118 acf 0.00004 rgh 0.00022)  |  LR: 9.76e-05  |  Time: 7.31s
  Epoch 6220/12000  |  Loss: 0.001310  (mse 0.00110 acf 0.00004 rgh 0.00017)  |  LR: 9.73e-05  |  Time: 7.29s
  Epoch 6230/12000  |  Loss: 0.001359  (mse 0.00110 acf 0.00004 rgh 0.00022)  |  LR: 9.70e-05  |  Time: 7.29s
  Epoch 6240/12000  |  Loss: 0.001534  (mse 0.00127 acf 0.00004 rgh 0.00022)  |  LR: 9.68e-05  |  Time: 7.29s
  Epoch 6250/12000  |  Loss: 0.001366  (mse 0.00112 acf 0.00004 rgh 0.00021)  |  LR: 9.65e-05  |  Time: 7.29s
  Epoch 6260/12000  |  Loss: 0.001416  (mse 0.00109 acf 0.00004 rgh 0.00028)  |  LR: 9.62e-05  |  Time: 7.29s
  Epoch 6270/12000  |  Loss: 0.001314  (mse 0.00110 acf 0.00004 rgh 0.00018)  |  LR: 9.60e-05  |  Time: 7.29s
  Epoch 6280/12000  |  Loss: 0.001327  (mse 0.00108 acf 0.00004 rgh 0.00021)  |  LR: 9.57e-05  |  Time: 7.29s
  Epoch 6290/12000  |  Loss: 0.001194  (mse 0.00095 acf 0.00004 rgh 0.00021)  |  LR: 9.54e-05  |  Time: 7.29s
  Epoch 6300/12000  |  Loss: 0.001307  (mse 0.00109 acf 0.00004 rgh 0.00018)  |  LR: 9.52e-05  |  Time: 7.33s
  Epoch 6310/12000  |  Loss: 0.001238  (mse 0.00100 acf 0.00004 rgh 0.00020)  |  LR: 9.49e-05  |  Time: 7.30s
  Epoch 6320/12000  |  Loss: 0.001358  (mse 0.00111 acf 0.00004 rgh 0.00021)  |  LR: 9.46e-05  |  Time: 7.30s
  Epoch 6330/12000  |  Loss: 0.001371  (mse 0.00118 acf 0.00004 rgh 0.00016)  |  LR: 9.44e-05  |  Time: 7.30s
  Epoch 6340/12000  |  Loss: 0.001273  (mse 0.00104 acf 0.00004 rgh 0.00019)  |  LR: 9.41e-05  |  Time: 7.29s
  Epoch 6350/12000  |  Loss: 0.001459  (mse 0.00125 acf 0.00004 rgh 0.00018)  |  LR: 9.39e-05  |  Time: 7.31s
  Epoch 6360/12000  |  Loss: 0.001340  (mse 0.00111 acf 0.00004 rgh 0.00020)  |  LR: 9.36e-05  |  Time: 7.29s
  Epoch 6370/12000  |  Loss: 0.001341  (mse 0.00115 acf 0.00003 rgh 0.00016)  |  LR: 9.33e-05  |  Time: 7.30s
  Epoch 6380/12000  |  Loss: 0.001330  (mse 0.00111 acf 0.00004 rgh 0.00018)  |  LR: 9.31e-05  |  Time: 7.30s
  Epoch 6390/12000  |  Loss: 0.001320  (mse 0.00108 acf 0.00004 rgh 0.00020)  |  LR: 9.28e-05  |  Time: 7.32s
  Epoch 6400/12000  |  Loss: 0.001214  (mse 0.00100 acf 0.00004 rgh 0.00017)  |  LR: 9.25e-05  |  Time: 7.29s
  Epoch 6410/12000  |  Loss: 0.001280  (mse 0.00105 acf 0.00004 rgh 0.00019)  |  LR: 9.23e-05  |  Time: 7.29s
  Epoch 6420/12000  |  Loss: 0.001299  (mse 0.00109 acf 0.00004 rgh 0.00017)  |  LR: 9.20e-05  |  Time: 7.30s
  Epoch 6430/12000  |  Loss: 0.001342  (mse 0.00104 acf 0.00004 rgh 0.00026)  |  LR: 9.17e-05  |  Time: 7.31s
  Epoch 6440/12000  |  Loss: 0.001376  (mse 0.00111 acf 0.00004 rgh 0.00023)  |  LR: 9.15e-05  |  Time: 7.29s
  Epoch 6450/12000  |  Loss: 0.001347  (mse 0.00111 acf 0.00004 rgh 0.00020)  |  LR: 9.12e-05  |  Time: 7.29s
  Epoch 6460/12000  |  Loss: 0.001281  (mse 0.00107 acf 0.00004 rgh 0.00017)  |  LR: 9.10e-05  |  Time: 7.31s
  Epoch 6470/12000  |  Loss: 0.001462  (mse 0.00122 acf 0.00003 rgh 0.00020)  |  LR: 9.07e-05  |  Time: 7.29s
  Epoch 6480/12000  |  Loss: 0.001228  (mse 0.00101 acf 0.00004 rgh 0.00018)  |  LR: 9.04e-05  |  Time: 7.31s
  Epoch 6490/12000  |  Loss: 0.001212  (mse 0.00099 acf 0.00004 rgh 0.00019)  |  LR: 9.02e-05  |  Time: 7.30s
  Epoch 6500/12000  |  Loss: 0.001314  (mse 0.00109 acf 0.00004 rgh 0.00019)  |  LR: 8.99e-05  |  Time: 7.29s
  Epoch 6510/12000  |  Loss: 0.001224  (mse 0.00099 acf 0.00004 rgh 0.00020)  |  LR: 8.96e-05  |  Time: 7.29s
  Epoch 6520/12000  |  Loss: 0.001282  (mse 0.00106 acf 0.00004 rgh 0.00019)  |  LR: 8.94e-05  |  Time: 7.29s
  Epoch 6530/12000  |  Loss: 0.001233  (mse 0.00101 acf 0.00004 rgh 0.00018)  |  LR: 8.91e-05  |  Time: 7.30s
  Epoch 6540/12000  |  Loss: 0.001150  (mse 0.00094 acf 0.00003 rgh 0.00017)  |  LR: 8.88e-05  |  Time: 7.29s
  Epoch 6550/12000  |  Loss: 0.001182  (mse 0.00095 acf 0.00004 rgh 0.00020)  |  LR: 8.86e-05  |  Time: 7.29s
  Epoch 6560/12000  |  Loss: 0.001353  (mse 0.00109 acf 0.00004 rgh 0.00022)  |  LR: 8.83e-05  |  Time: 7.29s
  Epoch 6570/12000  |  Loss: 0.001274  (mse 0.00106 acf 0.00004 rgh 0.00018)  |  LR: 8.81e-05  |  Time: 7.29s
  Epoch 6580/12000  |  Loss: 0.001340  (mse 0.00110 acf 0.00004 rgh 0.00021)  |  LR: 8.78e-05  |  Time: 7.29s
  Epoch 6590/12000  |  Loss: 0.001393  (mse 0.00114 acf 0.00004 rgh 0.00021)  |  LR: 8.75e-05  |  Time: 7.29s
  Epoch 6600/12000  |  Loss: 0.001426  (mse 0.00116 acf 0.00004 rgh 0.00023)  |  LR: 8.73e-05  |  Time: 7.29s
  Epoch 6610/12000  |  Loss: 0.001245  (mse 0.00101 acf 0.00004 rgh 0.00020)  |  LR: 8.70e-05  |  Time: 7.29s
  Epoch 6620/12000  |  Loss: 0.001329  (mse 0.00114 acf 0.00003 rgh 0.00015)  |  LR: 8.67e-05  |  Time: 7.31s
  Epoch 6630/12000  |  Loss: 0.001215  (mse 0.00100 acf 0.00003 rgh 0.00018)  |  LR: 8.65e-05  |  Time: 7.30s
  Epoch 6640/12000  |  Loss: 0.001160  (mse 0.00096 acf 0.00003 rgh 0.00016)  |  LR: 8.62e-05  |  Time: 7.29s
  Epoch 6650/12000  |  Loss: 0.001193  (mse 0.00097 acf 0.00003 rgh 0.00019)  |  LR: 8.60e-05  |  Time: 7.29s
  Epoch 6660/12000  |  Loss: 0.001202  (mse 0.00100 acf 0.00004 rgh 0.00016)  |  LR: 8.57e-05  |  Time: 7.30s
  Epoch 6670/12000  |  Loss: 0.001283  (mse 0.00107 acf 0.00004 rgh 0.00018)  |  LR: 8.54e-05  |  Time: 7.29s
  Epoch 6680/12000  |  Loss: 0.001300  (mse 0.00106 acf 0.00004 rgh 0.00021)  |  LR: 8.52e-05  |  Time: 7.29s
  Epoch 6690/12000  |  Loss: 0.001142  (mse 0.00095 acf 0.00004 rgh 0.00016)  |  LR: 8.49e-05  |  Time: 7.30s
  Epoch 6700/12000  |  Loss: 0.001109  (mse 0.00092 acf 0.00003 rgh 0.00016)  |  LR: 8.46e-05  |  Time: 7.29s
  Epoch 6710/12000  |  Loss: 0.001173  (mse 0.00097 acf 0.00003 rgh 0.00017)  |  LR: 8.44e-05  |  Time: 7.31s
  Epoch 6720/12000  |  Loss: 0.001214  (mse 0.00103 acf 0.00003 rgh 0.00016)  |  LR: 8.41e-05  |  Time: 7.30s
  Epoch 6730/12000  |  Loss: 0.001141  (mse 0.00095 acf 0.00003 rgh 0.00016)  |  LR: 8.39e-05  |  Time: 7.30s
  Epoch 6740/12000  |  Loss: 0.001220  (mse 0.00101 acf 0.00003 rgh 0.00017)  |  LR: 8.36e-05  |  Time: 7.29s
  Epoch 6750/12000  |  Loss: 0.001162  (mse 0.00096 acf 0.00003 rgh 0.00017)  |  LR: 8.33e-05  |  Time: 7.29s
  Epoch 6760/12000  |  Loss: 0.001263  (mse 0.00108 acf 0.00003 rgh 0.00015)  |  LR: 8.31e-05  |  Time: 7.31s
  Epoch 6770/12000  |  Loss: 0.001302  (mse 0.00109 acf 0.00004 rgh 0.00018)  |  LR: 8.28e-05  |  Time: 7.29s
  Epoch 6780/12000  |  Loss: 0.001216  (mse 0.00101 acf 0.00004 rgh 0.00017)  |  LR: 8.26e-05  |  Time: 7.29s
  Epoch 6790/12000  |  Loss: 0.001247  (mse 0.00104 acf 0.00003 rgh 0.00017)  |  LR: 8.23e-05  |  Time: 7.28s
  Epoch 6800/12000  |  Loss: 0.001207  (mse 0.00098 acf 0.00003 rgh 0.00020)  |  LR: 8.20e-05  |  Time: 7.29s
  Epoch 6810/12000  |  Loss: 0.001049  (mse 0.00087 acf 0.00003 rgh 0.00015)  |  LR: 8.18e-05  |  Time: 7.30s
  Epoch 6820/12000  |  Loss: 0.001321  (mse 0.00111 acf 0.00003 rgh 0.00018)  |  LR: 8.15e-05  |  Time: 7.29s
  Epoch 6830/12000  |  Loss: 0.001095  (mse 0.00089 acf 0.00003 rgh 0.00017)  |  LR: 8.13e-05  |  Time: 7.29s
  Epoch 6840/12000  |  Loss: 0.001198  (mse 0.00098 acf 0.00003 rgh 0.00018)  |  LR: 8.10e-05  |  Time: 7.28s
  Epoch 6850/12000  |  Loss: 0.001178  (mse 0.00098 acf 0.00003 rgh 0.00016)  |  LR: 8.07e-05  |  Time: 7.30s
  Epoch 6860/12000  |  Loss: 0.001109  (mse 0.00090 acf 0.00003 rgh 0.00017)  |  LR: 8.05e-05  |  Time: 7.29s
  Epoch 6870/12000  |  Loss: 0.001114  (mse 0.00092 acf 0.00003 rgh 0.00016)  |  LR: 8.02e-05  |  Time: 7.29s
  Epoch 6880/12000  |  Loss: 0.001137  (mse 0.00089 acf 0.00003 rgh 0.00021)  |  LR: 8.00e-05  |  Time: 7.29s
  Epoch 6890/12000  |  Loss: 0.001121  (mse 0.00095 acf 0.00003 rgh 0.00014)  |  LR: 7.97e-05  |  Time: 7.31s
  Epoch 6900/12000  |  Loss: 0.001157  (mse 0.00096 acf 0.00003 rgh 0.00016)  |  LR: 7.94e-05  |  Time: 7.30s
  Epoch 6910/12000  |  Loss: 0.001095  (mse 0.00090 acf 0.00003 rgh 0.00017)  |  LR: 7.92e-05  |  Time: 7.34s
  Epoch 6920/12000  |  Loss: 0.001214  (mse 0.00101 acf 0.00003 rgh 0.00018)  |  LR: 7.89e-05  |  Time: 7.30s
  Epoch 6930/12000  |  Loss: 0.001151  (mse 0.00094 acf 0.00003 rgh 0.00018)  |  LR: 7.87e-05  |  Time: 7.34s
  Epoch 6940/12000  |  Loss: 0.001190  (mse 0.00097 acf 0.00003 rgh 0.00019)  |  LR: 7.84e-05  |  Time: 7.32s
  Epoch 6950/12000  |  Loss: 0.001171  (mse 0.00099 acf 0.00003 rgh 0.00015)  |  LR: 7.81e-05  |  Time: 7.34s
  Epoch 6960/12000  |  Loss: 0.001081  (mse 0.00091 acf 0.00003 rgh 0.00014)  |  LR: 7.79e-05  |  Time: 7.30s
  Epoch 6970/12000  |  Loss: 0.001334  (mse 0.00109 acf 0.00003 rgh 0.00021)  |  LR: 7.76e-05  |  Time: 7.30s
  Epoch 6980/12000  |  Loss: 0.001184  (mse 0.00094 acf 0.00003 rgh 0.00021)  |  LR: 7.74e-05  |  Time: 7.30s
  Epoch 6990/12000  |  Loss: 0.001123  (mse 0.00091 acf 0.00003 rgh 0.00018)  |  LR: 7.71e-05  |  Time: 7.33s
  Epoch 7000/12000  |  Loss: 0.001188  (mse 0.00100 acf 0.00003 rgh 0.00016)  |  LR: 7.69e-05  |  Time: 7.30s
  Epoch 7010/12000  |  Loss: 0.001184  (mse 0.00098 acf 0.00003 rgh 0.00017)  |  LR: 7.66e-05  |  Time: 7.35s
  Epoch 7020/12000  |  Loss: 0.001157  (mse 0.00092 acf 0.00003 rgh 0.00020)  |  LR: 7.63e-05  |  Time: 7.30s
  Epoch 7030/12000  |  Loss: 0.001207  (mse 0.00099 acf 0.00003 rgh 0.00019)  |  LR: 7.61e-05  |  Time: 7.33s
  Epoch 7040/12000  |  Loss: 0.001215  (mse 0.00097 acf 0.00003 rgh 0.00022)  |  LR: 7.58e-05  |  Time: 7.34s
  Epoch 7050/12000  |  Loss: 0.001077  (mse 0.00087 acf 0.00003 rgh 0.00017)  |  LR: 7.56e-05  |  Time: 7.36s
  Epoch 7060/12000  |  Loss: 0.001087  (mse 0.00091 acf 0.00003 rgh 0.00014)  |  LR: 7.53e-05  |  Time: 7.31s
  Epoch 7070/12000  |  Loss: 0.001065  (mse 0.00087 acf 0.00003 rgh 0.00016)  |  LR: 7.51e-05  |  Time: 7.37s
  Epoch 7080/12000  |  Loss: 0.001143  (mse 0.00092 acf 0.00003 rgh 0.00019)  |  LR: 7.48e-05  |  Time: 7.38s
  Epoch 7090/12000  |  Loss: 0.001090  (mse 0.00092 acf 0.00003 rgh 0.00014)  |  LR: 7.46e-05  |  Time: 7.38s
  Epoch 7100/12000  |  Loss: 0.001051  (mse 0.00088 acf 0.00003 rgh 0.00014)  |  LR: 7.43e-05  |  Time: 7.26s
  Epoch 7110/12000  |  Loss: 0.001090  (mse 0.00092 acf 0.00003 rgh 0.00014)  |  LR: 7.40e-05  |  Time: 7.37s
  Epoch 7120/12000  |  Loss: 0.001084  (mse 0.00090 acf 0.00003 rgh 0.00015)  |  LR: 7.38e-05  |  Time: 7.36s
  Epoch 7130/12000  |  Loss: 0.001106  (mse 0.00092 acf 0.00003 rgh 0.00016)  |  LR: 7.35e-05  |  Time: 7.33s
  Epoch 7140/12000  |  Loss: 0.001078  (mse 0.00088 acf 0.00003 rgh 0.00017)  |  LR: 7.33e-05  |  Time: 7.35s
  Epoch 7150/12000  |  Loss: 0.001124  (mse 0.00092 acf 0.00003 rgh 0.00017)  |  LR: 7.30e-05  |  Time: 7.35s
  Epoch 7160/12000  |  Loss: 0.001122  (mse 0.00096 acf 0.00003 rgh 0.00013)  |  LR: 7.28e-05  |  Time: 7.36s
  Epoch 7170/12000  |  Loss: 0.001125  (mse 0.00087 acf 0.00003 rgh 0.00022)  |  LR: 7.25e-05  |  Time: 7.37s
  Epoch 7180/12000  |  Loss: 0.001171  (mse 0.00101 acf 0.00003 rgh 0.00013)  |  LR: 7.23e-05  |  Time: 7.38s
  Epoch 7190/12000  |  Loss: 0.001096  (mse 0.00093 acf 0.00003 rgh 0.00014)  |  LR: 7.20e-05  |  Time: 7.37s
  Epoch 7200/12000  |  Loss: 0.001090  (mse 0.00092 acf 0.00003 rgh 0.00014)  |  LR: 7.17e-05  |  Time: 7.37s
  Epoch 7210/12000  |  Loss: 0.001082  (mse 0.00092 acf 0.00003 rgh 0.00014)  |  LR: 7.15e-05  |  Time: 7.37s
  Epoch 7220/12000  |  Loss: 0.001072  (mse 0.00092 acf 0.00003 rgh 0.00013)  |  LR: 7.12e-05  |  Time: 7.41s
  Epoch 7230/12000  |  Loss: 0.001103  (mse 0.00094 acf 0.00003 rgh 0.00013)  |  LR: 7.10e-05  |  Time: 7.48s
  Epoch 7240/12000  |  Loss: 0.001078  (mse 0.00087 acf 0.00003 rgh 0.00018)  |  LR: 7.07e-05  |  Time: 7.36s
  Epoch 7250/12000  |  Loss: 0.001110  (mse 0.00092 acf 0.00003 rgh 0.00016)  |  LR: 7.05e-05  |  Time: 7.45s
  Epoch 7260/12000  |  Loss: 0.001087  (mse 0.00091 acf 0.00003 rgh 0.00015)  |  LR: 7.02e-05  |  Time: 7.46s
  Epoch 7270/12000  |  Loss: 0.001046  (mse 0.00088 acf 0.00003 rgh 0.00014)  |  LR: 7.00e-05  |  Time: 7.29s
  Epoch 7280/12000  |  Loss: 0.001089  (mse 0.00091 acf 0.00003 rgh 0.00015)  |  LR: 6.97e-05  |  Time: 7.43s
  Epoch 7290/12000  |  Loss: 0.001013  (mse 0.00085 acf 0.00003 rgh 0.00013)  |  LR: 6.95e-05  |  Time: 7.36s
  Epoch 7300/12000  |  Loss: 0.001144  (mse 0.00096 acf 0.00003 rgh 0.00015)  |  LR: 6.92e-05  |  Time: 7.34s
  Epoch 7310/12000  |  Loss: 0.000993  (mse 0.00083 acf 0.00003 rgh 0.00013)  |  LR: 6.90e-05  |  Time: 7.31s
  Epoch 7320/12000  |  Loss: 0.001086  (mse 0.00091 acf 0.00003 rgh 0.00015)  |  LR: 6.87e-05  |  Time: 7.24s
  Epoch 7330/12000  |  Loss: 0.001014  (mse 0.00085 acf 0.00003 rgh 0.00013)  |  LR: 6.85e-05  |  Time: 7.36s
  Epoch 7340/12000  |  Loss: 0.001003  (mse 0.00083 acf 0.00003 rgh 0.00014)  |  LR: 6.82e-05  |  Time: 7.41s
  Epoch 7350/12000  |  Loss: 0.001095  (mse 0.00089 acf 0.00003 rgh 0.00018)  |  LR: 6.80e-05  |  Time: 7.42s
  Epoch 7360/12000  |  Loss: 0.001066  (mse 0.00089 acf 0.00003 rgh 0.00015)  |  LR: 6.77e-05  |  Time: 7.37s
  Epoch 7370/12000  |  Loss: 0.001150  (mse 0.00092 acf 0.00003 rgh 0.00020)  |  LR: 6.75e-05  |  Time: 7.40s
  Epoch 7380/12000  |  Loss: 0.001079  (mse 0.00090 acf 0.00003 rgh 0.00015)  |  LR: 6.72e-05  |  Time: 7.39s
  Epoch 7390/12000  |  Loss: 0.001084  (mse 0.00089 acf 0.00003 rgh 0.00017)  |  LR: 6.70e-05  |  Time: 7.41s
  Epoch 7400/12000  |  Loss: 0.001099  (mse 0.00094 acf 0.00003 rgh 0.00013)  |  LR: 6.67e-05  |  Time: 7.41s
  Epoch 7410/12000  |  Loss: 0.001055  (mse 0.00090 acf 0.00003 rgh 0.00013)  |  LR: 6.65e-05  |  Time: 7.40s
  Epoch 7420/12000  |  Loss: 0.000976  (mse 0.00081 acf 0.00003 rgh 0.00014)  |  LR: 6.62e-05  |  Time: 7.42s
  Epoch 7430/12000  |  Loss: 0.001081  (mse 0.00090 acf 0.00003 rgh 0.00015)  |  LR: 6.60e-05  |  Time: 7.42s
  Epoch 7440/12000  |  Loss: 0.001067  (mse 0.00091 acf 0.00003 rgh 0.00013)  |  LR: 6.57e-05  |  Time: 7.49s
  Epoch 7450/12000  |  Loss: 0.001000  (mse 0.00084 acf 0.00003 rgh 0.00013)  |  LR: 6.55e-05  |  Time: 7.39s
  Epoch 7460/12000  |  Loss: 0.001052  (mse 0.00086 acf 0.00003 rgh 0.00016)  |  LR: 6.52e-05  |  Time: 7.41s
  Epoch 7470/12000  |  Loss: 0.001024  (mse 0.00082 acf 0.00003 rgh 0.00017)  |  LR: 6.50e-05  |  Time: 7.40s
  Epoch 7480/12000  |  Loss: 0.001012  (mse 0.00085 acf 0.00003 rgh 0.00014)  |  LR: 6.47e-05  |  Time: 7.31s
  Epoch 7490/12000  |  Loss: 0.001079  (mse 0.00090 acf 0.00003 rgh 0.00016)  |  LR: 6.45e-05  |  Time: 7.41s
  Epoch 7500/12000  |  Loss: 0.001045  (mse 0.00088 acf 0.00003 rgh 0.00014)  |  LR: 6.42e-05  |  Time: 7.37s
  Epoch 7510/12000  |  Loss: 0.001024  (mse 0.00086 acf 0.00003 rgh 0.00014)  |  LR: 6.40e-05  |  Time: 7.40s
  Epoch 7520/12000  |  Loss: 0.000966  (mse 0.00082 acf 0.00003 rgh 0.00012)  |  LR: 6.37e-05  |  Time: 7.32s
  Epoch 7530/12000  |  Loss: 0.001063  (mse 0.00090 acf 0.00003 rgh 0.00013)  |  LR: 6.35e-05  |  Time: 7.31s
  Epoch 7540/12000  |  Loss: 0.000986  (mse 0.00082 acf 0.00003 rgh 0.00013)  |  LR: 6.33e-05  |  Time: 7.32s
  Epoch 7550/12000  |  Loss: 0.001046  (mse 0.00088 acf 0.00003 rgh 0.00013)  |  LR: 6.30e-05  |  Time: 7.35s
  Epoch 7560/12000  |  Loss: 0.000989  (mse 0.00081 acf 0.00003 rgh 0.00015)  |  LR: 6.28e-05  |  Time: 7.40s
  Epoch 7570/12000  |  Loss: 0.000935  (mse 0.00080 acf 0.00003 rgh 0.00011)  |  LR: 6.25e-05  |  Time: 7.38s
  Epoch 7580/12000  |  Loss: 0.000989  (mse 0.00084 acf 0.00003 rgh 0.00013)  |  LR: 6.23e-05  |  Time: 7.41s
  Epoch 7590/12000  |  Loss: 0.000965  (mse 0.00079 acf 0.00003 rgh 0.00014)  |  LR: 6.20e-05  |  Time: 7.32s
  Epoch 7600/12000  |  Loss: 0.000989  (mse 0.00082 acf 0.00003 rgh 0.00014)  |  LR: 6.18e-05  |  Time: 7.31s
  Epoch 7610/12000  |  Loss: 0.001102  (mse 0.00094 acf 0.00003 rgh 0.00014)  |  LR: 6.15e-05  |  Time: 7.40s
  Epoch 7620/12000  |  Loss: 0.001085  (mse 0.00091 acf 0.00003 rgh 0.00015)  |  LR: 6.13e-05  |  Time: 7.34s
  Epoch 7630/12000  |  Loss: 0.000985  (mse 0.00084 acf 0.00003 rgh 0.00012)  |  LR: 6.11e-05  |  Time: 7.41s
  Epoch 7640/12000  |  Loss: 0.001005  (mse 0.00084 acf 0.00003 rgh 0.00013)  |  LR: 6.08e-05  |  Time: 7.47s
  Epoch 7650/12000  |  Loss: 0.000984  (mse 0.00082 acf 0.00003 rgh 0.00013)  |  LR: 6.06e-05  |  Time: 7.41s
  Epoch 7660/12000  |  Loss: 0.000934  (mse 0.00080 acf 0.00003 rgh 0.00011)  |  LR: 6.03e-05  |  Time: 7.48s
  Epoch 7670/12000  |  Loss: 0.001068  (mse 0.00088 acf 0.00003 rgh 0.00016)  |  LR: 6.01e-05  |  Time: 7.45s
  Epoch 7680/12000  |  Loss: 0.001047  (mse 0.00088 acf 0.00003 rgh 0.00014)  |  LR: 5.98e-05  |  Time: 7.46s
  Epoch 7690/12000  |  Loss: 0.001088  (mse 0.00092 acf 0.00003 rgh 0.00014)  |  LR: 5.96e-05  |  Time: 7.42s
  Epoch 7700/12000  |  Loss: 0.001035  (mse 0.00089 acf 0.00003 rgh 0.00012)  |  LR: 5.94e-05  |  Time: 7.43s
  Epoch 7710/12000  |  Loss: 0.000986  (mse 0.00083 acf 0.00003 rgh 0.00013)  |  LR: 5.91e-05  |  Time: 7.53s
  Epoch 7720/12000  |  Loss: 0.001038  (mse 0.00086 acf 0.00003 rgh 0.00015)  |  LR: 5.89e-05  |  Time: 7.43s
  Epoch 7730/12000  |  Loss: 0.000959  (mse 0.00082 acf 0.00003 rgh 0.00012)  |  LR: 5.86e-05  |  Time: 7.42s
  Epoch 7740/12000  |  Loss: 0.001001  (mse 0.00085 acf 0.00003 rgh 0.00012)  |  LR: 5.84e-05  |  Time: 7.41s
  Epoch 7750/12000  |  Loss: 0.000957  (mse 0.00079 acf 0.00003 rgh 0.00014)  |  LR: 5.82e-05  |  Time: 7.38s
  Epoch 7760/12000  |  Loss: 0.000967  (mse 0.00082 acf 0.00003 rgh 0.00012)  |  LR: 5.79e-05  |  Time: 7.43s
  Epoch 7770/12000  |  Loss: 0.000956  (mse 0.00080 acf 0.00002 rgh 0.00013)  |  LR: 5.77e-05  |  Time: 7.40s
  Epoch 7780/12000  |  Loss: 0.000980  (mse 0.00080 acf 0.00003 rgh 0.00015)  |  LR: 5.74e-05  |  Time: 7.45s
  Epoch 7790/12000  |  Loss: 0.000930  (mse 0.00079 acf 0.00003 rgh 0.00012)  |  LR: 5.72e-05  |  Time: 7.43s
  Epoch 7800/12000  |  Loss: 0.000928  (mse 0.00079 acf 0.00002 rgh 0.00011)  |  LR: 5.70e-05  |  Time: 7.35s
  Epoch 7810/12000  |  Loss: 0.000955  (mse 0.00081 acf 0.00003 rgh 0.00012)  |  LR: 5.67e-05  |  Time: 7.41s
  Epoch 7820/12000  |  Loss: 0.000961  (mse 0.00081 acf 0.00003 rgh 0.00012)  |  LR: 5.65e-05  |  Time: 7.44s
  Epoch 7830/12000  |  Loss: 0.000939  (mse 0.00081 acf 0.00003 rgh 0.00010)  |  LR: 5.63e-05  |  Time: 7.38s
  Epoch 7840/12000  |  Loss: 0.000969  (mse 0.00082 acf 0.00002 rgh 0.00013)  |  LR: 5.60e-05  |  Time: 7.43s
  Epoch 7850/12000  |  Loss: 0.000976  (mse 0.00083 acf 0.00002 rgh 0.00012)  |  LR: 5.58e-05  |  Time: 7.50s
  Epoch 7860/12000  |  Loss: 0.000918  (mse 0.00078 acf 0.00003 rgh 0.00012)  |  LR: 5.55e-05  |  Time: 7.41s
  Epoch 7870/12000  |  Loss: 0.000926  (mse 0.00078 acf 0.00003 rgh 0.00012)  |  LR: 5.53e-05  |  Time: 7.38s
  Epoch 7880/12000  |  Loss: 0.000916  (mse 0.00075 acf 0.00003 rgh 0.00014)  |  LR: 5.51e-05  |  Time: 7.37s
  Epoch 7890/12000  |  Loss: 0.000890  (mse 0.00076 acf 0.00002 rgh 0.00011)  |  LR: 5.48e-05  |  Time: 7.40s
  Epoch 7900/12000  |  Loss: 0.000955  (mse 0.00081 acf 0.00003 rgh 0.00012)  |  LR: 5.46e-05  |  Time: 7.35s
  Epoch 7910/12000  |  Loss: 0.000939  (mse 0.00080 acf 0.00003 rgh 0.00011)  |  LR: 5.44e-05  |  Time: 7.44s
  Epoch 7920/12000  |  Loss: 0.000978  (mse 0.00083 acf 0.00002 rgh 0.00013)  |  LR: 5.41e-05  |  Time: 7.34s
  Epoch 7930/12000  |  Loss: 0.000967  (mse 0.00081 acf 0.00003 rgh 0.00013)  |  LR: 5.39e-05  |  Time: 7.42s
  Epoch 7940/12000  |  Loss: 0.001056  (mse 0.00090 acf 0.00003 rgh 0.00013)  |  LR: 5.37e-05  |  Time: 7.38s
  Epoch 7950/12000  |  Loss: 0.000919  (mse 0.00078 acf 0.00002 rgh 0.00011)  |  LR: 5.34e-05  |  Time: 7.40s
  Epoch 7960/12000  |  Loss: 0.000897  (mse 0.00074 acf 0.00002 rgh 0.00013)  |  LR: 5.32e-05  |  Time: 7.38s
  Epoch 7970/12000  |  Loss: 0.001013  (mse 0.00087 acf 0.00003 rgh 0.00011)  |  LR: 5.30e-05  |  Time: 7.36s
  Epoch 7980/12000  |  Loss: 0.000956  (mse 0.00081 acf 0.00002 rgh 0.00012)  |  LR: 5.27e-05  |  Time: 7.32s
  Epoch 7990/12000  |  Loss: 0.001007  (mse 0.00084 acf 0.00003 rgh 0.00014)  |  LR: 5.25e-05  |  Time: 7.46s
[Utils] Checkpoint saved: /home/u00134/src/logs/deep_v10_dit_b/checkpoint_epoch_7999.pt
  Epoch 8000/12000  |  Loss: 0.000971  (mse 0.00082 acf 0.00003 rgh 0.00012)  |  LR: 5.23e-05  |  Time: 7.37s
  Epoch 8010/12000  |  Loss: 0.001007  (mse 0.00085 acf 0.00002 rgh 0.00013)  |  LR: 5.20e-05  |  Time: 7.41s
  Epoch 8020/12000  |  Loss: 0.000973  (mse 0.00083 acf 0.00002 rgh 0.00012)  |  LR: 5.18e-05  |  Time: 7.36s
  Epoch 8030/12000  |  Loss: 0.000826  (mse 0.00069 acf 0.00002 rgh 0.00011)  |  LR: 5.16e-05  |  Time: 7.31s
  Epoch 8040/12000  |  Loss: 0.000969  (mse 0.00083 acf 0.00002 rgh 0.00012)  |  LR: 5.13e-05  |  Time: 7.44s
  Epoch 8050/12000  |  Loss: 0.001025  (mse 0.00085 acf 0.00002 rgh 0.00015)  |  LR: 5.11e-05  |  Time: 7.41s
  Epoch 8060/12000  |  Loss: 0.000823  (mse 0.00068 acf 0.00002 rgh 0.00012)  |  LR: 5.09e-05  |  Time: 7.38s
  Epoch 8070/12000  |  Loss: 0.000969  (mse 0.00081 acf 0.00002 rgh 0.00014)  |  LR: 5.07e-05  |  Time: 7.32s
  Epoch 8080/12000  |  Loss: 0.000974  (mse 0.00083 acf 0.00002 rgh 0.00012)  |  LR: 5.04e-05  |  Time: 7.51s
  Epoch 8090/12000  |  Loss: 0.000915  (mse 0.00078 acf 0.00002 rgh 0.00011)  |  LR: 5.02e-05  |  Time: 7.41s
  Epoch 8100/12000  |  Loss: 0.000916  (mse 0.00078 acf 0.00002 rgh 0.00011)  |  LR: 5.00e-05  |  Time: 7.38s
  Epoch 8110/12000  |  Loss: 0.000913  (mse 0.00077 acf 0.00002 rgh 0.00012)  |  LR: 4.97e-05  |  Time: 7.30s
  Epoch 8120/12000  |  Loss: 0.000882  (mse 0.00074 acf 0.00002 rgh 0.00012)  |  LR: 4.95e-05  |  Time: 7.40s
  Epoch 8130/12000  |  Loss: 0.000945  (mse 0.00079 acf 0.00002 rgh 0.00014)  |  LR: 4.93e-05  |  Time: 7.37s
  Epoch 8140/12000  |  Loss: 0.000924  (mse 0.00080 acf 0.00002 rgh 0.00010)  |  LR: 4.91e-05  |  Time: 7.40s
  Epoch 8150/12000  |  Loss: 0.000859  (mse 0.00072 acf 0.00002 rgh 0.00012)  |  LR: 4.88e-05  |  Time: 7.39s
  Epoch 8160/12000  |  Loss: 0.000909  (mse 0.00078 acf 0.00002 rgh 0.00011)  |  LR: 4.86e-05  |  Time: 7.41s
  Epoch 8170/12000  |  Loss: 0.000877  (mse 0.00075 acf 0.00002 rgh 0.00011)  |  LR: 4.84e-05  |  Time: 7.39s
  Epoch 8180/12000  |  Loss: 0.000914  (mse 0.00079 acf 0.00002 rgh 0.00010)  |  LR: 4.82e-05  |  Time: 7.46s
  Epoch 8190/12000  |  Loss: 0.000840  (mse 0.00070 acf 0.00002 rgh 0.00011)  |  LR: 4.79e-05  |  Time: 7.38s
  Epoch 8200/12000  |  Loss: 0.000905  (mse 0.00078 acf 0.00002 rgh 0.00010)  |  LR: 4.77e-05  |  Time: 7.35s
  Epoch 8210/12000  |  Loss: 0.000856  (mse 0.00074 acf 0.00002 rgh 0.00010)  |  LR: 4.75e-05  |  Time: 7.44s
  Epoch 8220/12000  |  Loss: 0.000890  (mse 0.00077 acf 0.00002 rgh 0.00010)  |  LR: 4.73e-05  |  Time: 7.44s
  Epoch 8230/12000  |  Loss: 0.000879  (mse 0.00073 acf 0.00002 rgh 0.00013)  |  LR: 4.70e-05  |  Time: 7.41s
  Epoch 8240/12000  |  Loss: 0.000903  (mse 0.00079 acf 0.00002 rgh 0.00009)  |  LR: 4.68e-05  |  Time: 7.39s
  Epoch 8250/12000  |  Loss: 0.001009  (mse 0.00089 acf 0.00002 rgh 0.00010)  |  LR: 4.66e-05  |  Time: 7.38s
  Epoch 8260/12000  |  Loss: 0.000858  (mse 0.00074 acf 0.00002 rgh 0.00010)  |  LR: 4.64e-05  |  Time: 7.35s
  Epoch 8270/12000  |  Loss: 0.000803  (mse 0.00070 acf 0.00002 rgh 0.00008)  |  LR: 4.61e-05  |  Time: 7.37s
  Epoch 8280/12000  |  Loss: 0.000871  (mse 0.00074 acf 0.00002 rgh 0.00011)  |  LR: 4.59e-05  |  Time: 7.31s
  Epoch 8290/12000  |  Loss: 0.000906  (mse 0.00077 acf 0.00002 rgh 0.00012)  |  LR: 4.57e-05  |  Time: 7.34s
  Epoch 8300/12000  |  Loss: 0.000838  (mse 0.00071 acf 0.00002 rgh 0.00011)  |  LR: 4.55e-05  |  Time: 7.36s
  Epoch 8310/12000  |  Loss: 0.000837  (mse 0.00072 acf 0.00002 rgh 0.00010)  |  LR: 4.53e-05  |  Time: 7.34s
  Epoch 8320/12000  |  Loss: 0.000862  (mse 0.00074 acf 0.00002 rgh 0.00010)  |  LR: 4.50e-05  |  Time: 7.36s
  Epoch 8330/12000  |  Loss: 0.000888  (mse 0.00077 acf 0.00002 rgh 0.00010)  |  LR: 4.48e-05  |  Time: 7.37s
  Epoch 8340/12000  |  Loss: 0.000818  (mse 0.00070 acf 0.00002 rgh 0.00010)  |  LR: 4.46e-05  |  Time: 7.39s
  Epoch 8350/12000  |  Loss: 0.000837  (mse 0.00071 acf 0.00002 rgh 0.00010)  |  LR: 4.44e-05  |  Time: 7.34s
  Epoch 8360/12000  |  Loss: 0.000889  (mse 0.00076 acf 0.00002 rgh 0.00010)  |  LR: 4.42e-05  |  Time: 7.37s
  Epoch 8370/12000  |  Loss: 0.000831  (mse 0.00071 acf 0.00002 rgh 0.00010)  |  LR: 4.39e-05  |  Time: 7.33s
  Epoch 8380/12000  |  Loss: 0.000815  (mse 0.00070 acf 0.00002 rgh 0.00009)  |  LR: 4.37e-05  |  Time: 7.43s
  Epoch 8390/12000  |  Loss: 0.000868  (mse 0.00077 acf 0.00002 rgh 0.00008)  |  LR: 4.35e-05  |  Time: 7.44s
  Epoch 8400/12000  |  Loss: 0.000886  (mse 0.00077 acf 0.00002 rgh 0.00010)  |  LR: 4.33e-05  |  Time: 7.33s
  Epoch 8410/12000  |  Loss: 0.000940  (mse 0.00082 acf 0.00002 rgh 0.00010)  |  LR: 4.31e-05  |  Time: 7.45s
  Epoch 8420/12000  |  Loss: 0.000799  (mse 0.00069 acf 0.00002 rgh 0.00009)  |  LR: 4.29e-05  |  Time: 7.42s
  Epoch 8430/12000  |  Loss: 0.000915  (mse 0.00080 acf 0.00002 rgh 0.00010)  |  LR: 4.26e-05  |  Time: 7.39s
  Epoch 8440/12000  |  Loss: 0.000813  (mse 0.00069 acf 0.00002 rgh 0.00010)  |  LR: 4.24e-05  |  Time: 7.39s
  Epoch 8450/12000  |  Loss: 0.000775  (mse 0.00066 acf 0.00002 rgh 0.00009)  |  LR: 4.22e-05  |  Time: 7.36s
  Epoch 8460/12000  |  Loss: 0.000819  (mse 0.00069 acf 0.00002 rgh 0.00010)  |  LR: 4.20e-05  |  Time: 7.40s
  Epoch 8470/12000  |  Loss: 0.000859  (mse 0.00074 acf 0.00002 rgh 0.00009)  |  LR: 4.18e-05  |  Time: 7.40s
  Epoch 8480/12000  |  Loss: 0.000857  (mse 0.00075 acf 0.00002 rgh 0.00009)  |  LR: 4.16e-05  |  Time: 7.44s
  Epoch 8490/12000  |  Loss: 0.000797  (mse 0.00068 acf 0.00002 rgh 0.00010)  |  LR: 4.14e-05  |  Time: 7.43s
  Epoch 8500/12000  |  Loss: 0.000875  (mse 0.00074 acf 0.00002 rgh 0.00011)  |  LR: 4.11e-05  |  Time: 7.33s
  Epoch 8510/12000  |  Loss: 0.000864  (mse 0.00076 acf 0.00002 rgh 0.00009)  |  LR: 4.09e-05  |  Time: 7.35s
  Epoch 8520/12000  |  Loss: 0.000758  (mse 0.00066 acf 0.00002 rgh 0.00008)  |  LR: 4.07e-05  |  Time: 7.35s
  Epoch 8530/12000  |  Loss: 0.000759  (mse 0.00065 acf 0.00002 rgh 0.00009)  |  LR: 4.05e-05  |  Time: 7.34s
  Epoch 8540/12000  |  Loss: 0.000814  (mse 0.00070 acf 0.00002 rgh 0.00010)  |  LR: 4.03e-05  |  Time: 7.34s
  Epoch 8550/12000  |  Loss: 0.000781  (mse 0.00068 acf 0.00002 rgh 0.00008)  |  LR: 4.01e-05  |  Time: 7.39s
  Epoch 8560/12000  |  Loss: 0.000867  (mse 0.00076 acf 0.00002 rgh 0.00009)  |  LR: 3.99e-05  |  Time: 7.37s
  Epoch 8570/12000  |  Loss: 0.000766  (mse 0.00066 acf 0.00002 rgh 0.00009)  |  LR: 3.97e-05  |  Time: 7.43s
  Epoch 8580/12000  |  Loss: 0.000858  (mse 0.00074 acf 0.00002 rgh 0.00009)  |  LR: 3.95e-05  |  Time: 7.43s
  Epoch 8590/12000  |  Loss: 0.000839  (mse 0.00072 acf 0.00002 rgh 0.00009)  |  LR: 3.92e-05  |  Time: 7.45s
  Epoch 8600/12000  |  Loss: 0.000822  (mse 0.00070 acf 0.00002 rgh 0.00010)  |  LR: 3.90e-05  |  Time: 7.44s
  Epoch 8610/12000  |  Loss: 0.000796  (mse 0.00068 acf 0.00002 rgh 0.00010)  |  LR: 3.88e-05  |  Time: 7.43s
  Epoch 8620/12000  |  Loss: 0.000866  (mse 0.00076 acf 0.00002 rgh 0.00009)  |  LR: 3.86e-05  |  Time: 7.45s
  Epoch 8630/12000  |  Loss: 0.000767  (mse 0.00066 acf 0.00002 rgh 0.00009)  |  LR: 3.84e-05  |  Time: 7.38s
  Epoch 8640/12000  |  Loss: 0.000748  (mse 0.00064 acf 0.00002 rgh 0.00009)  |  LR: 3.82e-05  |  Time: 7.46s
  Epoch 8650/12000  |  Loss: 0.000888  (mse 0.00077 acf 0.00002 rgh 0.00010)  |  LR: 3.80e-05  |  Time: 7.42s
  Epoch 8660/12000  |  Loss: 0.000770  (mse 0.00067 acf 0.00002 rgh 0.00008)  |  LR: 3.78e-05  |  Time: 7.42s
  Epoch 8670/12000  |  Loss: 0.000847  (mse 0.00075 acf 0.00002 rgh 0.00008)  |  LR: 3.76e-05  |  Time: 7.43s
  Epoch 8680/12000  |  Loss: 0.000840  (mse 0.00073 acf 0.00002 rgh 0.00009)  |  LR: 3.74e-05  |  Time: 7.36s
  Epoch 8690/12000  |  Loss: 0.000807  (mse 0.00070 acf 0.00002 rgh 0.00009)  |  LR: 3.72e-05  |  Time: 7.44s
  Epoch 8700/12000  |  Loss: 0.000876  (mse 0.00077 acf 0.00002 rgh 0.00008)  |  LR: 3.70e-05  |  Time: 7.36s
  Epoch 8710/12000  |  Loss: 0.000813  (mse 0.00071 acf 0.00002 rgh 0.00008)  |  LR: 3.68e-05  |  Time: 7.34s
  Epoch 8720/12000  |  Loss: 0.000863  (mse 0.00075 acf 0.00002 rgh 0.00009)  |  LR: 3.66e-05  |  Time: 7.47s
  Epoch 8730/12000  |  Loss: 0.000857  (mse 0.00075 acf 0.00002 rgh 0.00009)  |  LR: 3.64e-05  |  Time: 7.36s
  Epoch 8740/12000  |  Loss: 0.000749  (mse 0.00064 acf 0.00002 rgh 0.00009)  |  LR: 3.62e-05  |  Time: 7.38s
  Epoch 8750/12000  |  Loss: 0.000837  (mse 0.00073 acf 0.00002 rgh 0.00009)  |  LR: 3.60e-05  |  Time: 7.41s
  Epoch 8760/12000  |  Loss: 0.000788  (mse 0.00068 acf 0.00002 rgh 0.00009)  |  LR: 3.58e-05  |  Time: 7.32s
  Epoch 8770/12000  |  Loss: 0.000823  (mse 0.00072 acf 0.00002 rgh 0.00009)  |  LR: 3.56e-05  |  Time: 7.29s
  Epoch 8780/12000  |  Loss: 0.000774  (mse 0.00066 acf 0.00002 rgh 0.00009)  |  LR: 3.54e-05  |  Time: 7.45s
  Epoch 8790/12000  |  Loss: 0.000809  (mse 0.00069 acf 0.00002 rgh 0.00010)  |  LR: 3.52e-05  |  Time: 7.41s
  Epoch 8800/12000  |  Loss: 0.000812  (mse 0.00071 acf 0.00002 rgh 0.00009)  |  LR: 3.50e-05  |  Time: 7.42s
  Epoch 8810/12000  |  Loss: 0.000743  (mse 0.00065 acf 0.00002 rgh 0.00008)  |  LR: 3.48e-05  |  Time: 7.28s
  Epoch 8820/12000  |  Loss: 0.000817  (mse 0.00071 acf 0.00002 rgh 0.00009)  |  LR: 3.46e-05  |  Time: 7.31s
  Epoch 8830/12000  |  Loss: 0.000805  (mse 0.00071 acf 0.00002 rgh 0.00008)  |  LR: 3.44e-05  |  Time: 7.45s
  Epoch 8840/12000  |  Loss: 0.000795  (mse 0.00070 acf 0.00002 rgh 0.00008)  |  LR: 3.42e-05  |  Time: 7.41s
  Epoch 8850/12000  |  Loss: 0.000788  (mse 0.00069 acf 0.00002 rgh 0.00008)  |  LR: 3.40e-05  |  Time: 7.31s
  Epoch 8860/12000  |  Loss: 0.000717  (mse 0.00062 acf 0.00002 rgh 0.00008)  |  LR: 3.38e-05  |  Time: 7.33s
  Epoch 8870/12000  |  Loss: 0.000813  (mse 0.00071 acf 0.00002 rgh 0.00008)  |  LR: 3.36e-05  |  Time: 7.32s
  Epoch 8880/12000  |  Loss: 0.000730  (mse 0.00065 acf 0.00002 rgh 0.00007)  |  LR: 3.34e-05  |  Time: 7.34s
  Epoch 8890/12000  |  Loss: 0.000765  (mse 0.00067 acf 0.00002 rgh 0.00008)  |  LR: 3.32e-05  |  Time: 7.31s
  Epoch 8900/12000  |  Loss: 0.000825  (mse 0.00073 acf 0.00002 rgh 0.00008)  |  LR: 3.30e-05  |  Time: 7.33s
  Epoch 8910/12000  |  Loss: 0.000834  (mse 0.00073 acf 0.00002 rgh 0.00009)  |  LR: 3.28e-05  |  Time: 7.30s
  Epoch 8920/12000  |  Loss: 0.000770  (mse 0.00068 acf 0.00002 rgh 0.00008)  |  LR: 3.26e-05  |  Time: 7.26s
  Epoch 8930/12000  |  Loss: 0.000732  (mse 0.00063 acf 0.00002 rgh 0.00008)  |  LR: 3.24e-05  |  Time: 7.25s
  Epoch 8940/12000  |  Loss: 0.000715  (mse 0.00063 acf 0.00002 rgh 0.00007)  |  LR: 3.22e-05  |  Time: 7.29s
  Epoch 8950/12000  |  Loss: 0.000843  (mse 0.00073 acf 0.00002 rgh 0.00009)  |  LR: 3.20e-05  |  Time: 7.30s
  Epoch 8960/12000  |  Loss: 0.000784  (mse 0.00070 acf 0.00002 rgh 0.00007)  |  LR: 3.18e-05  |  Time: 7.27s
  Epoch 8970/12000  |  Loss: 0.000799  (mse 0.00068 acf 0.00002 rgh 0.00010)  |  LR: 3.16e-05  |  Time: 7.25s
  Epoch 8980/12000  |  Loss: 0.000860  (mse 0.00075 acf 0.00002 rgh 0.00009)  |  LR: 3.14e-05  |  Time: 7.28s
  Epoch 8990/12000  |  Loss: 0.000815  (mse 0.00072 acf 0.00002 rgh 0.00008)  |  LR: 3.13e-05  |  Time: 7.28s
  Epoch 9000/12000  |  Loss: 0.000706  (mse 0.00062 acf 0.00002 rgh 0.00007)  |  LR: 3.11e-05  |  Time: 7.29s
  Epoch 9010/12000  |  Loss: 0.000834  (mse 0.00074 acf 0.00002 rgh 0.00008)  |  LR: 3.09e-05  |  Time: 7.27s
  Epoch 9020/12000  |  Loss: 0.000796  (mse 0.00071 acf 0.00002 rgh 0.00007)  |  LR: 3.07e-05  |  Time: 7.27s
  Epoch 9030/12000  |  Loss: 0.000782  (mse 0.00069 acf 0.00002 rgh 0.00007)  |  LR: 3.05e-05  |  Time: 7.26s
  Epoch 9040/12000  |  Loss: 0.000713  (mse 0.00062 acf 0.00002 rgh 0.00007)  |  LR: 3.03e-05  |  Time: 7.29s
  Epoch 9050/12000  |  Loss: 0.000717  (mse 0.00064 acf 0.00002 rgh 0.00006)  |  LR: 3.01e-05  |  Time: 7.30s
  Epoch 9060/12000  |  Loss: 0.000766  (mse 0.00068 acf 0.00002 rgh 0.00007)  |  LR: 2.99e-05  |  Time: 7.29s
  Epoch 9070/12000  |  Loss: 0.000805  (mse 0.00072 acf 0.00002 rgh 0.00007)  |  LR: 2.98e-05  |  Time: 7.26s
  Epoch 9080/12000  |  Loss: 0.000719  (mse 0.00063 acf 0.00002 rgh 0.00007)  |  LR: 2.96e-05  |  Time: 7.31s
  Epoch 9090/12000  |  Loss: 0.000807  (mse 0.00071 acf 0.00002 rgh 0.00008)  |  LR: 2.94e-05  |  Time: 7.26s
  Epoch 9100/12000  |  Loss: 0.000796  (mse 0.00071 acf 0.00002 rgh 0.00007)  |  LR: 2.92e-05  |  Time: 7.28s
  Epoch 9110/12000  |  Loss: 0.000762  (mse 0.00066 acf 0.00002 rgh 0.00008)  |  LR: 2.90e-05  |  Time: 7.19s
  Epoch 9120/12000  |  Loss: 0.000721  (mse 0.00064 acf 0.00002 rgh 0.00007)  |  LR: 2.88e-05  |  Time: 7.29s
  Epoch 9130/12000  |  Loss: 0.000726  (mse 0.00063 acf 0.00002 rgh 0.00008)  |  LR: 2.86e-05  |  Time: 7.29s
  Epoch 9140/12000  |  Loss: 0.000794  (mse 0.00071 acf 0.00002 rgh 0.00007)  |  LR: 2.85e-05  |  Time: 7.27s
  Epoch 9150/12000  |  Loss: 0.000681  (mse 0.00060 acf 0.00001 rgh 0.00007)  |  LR: 2.83e-05  |  Time: 7.25s
  Epoch 9160/12000  |  Loss: 0.000723  (mse 0.00063 acf 0.00002 rgh 0.00008)  |  LR: 2.81e-05  |  Time: 7.26s
  Epoch 9170/12000  |  Loss: 0.000738  (mse 0.00065 acf 0.00002 rgh 0.00007)  |  LR: 2.79e-05  |  Time: 7.26s
  Epoch 9180/12000  |  Loss: 0.000737  (mse 0.00065 acf 0.00002 rgh 0.00007)  |  LR: 2.77e-05  |  Time: 7.26s
  Epoch 9190/12000  |  Loss: 0.000758  (mse 0.00068 acf 0.00002 rgh 0.00006)  |  LR: 2.76e-05  |  Time: 7.31s
  Epoch 9200/12000  |  Loss: 0.000743  (mse 0.00067 acf 0.00001 rgh 0.00006)  |  LR: 2.74e-05  |  Time: 7.32s
  Epoch 9210/12000  |  Loss: 0.000754  (mse 0.00064 acf 0.00002 rgh 0.00010)  |  LR: 2.72e-05  |  Time: 7.32s
  Epoch 9220/12000  |  Loss: 0.000804  (mse 0.00073 acf 0.00001 rgh 0.00006)  |  LR: 2.70e-05  |  Time: 7.33s
  Epoch 9230/12000  |  Loss: 0.000826  (mse 0.00075 acf 0.00002 rgh 0.00006)  |  LR: 2.68e-05  |  Time: 7.31s
  Epoch 9240/12000  |  Loss: 0.000661  (mse 0.00059 acf 0.00001 rgh 0.00006)  |  LR: 2.67e-05  |  Time: 7.20s
  Epoch 9250/12000  |  Loss: 0.000780  (mse 0.00070 acf 0.00002 rgh 0.00006)  |  LR: 2.65e-05  |  Time: 7.34s
  Epoch 9260/12000  |  Loss: 0.000679  (mse 0.00060 acf 0.00001 rgh 0.00006)  |  LR: 2.63e-05  |  Time: 7.34s
  Epoch 9270/12000  |  Loss: 0.000740  (mse 0.00067 acf 0.00001 rgh 0.00006)  |  LR: 2.61e-05  |  Time: 7.33s
  Epoch 9280/12000  |  Loss: 0.000753  (mse 0.00068 acf 0.00001 rgh 0.00006)  |  LR: 2.60e-05  |  Time: 7.34s
  Epoch 9290/12000  |  Loss: 0.000657  (mse 0.00058 acf 0.00001 rgh 0.00006)  |  LR: 2.58e-05  |  Time: 7.21s
  Epoch 9300/12000  |  Loss: 0.000749  (mse 0.00067 acf 0.00001 rgh 0.00007)  |  LR: 2.56e-05  |  Time: 7.34s
  Epoch 9310/12000  |  Loss: 0.000564  (mse 0.00049 acf 0.00001 rgh 0.00006)  |  LR: 2.54e-05  |  Time: 7.34s
  Epoch 9320/12000  |  Loss: 0.000690  (mse 0.00061 acf 0.00001 rgh 0.00007)  |  LR: 2.53e-05  |  Time: 7.34s
  Epoch 9330/12000  |  Loss: 0.000650  (mse 0.00057 acf 0.00002 rgh 0.00006)  |  LR: 2.51e-05  |  Time: 7.33s
  Epoch 9340/12000  |  Loss: 0.000639  (mse 0.00056 acf 0.00001 rgh 0.00007)  |  LR: 2.49e-05  |  Time: 7.33s
  Epoch 9350/12000  |  Loss: 0.000665  (mse 0.00059 acf 0.00001 rgh 0.00006)  |  LR: 2.47e-05  |  Time: 7.33s
  Epoch 9360/12000  |  Loss: 0.000815  (mse 0.00073 acf 0.00001 rgh 0.00007)  |  LR: 2.46e-05  |  Time: 7.34s
  Epoch 9370/12000  |  Loss: 0.000713  (mse 0.00064 acf 0.00001 rgh 0.00006)  |  LR: 2.44e-05  |  Time: 7.34s
  Epoch 9380/12000  |  Loss: 0.000658  (mse 0.00058 acf 0.00001 rgh 0.00006)  |  LR: 2.42e-05  |  Time: 7.33s
  Epoch 9390/12000  |  Loss: 0.000733  (mse 0.00066 acf 0.00001 rgh 0.00006)  |  LR: 2.41e-05  |  Time: 7.34s
  Epoch 9400/12000  |  Loss: 0.000687  (mse 0.00062 acf 0.00001 rgh 0.00006)  |  LR: 2.39e-05  |  Time: 7.32s
  Epoch 9410/12000  |  Loss: 0.000628  (mse 0.00056 acf 0.00001 rgh 0.00005)  |  LR: 2.37e-05  |  Time: 7.32s
  Epoch 9420/12000  |  Loss: 0.000760  (mse 0.00069 acf 0.00001 rgh 0.00006)  |  LR: 2.35e-05  |  Time: 7.33s
  Epoch 9430/12000  |  Loss: 0.000692  (mse 0.00061 acf 0.00001 rgh 0.00007)  |  LR: 2.34e-05  |  Time: 7.33s
  Epoch 9440/12000  |  Loss: 0.000660  (mse 0.00059 acf 0.00001 rgh 0.00006)  |  LR: 2.32e-05  |  Time: 7.21s
  Epoch 9450/12000  |  Loss: 0.000768  (mse 0.00069 acf 0.00001 rgh 0.00006)  |  LR: 2.30e-05  |  Time: 7.23s
  Epoch 9460/12000  |  Loss: 0.000718  (mse 0.00064 acf 0.00001 rgh 0.00007)  |  LR: 2.29e-05  |  Time: 7.34s
  Epoch 9470/12000  |  Loss: 0.000633  (mse 0.00057 acf 0.00001 rgh 0.00005)  |  LR: 2.27e-05  |  Time: 7.35s
  Epoch 9480/12000  |  Loss: 0.000663  (mse 0.00060 acf 0.00001 rgh 0.00005)  |  LR: 2.25e-05  |  Time: 7.34s
  Epoch 9490/12000  |  Loss: 0.000711  (mse 0.00065 acf 0.00001 rgh 0.00005)  |  LR: 2.24e-05  |  Time: 7.33s
  Epoch 9500/12000  |  Loss: 0.000680  (mse 0.00062 acf 0.00001 rgh 0.00005)  |  LR: 2.22e-05  |  Time: 7.34s
  Epoch 9510/12000  |  Loss: 0.000736  (mse 0.00067 acf 0.00001 rgh 0.00005)  |  LR: 2.21e-05  |  Time: 7.34s
  Epoch 9520/12000  |  Loss: 0.000721  (mse 0.00066 acf 0.00001 rgh 0.00005)  |  LR: 2.19e-05  |  Time: 7.29s
  Epoch 9530/12000  |  Loss: 0.000689  (mse 0.00061 acf 0.00001 rgh 0.00006)  |  LR: 2.17e-05  |  Time: 7.32s
  Epoch 9540/12000  |  Loss: 0.000753  (mse 0.00069 acf 0.00001 rgh 0.00005)  |  LR: 2.16e-05  |  Time: 7.34s
  Epoch 9550/12000  |  Loss: 0.000725  (mse 0.00066 acf 0.00001 rgh 0.00005)  |  LR: 2.14e-05  |  Time: 7.19s
  Epoch 9560/12000  |  Loss: 0.000730  (mse 0.00066 acf 0.00001 rgh 0.00005)  |  LR: 2.13e-05  |  Time: 7.34s
  Epoch 9570/12000  |  Loss: 0.000673  (mse 0.00061 acf 0.00001 rgh 0.00005)  |  LR: 2.11e-05  |  Time: 7.35s
  Epoch 9580/12000  |  Loss: 0.000666  (mse 0.00058 acf 0.00001 rgh 0.00008)  |  LR: 2.09e-05  |  Time: 7.35s
  Epoch 9590/12000  |  Loss: 0.000653  (mse 0.00059 acf 0.00001 rgh 0.00005)  |  LR: 2.08e-05  |  Time: 7.33s
  Epoch 9600/12000  |  Loss: 0.000725  (mse 0.00066 acf 0.00001 rgh 0.00005)  |  LR: 2.06e-05  |  Time: 7.33s
  Epoch 9610/12000  |  Loss: 0.000810  (mse 0.00071 acf 0.00001 rgh 0.00009)  |  LR: 2.05e-05  |  Time: 7.33s
  Epoch 9620/12000  |  Loss: 0.000699  (mse 0.00064 acf 0.00001 rgh 0.00005)  |  LR: 2.03e-05  |  Time: 7.37s
  Epoch 9630/12000  |  Loss: 0.000674  (mse 0.00060 acf 0.00001 rgh 0.00006)  |  LR: 2.01e-05  |  Time: 7.29s
  Epoch 9640/12000  |  Loss: 0.000690  (mse 0.00063 acf 0.00001 rgh 0.00005)  |  LR: 2.00e-05  |  Time: 7.35s
  Epoch 9650/12000  |  Loss: 0.000676  (mse 0.00061 acf 0.00001 rgh 0.00005)  |  LR: 1.98e-05  |  Time: 7.32s
  Epoch 9660/12000  |  Loss: 0.000694  (mse 0.00063 acf 0.00001 rgh 0.00005)  |  LR: 1.97e-05  |  Time: 7.36s
  Epoch 9670/12000  |  Loss: 0.000636  (mse 0.00057 acf 0.00001 rgh 0.00005)  |  LR: 1.95e-05  |  Time: 7.33s
  Epoch 9680/12000  |  Loss: 0.000726  (mse 0.00067 acf 0.00001 rgh 0.00005)  |  LR: 1.94e-05  |  Time: 7.28s
  Epoch 9690/12000  |  Loss: 0.000580  (mse 0.00052 acf 0.00001 rgh 0.00005)  |  LR: 1.92e-05  |  Time: 7.35s
  Epoch 9700/12000  |  Loss: 0.000672  (mse 0.00061 acf 0.00001 rgh 0.00005)  |  LR: 1.91e-05  |  Time: 7.35s
  Epoch 9710/12000  |  Loss: 0.000608  (mse 0.00055 acf 0.00001 rgh 0.00005)  |  LR: 1.89e-05  |  Time: 7.25s
  Epoch 9720/12000  |  Loss: 0.000663  (mse 0.00060 acf 0.00001 rgh 0.00005)  |  LR: 1.88e-05  |  Time: 7.29s
  Epoch 9730/12000  |  Loss: 0.000641  (mse 0.00057 acf 0.00001 rgh 0.00006)  |  LR: 1.86e-05  |  Time: 7.34s
  Epoch 9740/12000  |  Loss: 0.000682  (mse 0.00063 acf 0.00001 rgh 0.00004)  |  LR: 1.85e-05  |  Time: 7.33s
  Epoch 9750/12000  |  Loss: 0.000708  (mse 0.00065 acf 0.00001 rgh 0.00005)  |  LR: 1.83e-05  |  Time: 7.33s
  Epoch 9760/12000  |  Loss: 0.000711  (mse 0.00065 acf 0.00001 rgh 0.00005)  |  LR: 1.82e-05  |  Time: 7.35s
  Epoch 9770/12000  |  Loss: 0.000746  (mse 0.00068 acf 0.00001 rgh 0.00005)  |  LR: 1.80e-05  |  Time: 7.33s
  Epoch 9780/12000  |  Loss: 0.000683  (mse 0.00063 acf 0.00001 rgh 0.00005)  |  LR: 1.79e-05  |  Time: 7.35s
  Epoch 9790/12000  |  Loss: 0.000704  (mse 0.00064 acf 0.00001 rgh 0.00005)  |  LR: 1.77e-05  |  Time: 7.35s
  Epoch 9800/12000  |  Loss: 0.000588  (mse 0.00053 acf 0.00001 rgh 0.00004)  |  LR: 1.76e-05  |  Time: 7.29s
  Epoch 9810/12000  |  Loss: 0.000659  (mse 0.00060 acf 0.00001 rgh 0.00005)  |  LR: 1.74e-05  |  Time: 7.35s
  Epoch 9820/12000  |  Loss: 0.000640  (mse 0.00058 acf 0.00001 rgh 0.00005)  |  LR: 1.73e-05  |  Time: 7.37s
  Epoch 9830/12000  |  Loss: 0.000669  (mse 0.00062 acf 0.00001 rgh 0.00004)  |  LR: 1.71e-05  |  Time: 7.35s
  Epoch 9840/12000  |  Loss: 0.000665  (mse 0.00061 acf 0.00001 rgh 0.00005)  |  LR: 1.70e-05  |  Time: 7.35s
  Epoch 9850/12000  |  Loss: 0.000670  (mse 0.00061 acf 0.00001 rgh 0.00005)  |  LR: 1.68e-05  |  Time: 7.34s
  Epoch 9860/12000  |  Loss: 0.000683  (mse 0.00063 acf 0.00001 rgh 0.00004)  |  LR: 1.67e-05  |  Time: 7.41s
  Epoch 9870/12000  |  Loss: 0.000621  (mse 0.00057 acf 0.00001 rgh 0.00004)  |  LR: 1.66e-05  |  Time: 7.35s
  Epoch 9880/12000  |  Loss: 0.000630  (mse 0.00058 acf 0.00001 rgh 0.00004)  |  LR: 1.64e-05  |  Time: 7.36s
  Epoch 9890/12000  |  Loss: 0.000591  (mse 0.00054 acf 0.00001 rgh 0.00004)  |  LR: 1.63e-05  |  Time: 7.36s
  Epoch 9900/12000  |  Loss: 0.000669  (mse 0.00060 acf 0.00001 rgh 0.00005)  |  LR: 1.61e-05  |  Time: 7.33s
  Epoch 9910/12000  |  Loss: 0.000679  (mse 0.00063 acf 0.00001 rgh 0.00004)  |  LR: 1.60e-05  |  Time: 7.34s
  Epoch 9920/12000  |  Loss: 0.000628  (mse 0.00057 acf 0.00001 rgh 0.00004)  |  LR: 1.59e-05  |  Time: 7.34s
  Epoch 9930/12000  |  Loss: 0.000615  (mse 0.00055 acf 0.00001 rgh 0.00005)  |  LR: 1.57e-05  |  Time: 7.33s
  Epoch 9940/12000  |  Loss: 0.000627  (mse 0.00058 acf 0.00001 rgh 0.00004)  |  LR: 1.56e-05  |  Time: 7.33s
  Epoch 9950/12000  |  Loss: 0.000646  (mse 0.00060 acf 0.00001 rgh 0.00004)  |  LR: 1.54e-05  |  Time: 7.34s
  Epoch 9960/12000  |  Loss: 0.000718  (mse 0.00066 acf 0.00001 rgh 0.00005)  |  LR: 1.53e-05  |  Time: 7.35s
  Epoch 9970/12000  |  Loss: 0.000631  (mse 0.00058 acf 0.00001 rgh 0.00004)  |  LR: 1.52e-05  |  Time: 7.34s
  Epoch 9980/12000  |  Loss: 0.000672  (mse 0.00063 acf 0.00001 rgh 0.00004)  |  LR: 1.50e-05  |  Time: 7.34s
  Epoch 9990/12000  |  Loss: 0.000655  (mse 0.00060 acf 0.00001 rgh 0.00005)  |  LR: 1.49e-05  |  Time: 7.23s
  Epoch 10000/12000  |  Loss: 0.000661  (mse 0.00061 acf 0.00001 rgh 0.00004)  |  LR: 1.48e-05  |  Time: 7.32s
  Epoch 10010/12000  |  Loss: 0.000631  (mse 0.00058 acf 0.00001 rgh 0.00004)  |  LR: 1.46e-05  |  Time: 7.34s
  Epoch 10020/12000  |  Loss: 0.000671  (mse 0.00062 acf 0.00001 rgh 0.00004)  |  LR: 1.45e-05  |  Time: 7.33s
  Epoch 10030/12000  |  Loss: 0.000587  (mse 0.00054 acf 0.00001 rgh 0.00003)  |  LR: 1.44e-05  |  Time: 7.32s
  Epoch 10040/12000  |  Loss: 0.000631  (mse 0.00058 acf 0.00001 rgh 0.00004)  |  LR: 1.42e-05  |  Time: 7.34s
  Epoch 10050/12000  |  Loss: 0.000623  (mse 0.00057 acf 0.00001 rgh 0.00004)  |  LR: 1.41e-05  |  Time: 7.33s
  Epoch 10060/12000  |  Loss: 0.000702  (mse 0.00065 acf 0.00001 rgh 0.00004)  |  LR: 1.40e-05  |  Time: 7.33s
  Epoch 10070/12000  |  Loss: 0.000652  (mse 0.00060 acf 0.00001 rgh 0.00004)  |  LR: 1.38e-05  |  Time: 7.35s
  Epoch 10080/12000  |  Loss: 0.000594  (mse 0.00055 acf 0.00001 rgh 0.00004)  |  LR: 1.37e-05  |  Time: 7.33s
  Epoch 10090/12000  |  Loss: 0.000618  (mse 0.00058 acf 0.00001 rgh 0.00003)  |  LR: 1.36e-05  |  Time: 7.32s
  Epoch 10100/12000  |  Loss: 0.000631  (mse 0.00058 acf 0.00001 rgh 0.00004)  |  LR: 1.34e-05  |  Time: 7.33s
  Epoch 10110/12000  |  Loss: 0.000648  (mse 0.00060 acf 0.00001 rgh 0.00004)  |  LR: 1.33e-05  |  Time: 7.30s
  Epoch 10120/12000  |  Loss: 0.000630  (mse 0.00058 acf 0.00001 rgh 0.00005)  |  LR: 1.32e-05  |  Time: 7.34s
  Epoch 10130/12000  |  Loss: 0.000586  (mse 0.00054 acf 0.00001 rgh 0.00004)  |  LR: 1.31e-05  |  Time: 7.34s
  Epoch 10140/12000  |  Loss: 0.000706  (mse 0.00066 acf 0.00001 rgh 0.00003)  |  LR: 1.29e-05  |  Time: 7.33s
  Epoch 10150/12000  |  Loss: 0.000684  (mse 0.00064 acf 0.00001 rgh 0.00004)  |  LR: 1.28e-05  |  Time: 7.32s
  Epoch 10160/12000  |  Loss: 0.000650  (mse 0.00060 acf 0.00001 rgh 0.00004)  |  LR: 1.27e-05  |  Time: 7.35s
  Epoch 10170/12000  |  Loss: 0.000565  (mse 0.00052 acf 0.00001 rgh 0.00004)  |  LR: 1.26e-05  |  Time: 7.33s
  Epoch 10180/12000  |  Loss: 0.000576  (mse 0.00053 acf 0.00001 rgh 0.00004)  |  LR: 1.24e-05  |  Time: 7.33s
  Epoch 10190/12000  |  Loss: 0.000695  (mse 0.00064 acf 0.00001 rgh 0.00005)  |  LR: 1.23e-05  |  Time: 7.33s
  Epoch 10200/12000  |  Loss: 0.000720  (mse 0.00067 acf 0.00001 rgh 0.00004)  |  LR: 1.22e-05  |  Time: 7.36s
  Epoch 10210/12000  |  Loss: 0.000602  (mse 0.00055 acf 0.00001 rgh 0.00004)  |  LR: 1.21e-05  |  Time: 7.34s
  Epoch 10220/12000  |  Loss: 0.000592  (mse 0.00055 acf 0.00001 rgh 0.00003)  |  LR: 1.20e-05  |  Time: 7.35s
  Epoch 10230/12000  |  Loss: 0.000601  (mse 0.00056 acf 0.00001 rgh 0.00003)  |  LR: 1.18e-05  |  Time: 7.33s
  Epoch 10240/12000  |  Loss: 0.000659  (mse 0.00062 acf 0.00001 rgh 0.00003)  |  LR: 1.17e-05  |  Time: 7.36s
  Epoch 10250/12000  |  Loss: 0.000641  (mse 0.00060 acf 0.00001 rgh 0.00003)  |  LR: 1.16e-05  |  Time: 7.35s
  Epoch 10260/12000  |  Loss: 0.000637  (mse 0.00060 acf 0.00001 rgh 0.00003)  |  LR: 1.15e-05  |  Time: 7.38s
  Epoch 10270/12000  |  Loss: 0.000618  (mse 0.00058 acf 0.00001 rgh 0.00003)  |  LR: 1.14e-05  |  Time: 7.37s
  Epoch 10280/12000  |  Loss: 0.000608  (mse 0.00057 acf 0.00001 rgh 0.00003)  |  LR: 1.12e-05  |  Time: 7.49s
  Epoch 10290/12000  |  Loss: 0.000611  (mse 0.00057 acf 0.00001 rgh 0.00004)  |  LR: 1.11e-05  |  Time: 7.47s
  Epoch 10300/12000  |  Loss: 0.000626  (mse 0.00059 acf 0.00001 rgh 0.00003)  |  LR: 1.10e-05  |  Time: 7.37s
  Epoch 10310/12000  |  Loss: 0.000601  (mse 0.00056 acf 0.00001 rgh 0.00003)  |  LR: 1.09e-05  |  Time: 7.35s
  Epoch 10320/12000  |  Loss: 0.000625  (mse 0.00058 acf 0.00001 rgh 0.00003)  |  LR: 1.08e-05  |  Time: 7.35s
  Epoch 10330/12000  |  Loss: 0.000601  (mse 0.00056 acf 0.00001 rgh 0.00003)  |  LR: 1.07e-05  |  Time: 7.35s
  Epoch 10340/12000  |  Loss: 0.000617  (mse 0.00057 acf 0.00001 rgh 0.00004)  |  LR: 1.05e-05  |  Time: 7.34s
  Epoch 10350/12000  |  Loss: 0.000585  (mse 0.00054 acf 0.00001 rgh 0.00003)  |  LR: 1.04e-05  |  Time: 7.35s
  Epoch 10360/12000  |  Loss: 0.000651  (mse 0.00061 acf 0.00001 rgh 0.00003)  |  LR: 1.03e-05  |  Time: 7.34s
  Epoch 10370/12000  |  Loss: 0.000595  (mse 0.00056 acf 0.00001 rgh 0.00003)  |  LR: 1.02e-05  |  Time: 7.34s
  Epoch 10380/12000  |  Loss: 0.000553  (mse 0.00051 acf 0.00001 rgh 0.00003)  |  LR: 1.01e-05  |  Time: 7.35s
  Epoch 10390/12000  |  Loss: 0.000631  (mse 0.00060 acf 0.00001 rgh 0.00003)  |  LR: 9.99e-06  |  Time: 7.37s
  Epoch 10400/12000  |  Loss: 0.000655  (mse 0.00061 acf 0.00001 rgh 0.00003)  |  LR: 9.88e-06  |  Time: 7.35s
  Epoch 10410/12000  |  Loss: 0.000586  (mse 0.00055 acf 0.00001 rgh 0.00003)  |  LR: 9.77e-06  |  Time: 7.36s
  Epoch 10420/12000  |  Loss: 0.000547  (mse 0.00050 acf 0.00001 rgh 0.00003)  |  LR: 9.66e-06  |  Time: 7.35s
  Epoch 10430/12000  |  Loss: 0.000653  (mse 0.00062 acf 0.00001 rgh 0.00003)  |  LR: 9.56e-06  |  Time: 7.37s
  Epoch 10440/12000  |  Loss: 0.000523  (mse 0.00049 acf 0.00001 rgh 0.00003)  |  LR: 9.45e-06  |  Time: 7.31s
  Epoch 10450/12000  |  Loss: 0.000612  (mse 0.00058 acf 0.00001 rgh 0.00003)  |  LR: 9.34e-06  |  Time: 7.26s
  Epoch 10460/12000  |  Loss: 0.000519  (mse 0.00049 acf 0.00001 rgh 0.00003)  |  LR: 9.24e-06  |  Time: 7.31s
  Epoch 10470/12000  |  Loss: 0.000593  (mse 0.00056 acf 0.00001 rgh 0.00003)  |  LR: 9.13e-06  |  Time: 7.25s
  Epoch 10480/12000  |  Loss: 0.000585  (mse 0.00055 acf 0.00001 rgh 0.00003)  |  LR: 9.03e-06  |  Time: 7.29s
  Epoch 10490/12000  |  Loss: 0.000644  (mse 0.00061 acf 0.00001 rgh 0.00003)  |  LR: 8.92e-06  |  Time: 7.34s
  Epoch 10500/12000  |  Loss: 0.000605  (mse 0.00057 acf 0.00001 rgh 0.00002)  |  LR: 8.82e-06  |  Time: 7.34s
  Epoch 10510/12000  |  Loss: 0.000648  (mse 0.00061 acf 0.00001 rgh 0.00003)  |  LR: 8.72e-06  |  Time: 7.34s
  Epoch 10520/12000  |  Loss: 0.000593  (mse 0.00056 acf 0.00001 rgh 0.00003)  |  LR: 8.61e-06  |  Time: 7.33s
  Epoch 10530/12000  |  Loss: 0.000573  (mse 0.00054 acf 0.00001 rgh 0.00002)  |  LR: 8.51e-06  |  Time: 7.34s
  Epoch 10540/12000  |  Loss: 0.000566  (mse 0.00053 acf 0.00001 rgh 0.00002)  |  LR: 8.41e-06  |  Time: 7.34s
  Epoch 10550/12000  |  Loss: 0.000586  (mse 0.00055 acf 0.00001 rgh 0.00003)  |  LR: 8.31e-06  |  Time: 7.35s
  Epoch 10560/12000  |  Loss: 0.000594  (mse 0.00056 acf 0.00001 rgh 0.00003)  |  LR: 8.21e-06  |  Time: 7.35s
  Epoch 10570/12000  |  Loss: 0.000588  (mse 0.00055 acf 0.00001 rgh 0.00003)  |  LR: 8.11e-06  |  Time: 7.35s
  Epoch 10580/12000  |  Loss: 0.000619  (mse 0.00059 acf 0.00001 rgh 0.00002)  |  LR: 8.02e-06  |  Time: 7.34s
  Epoch 10590/12000  |  Loss: 0.000633  (mse 0.00060 acf 0.00001 rgh 0.00002)  |  LR: 7.92e-06  |  Time: 7.36s
  Epoch 10600/12000  |  Loss: 0.000598  (mse 0.00057 acf 0.00001 rgh 0.00002)  |  LR: 7.82e-06  |  Time: 7.33s
  Epoch 10610/12000  |  Loss: 0.000556  (mse 0.00053 acf 0.00001 rgh 0.00002)  |  LR: 7.73e-06  |  Time: 7.34s
  Epoch 10620/12000  |  Loss: 0.000550  (mse 0.00052 acf 0.00001 rgh 0.00003)  |  LR: 7.63e-06  |  Time: 7.25s
  Epoch 10630/12000  |  Loss: 0.000595  (mse 0.00056 acf 0.00001 rgh 0.00003)  |  LR: 7.54e-06  |  Time: 7.25s
  Epoch 10640/12000  |  Loss: 0.000551  (mse 0.00052 acf 0.00001 rgh 0.00002)  |  LR: 7.44e-06  |  Time: 7.34s
  Epoch 10650/12000  |  Loss: 0.000567  (mse 0.00054 acf 0.00001 rgh 0.00002)  |  LR: 7.35e-06  |  Time: 7.36s
  Epoch 10660/12000  |  Loss: 0.000648  (mse 0.00061 acf 0.00001 rgh 0.00003)  |  LR: 7.26e-06  |  Time: 7.37s
  Epoch 10670/12000  |  Loss: 0.000594  (mse 0.00056 acf 0.00001 rgh 0.00002)  |  LR: 7.16e-06  |  Time: 7.34s
  Epoch 10680/12000  |  Loss: 0.000559  (mse 0.00053 acf 0.00001 rgh 0.00002)  |  LR: 7.07e-06  |  Time: 7.37s
  Epoch 10690/12000  |  Loss: 0.000573  (mse 0.00055 acf 0.00001 rgh 0.00002)  |  LR: 6.98e-06  |  Time: 7.29s
  Epoch 10700/12000  |  Loss: 0.000580  (mse 0.00055 acf 0.00001 rgh 0.00002)  |  LR: 6.89e-06  |  Time: 7.35s
  Epoch 10710/12000  |  Loss: 0.000526  (mse 0.00050 acf 0.00001 rgh 0.00002)  |  LR: 6.80e-06  |  Time: 7.36s
  Epoch 10720/12000  |  Loss: 0.000581  (mse 0.00055 acf 0.00001 rgh 0.00003)  |  LR: 6.71e-06  |  Time: 7.37s
  Epoch 10730/12000  |  Loss: 0.000623  (mse 0.00059 acf 0.00001 rgh 0.00002)  |  LR: 6.62e-06  |  Time: 7.36s
  Epoch 10740/12000  |  Loss: 0.000604  (mse 0.00058 acf 0.00001 rgh 0.00002)  |  LR: 6.54e-06  |  Time: 7.34s
  Epoch 10750/12000  |  Loss: 0.000593  (mse 0.00056 acf 0.00001 rgh 0.00002)  |  LR: 6.45e-06  |  Time: 7.35s
  Epoch 10760/12000  |  Loss: 0.000586  (mse 0.00056 acf 0.00001 rgh 0.00002)  |  LR: 6.36e-06  |  Time: 7.30s
  Epoch 10770/12000  |  Loss: 0.000569  (mse 0.00054 acf 0.00001 rgh 0.00002)  |  LR: 6.28e-06  |  Time: 7.35s
  Epoch 10780/12000  |  Loss: 0.000635  (mse 0.00061 acf 0.00001 rgh 0.00002)  |  LR: 6.19e-06  |  Time: 7.36s
  Epoch 10790/12000  |  Loss: 0.000574  (mse 0.00055 acf 0.00001 rgh 0.00002)  |  LR: 6.11e-06  |  Time: 7.36s
  Epoch 10800/12000  |  Loss: 0.000566  (mse 0.00054 acf 0.00001 rgh 0.00002)  |  LR: 6.03e-06  |  Time: 7.35s
  Epoch 10810/12000  |  Loss: 0.000586  (mse 0.00056 acf 0.00001 rgh 0.00002)  |  LR: 5.94e-06  |  Time: 7.35s
  Epoch 10820/12000  |  Loss: 0.000630  (mse 0.00060 acf 0.00001 rgh 0.00002)  |  LR: 5.86e-06  |  Time: 7.34s
  Epoch 10830/12000  |  Loss: 0.000578  (mse 0.00055 acf 0.00001 rgh 0.00002)  |  LR: 5.78e-06  |  Time: 7.35s
  Epoch 10840/12000  |  Loss: 0.000551  (mse 0.00052 acf 0.00001 rgh 0.00002)  |  LR: 5.70e-06  |  Time: 7.35s
  Epoch 10850/12000  |  Loss: 0.000525  (mse 0.00050 acf 0.00001 rgh 0.00002)  |  LR: 5.62e-06  |  Time: 7.33s
  Epoch 10860/12000  |  Loss: 0.000591  (mse 0.00056 acf 0.00001 rgh 0.00002)  |  LR: 5.54e-06  |  Time: 7.34s
  Epoch 10870/12000  |  Loss: 0.000570  (mse 0.00055 acf 0.00001 rgh 0.00002)  |  LR: 5.46e-06  |  Time: 7.34s
  Epoch 10880/12000  |  Loss: 0.000550  (mse 0.00052 acf 0.00001 rgh 0.00002)  |  LR: 5.38e-06  |  Time: 7.35s
  Epoch 10890/12000  |  Loss: 0.000562  (mse 0.00054 acf 0.00001 rgh 0.00002)  |  LR: 5.31e-06  |  Time: 7.35s
  Epoch 10900/12000  |  Loss: 0.000535  (mse 0.00051 acf 0.00001 rgh 0.00002)  |  LR: 5.23e-06  |  Time: 7.33s
  Epoch 10910/12000  |  Loss: 0.000569  (mse 0.00055 acf 0.00001 rgh 0.00002)  |  LR: 5.15e-06  |  Time: 7.35s
  Epoch 10920/12000  |  Loss: 0.000598  (mse 0.00057 acf 0.00001 rgh 0.00003)  |  LR: 5.08e-06  |  Time: 7.35s
  Epoch 10930/12000  |  Loss: 0.000554  (mse 0.00053 acf 0.00001 rgh 0.00002)  |  LR: 5.00e-06  |  Time: 7.35s
  Epoch 10940/12000  |  Loss: 0.000627  (mse 0.00060 acf 0.00001 rgh 0.00002)  |  LR: 4.93e-06  |  Time: 7.35s
  Epoch 10950/12000  |  Loss: 0.000576  (mse 0.00055 acf 0.00001 rgh 0.00002)  |  LR: 4.86e-06  |  Time: 7.35s
  Epoch 10960/12000  |  Loss: 0.000530  (mse 0.00050 acf 0.00001 rgh 0.00002)  |  LR: 4.78e-06  |  Time: 7.35s
  Epoch 10970/12000  |  Loss: 0.000577  (mse 0.00055 acf 0.00001 rgh 0.00002)  |  LR: 4.71e-06  |  Time: 7.33s
  Epoch 10980/12000  |  Loss: 0.000540  (mse 0.00052 acf 0.00001 rgh 0.00002)  |  LR: 4.64e-06  |  Time: 7.33s
  Epoch 10990/12000  |  Loss: 0.000576  (mse 0.00055 acf 0.00001 rgh 0.00002)  |  LR: 4.57e-06  |  Time: 7.34s
  Epoch 11000/12000  |  Loss: 0.000576  (mse 0.00055 acf 0.00001 rgh 0.00002)  |  LR: 4.50e-06  |  Time: 7.34s
  Epoch 11010/12000  |  Loss: 0.000548  (mse 0.00053 acf 0.00001 rgh 0.00002)  |  LR: 4.43e-06  |  Time: 7.21s
  Epoch 11020/12000  |  Loss: 0.000623  (mse 0.00060 acf 0.00001 rgh 0.00002)  |  LR: 4.36e-06  |  Time: 7.35s
  Epoch 11030/12000  |  Loss: 0.000528  (mse 0.00051 acf 0.00001 rgh 0.00002)  |  LR: 4.29e-06  |  Time: 7.35s
  Epoch 11040/12000  |  Loss: 0.000546  (mse 0.00052 acf 0.00001 rgh 0.00002)  |  LR: 4.23e-06  |  Time: 7.34s
  Epoch 11050/12000  |  Loss: 0.000539  (mse 0.00052 acf 0.00001 rgh 0.00001)  |  LR: 4.16e-06  |  Time: 7.37s
  Epoch 11060/12000  |  Loss: 0.000504  (mse 0.00048 acf 0.00001 rgh 0.00002)  |  LR: 4.09e-06  |  Time: 7.35s
  Epoch 11070/12000  |  Loss: 0.000540  (mse 0.00052 acf 0.00001 rgh 0.00002)  |  LR: 4.03e-06  |  Time: 7.27s
  Epoch 11080/12000  |  Loss: 0.000507  (mse 0.00048 acf 0.00001 rgh 0.00002)  |  LR: 3.96e-06  |  Time: 7.32s
  Epoch 11090/12000  |  Loss: 0.000528  (mse 0.00051 acf 0.00001 rgh 0.00001)  |  LR: 3.90e-06  |  Time: 7.38s
  Epoch 11100/12000  |  Loss: 0.000575  (mse 0.00055 acf 0.00001 rgh 0.00002)  |  LR: 3.84e-06  |  Time: 7.29s
  Epoch 11110/12000  |  Loss: 0.000558  (mse 0.00054 acf 0.00001 rgh 0.00002)  |  LR: 3.77e-06  |  Time: 7.37s
  Epoch 11120/12000  |  Loss: 0.000609  (mse 0.00059 acf 0.00001 rgh 0.00001)  |  LR: 3.71e-06  |  Time: 7.35s
  Epoch 11130/12000  |  Loss: 0.000515  (mse 0.00050 acf 0.00001 rgh 0.00001)  |  LR: 3.65e-06  |  Time: 7.34s
  Epoch 11140/12000  |  Loss: 0.000592  (mse 0.00057 acf 0.00001 rgh 0.00002)  |  LR: 3.59e-06  |  Time: 7.33s
  Epoch 11150/12000  |  Loss: 0.000556  (mse 0.00054 acf 0.00001 rgh 0.00001)  |  LR: 3.53e-06  |  Time: 7.35s
  Epoch 11160/12000  |  Loss: 0.000587  (mse 0.00057 acf 0.00001 rgh 0.00001)  |  LR: 3.47e-06  |  Time: 7.35s
  Epoch 11170/12000  |  Loss: 0.000482  (mse 0.00046 acf 0.00000 rgh 0.00001)  |  LR: 3.41e-06  |  Time: 7.34s
  Epoch 11180/12000  |  Loss: 0.000573  (mse 0.00055 acf 0.00000 rgh 0.00001)  |  LR: 3.36e-06  |  Time: 7.34s
  Epoch 11190/12000  |  Loss: 0.000619  (mse 0.00060 acf 0.00000 rgh 0.00001)  |  LR: 3.30e-06  |  Time: 7.34s
  Epoch 11200/12000  |  Loss: 0.000550  (mse 0.00053 acf 0.00000 rgh 0.00001)  |  LR: 3.24e-06  |  Time: 7.34s
  Epoch 11210/12000  |  Loss: 0.000555  (mse 0.00054 acf 0.00000 rgh 0.00001)  |  LR: 3.19e-06  |  Time: 7.25s
  Epoch 11220/12000  |  Loss: 0.000519  (mse 0.00050 acf 0.00000 rgh 0.00001)  |  LR: 3.13e-06  |  Time: 7.34s
  Epoch 11230/12000  |  Loss: 0.000527  (mse 0.00051 acf 0.00000 rgh 0.00001)  |  LR: 3.08e-06  |  Time: 7.35s
  Epoch 11240/12000  |  Loss: 0.000574  (mse 0.00056 acf 0.00000 rgh 0.00001)  |  LR: 3.02e-06  |  Time: 7.36s
  Epoch 11250/12000  |  Loss: 0.000514  (mse 0.00050 acf 0.00000 rgh 0.00001)  |  LR: 2.97e-06  |  Time: 7.38s
  Epoch 11260/12000  |  Loss: 0.000544  (mse 0.00053 acf 0.00000 rgh 0.00001)  |  LR: 2.92e-06  |  Time: 7.36s
  Epoch 11270/12000  |  Loss: 0.000517  (mse 0.00050 acf 0.00000 rgh 0.00001)  |  LR: 2.87e-06  |  Time: 7.37s
  Epoch 11280/12000  |  Loss: 0.000530  (mse 0.00051 acf 0.00000 rgh 0.00001)  |  LR: 2.82e-06  |  Time: 7.34s
  Epoch 11290/12000  |  Loss: 0.000538  (mse 0.00052 acf 0.00000 rgh 0.00001)  |  LR: 2.77e-06  |  Time: 7.24s
  Epoch 11300/12000  |  Loss: 0.000506  (mse 0.00049 acf 0.00000 rgh 0.00001)  |  LR: 2.72e-06  |  Time: 7.33s
  Epoch 11310/12000  |  Loss: 0.000493  (mse 0.00048 acf 0.00000 rgh 0.00001)  |  LR: 2.67e-06  |  Time: 7.34s
  Epoch 11320/12000  |  Loss: 0.000481  (mse 0.00047 acf 0.00000 rgh 0.00001)  |  LR: 2.62e-06  |  Time: 7.33s
  Epoch 11330/12000  |  Loss: 0.000591  (mse 0.00057 acf 0.00000 rgh 0.00001)  |  LR: 2.57e-06  |  Time: 7.31s
  Epoch 11340/12000  |  Loss: 0.000569  (mse 0.00055 acf 0.00000 rgh 0.00001)  |  LR: 2.53e-06  |  Time: 7.32s
  Epoch 11350/12000  |  Loss: 0.000527  (mse 0.00051 acf 0.00000 rgh 0.00001)  |  LR: 2.48e-06  |  Time: 7.32s
  Epoch 11360/12000  |  Loss: 0.000521  (mse 0.00050 acf 0.00000 rgh 0.00001)  |  LR: 2.44e-06  |  Time: 7.30s
  Epoch 11370/12000  |  Loss: 0.000560  (mse 0.00054 acf 0.00000 rgh 0.00001)  |  LR: 2.39e-06  |  Time: 7.35s
  Epoch 11380/12000  |  Loss: 0.000496  (mse 0.00048 acf 0.00000 rgh 0.00001)  |  LR: 2.35e-06  |  Time: 7.32s
  Epoch 11390/12000  |  Loss: 0.000522  (mse 0.00051 acf 0.00000 rgh 0.00001)  |  LR: 2.31e-06  |  Time: 7.30s
  Epoch 11400/12000  |  Loss: 0.000541  (mse 0.00053 acf 0.00000 rgh 0.00001)  |  LR: 2.26e-06  |  Time: 7.33s
  Epoch 11410/12000  |  Loss: 0.000582  (mse 0.00057 acf 0.00000 rgh 0.00001)  |  LR: 2.22e-06  |  Time: 7.33s
  Epoch 11420/12000  |  Loss: 0.000524  (mse 0.00051 acf 0.00000 rgh 0.00001)  |  LR: 2.18e-06  |  Time: 7.34s
  Epoch 11430/12000  |  Loss: 0.000494  (mse 0.00048 acf 0.00000 rgh 0.00001)  |  LR: 2.14e-06  |  Time: 7.35s
  Epoch 11440/12000  |  Loss: 0.000557  (mse 0.00054 acf 0.00000 rgh 0.00001)  |  LR: 2.10e-06  |  Time: 7.34s
  Epoch 11450/12000  |  Loss: 0.000508  (mse 0.00049 acf 0.00000 rgh 0.00001)  |  LR: 2.06e-06  |  Time: 7.38s
  Epoch 11460/12000  |  Loss: 0.000539  (mse 0.00052 acf 0.00000 rgh 0.00001)  |  LR: 2.02e-06  |  Time: 7.35s
  Epoch 11470/12000  |  Loss: 0.000560  (mse 0.00055 acf 0.00000 rgh 0.00001)  |  LR: 1.99e-06  |  Time: 7.35s
  Epoch 11480/12000  |  Loss: 0.000554  (mse 0.00054 acf 0.00000 rgh 0.00001)  |  LR: 1.95e-06  |  Time: 7.33s
  Epoch 11490/12000  |  Loss: 0.000526  (mse 0.00051 acf 0.00000 rgh 0.00001)  |  LR: 1.91e-06  |  Time: 7.34s
  Epoch 11500/12000  |  Loss: 0.000532  (mse 0.00052 acf 0.00000 rgh 0.00001)  |  LR: 1.88e-06  |  Time: 7.34s
  Epoch 11510/12000  |  Loss: 0.000486  (mse 0.00047 acf 0.00000 rgh 0.00001)  |  LR: 1.84e-06  |  Time: 7.35s
  Epoch 11520/12000  |  Loss: 0.000547  (mse 0.00053 acf 0.00000 rgh 0.00001)  |  LR: 1.81e-06  |  Time: 7.33s
  Epoch 11530/12000  |  Loss: 0.000600  (mse 0.00059 acf 0.00000 rgh 0.00001)  |  LR: 1.77e-06  |  Time: 7.34s
  Epoch 11540/12000  |  Loss: 0.000550  (mse 0.00054 acf 0.00000 rgh 0.00001)  |  LR: 1.74e-06  |  Time: 7.31s
  Epoch 11550/12000  |  Loss: 0.000531  (mse 0.00052 acf 0.00000 rgh 0.00001)  |  LR: 1.71e-06  |  Time: 7.33s
  Epoch 11560/12000  |  Loss: 0.000541  (mse 0.00053 acf 0.00000 rgh 0.00001)  |  LR: 1.68e-06  |  Time: 7.37s
  Epoch 11570/12000  |  Loss: 0.000568  (mse 0.00055 acf 0.00000 rgh 0.00001)  |  LR: 1.65e-06  |  Time: 7.35s
  Epoch 11580/12000  |  Loss: 0.000502  (mse 0.00049 acf 0.00000 rgh 0.00001)  |  LR: 1.62e-06  |  Time: 7.36s
  Epoch 11590/12000  |  Loss: 0.000553  (mse 0.00054 acf 0.00000 rgh 0.00001)  |  LR: 1.59e-06  |  Time: 7.31s
  Epoch 11600/12000  |  Loss: 0.000563  (mse 0.00055 acf 0.00000 rgh 0.00001)  |  LR: 1.56e-06  |  Time: 7.31s
  Epoch 11610/12000  |  Loss: 0.000526  (mse 0.00051 acf 0.00000 rgh 0.00001)  |  LR: 1.53e-06  |  Time: 7.28s
  Epoch 11620/12000  |  Loss: 0.000496  (mse 0.00048 acf 0.00000 rgh 0.00001)  |  LR: 1.51e-06  |  Time: 7.33s
  Epoch 11630/12000  |  Loss: 0.000600  (mse 0.00059 acf 0.00000 rgh 0.00001)  |  LR: 1.48e-06  |  Time: 7.36s
  Epoch 11640/12000  |  Loss: 0.000532  (mse 0.00052 acf 0.00000 rgh 0.00001)  |  LR: 1.45e-06  |  Time: 7.34s
  Epoch 11650/12000  |  Loss: 0.000543  (mse 0.00053 acf 0.00000 rgh 0.00001)  |  LR: 1.43e-06  |  Time: 7.32s
  Epoch 11660/12000  |  Loss: 0.000527  (mse 0.00052 acf 0.00000 rgh 0.00001)  |  LR: 1.40e-06  |  Time: 7.36s
  Epoch 11670/12000  |  Loss: 0.000537  (mse 0.00052 acf 0.00000 rgh 0.00001)  |  LR: 1.38e-06  |  Time: 7.36s
  Epoch 11680/12000  |  Loss: 0.000560  (mse 0.00055 acf 0.00000 rgh 0.00001)  |  LR: 1.36e-06  |  Time: 7.34s
  Epoch 11690/12000  |  Loss: 0.000537  (mse 0.00052 acf 0.00000 rgh 0.00001)  |  LR: 1.34e-06  |  Time: 7.36s
  Epoch 11700/12000  |  Loss: 0.000481  (mse 0.00047 acf 0.00000 rgh 0.00001)  |  LR: 1.32e-06  |  Time: 7.34s
  Epoch 11710/12000  |  Loss: 0.000528  (mse 0.00052 acf 0.00000 rgh 0.00001)  |  LR: 1.29e-06  |  Time: 7.33s
  Epoch 11720/12000  |  Loss: 0.000531  (mse 0.00052 acf 0.00000 rgh 0.00001)  |  LR: 1.27e-06  |  Time: 7.36s
  Epoch 11730/12000  |  Loss: 0.000546  (mse 0.00053 acf 0.00000 rgh 0.00001)  |  LR: 1.26e-06  |  Time: 7.34s
  Epoch 11740/12000  |  Loss: 0.000602  (mse 0.00059 acf 0.00000 rgh 0.00001)  |  LR: 1.24e-06  |  Time: 7.32s
  Epoch 11750/12000  |  Loss: 0.000542  (mse 0.00053 acf 0.00000 rgh 0.00001)  |  LR: 1.22e-06  |  Time: 7.33s
  Epoch 11760/12000  |  Loss: 0.000525  (mse 0.00051 acf 0.00000 rgh 0.00001)  |  LR: 1.20e-06  |  Time: 7.36s
  Epoch 11770/12000  |  Loss: 0.000499  (mse 0.00049 acf 0.00000 rgh 0.00001)  |  LR: 1.18e-06  |  Time: 7.35s
  Epoch 11780/12000  |  Loss: 0.000505  (mse 0.00049 acf 0.00000 rgh 0.00001)  |  LR: 1.17e-06  |  Time: 7.35s
  Epoch 11790/12000  |  Loss: 0.000545  (mse 0.00053 acf 0.00000 rgh 0.00001)  |  LR: 1.15e-06  |  Time: 7.36s
  Epoch 11800/12000  |  Loss: 0.000590  (mse 0.00058 acf 0.00000 rgh 0.00001)  |  LR: 1.14e-06  |  Time: 7.36s
  Epoch 11810/12000  |  Loss: 0.000577  (mse 0.00056 acf 0.00000 rgh 0.00001)  |  LR: 1.13e-06  |  Time: 7.36s
  Epoch 11820/12000  |  Loss: 0.000541  (mse 0.00053 acf 0.00000 rgh 0.00001)  |  LR: 1.11e-06  |  Time: 7.35s
  Epoch 11830/12000  |  Loss: 0.000546  (mse 0.00053 acf 0.00000 rgh 0.00001)  |  LR: 1.10e-06  |  Time: 7.33s
  Epoch 11840/12000  |  Loss: 0.000533  (mse 0.00052 acf 0.00000 rgh 0.00001)  |  LR: 1.09e-06  |  Time: 7.33s
  Epoch 11850/12000  |  Loss: 0.000534  (mse 0.00052 acf 0.00000 rgh 0.00001)  |  LR: 1.08e-06  |  Time: 7.33s
  Epoch 11860/12000  |  Loss: 0.000540  (mse 0.00053 acf 0.00000 rgh 0.00001)  |  LR: 1.07e-06  |  Time: 7.33s
  Epoch 11870/12000  |  Loss: 0.000517  (mse 0.00051 acf 0.00000 rgh 0.00001)  |  LR: 1.06e-06  |  Time: 7.33s
  Epoch 11880/12000  |  Loss: 0.000547  (mse 0.00054 acf 0.00000 rgh 0.00001)  |  LR: 1.05e-06  |  Time: 7.34s
  Epoch 11890/12000  |  Loss: 0.000512  (mse 0.00050 acf 0.00000 rgh 0.00001)  |  LR: 1.04e-06  |  Time: 7.34s
  Epoch 11900/12000  |  Loss: 0.000537  (mse 0.00053 acf 0.00000 rgh 0.00001)  |  LR: 1.03e-06  |  Time: 7.33s
  Epoch 11910/12000  |  Loss: 0.000593  (mse 0.00058 acf 0.00000 rgh 0.00001)  |  LR: 1.03e-06  |  Time: 7.33s
  Epoch 11920/12000  |  Loss: 0.000546  (mse 0.00053 acf 0.00000 rgh 0.00001)  |  LR: 1.02e-06  |  Time: 7.34s
  Epoch 11930/12000  |  Loss: 0.000534  (mse 0.00052 acf 0.00000 rgh 0.00001)  |  LR: 1.02e-06  |  Time: 7.32s
  Epoch 11940/12000  |  Loss: 0.000565  (mse 0.00055 acf 0.00000 rgh 0.00001)  |  LR: 1.01e-06  |  Time: 7.33s
  Epoch 11950/12000  |  Loss: 0.000526  (mse 0.00051 acf 0.00000 rgh 0.00001)  |  LR: 1.01e-06  |  Time: 7.33s
  Epoch 11960/12000  |  Loss: 0.000565  (mse 0.00055 acf 0.00000 rgh 0.00001)  |  LR: 1.01e-06  |  Time: 7.33s
  Epoch 11970/12000  |  Loss: 0.000540  (mse 0.00053 acf 0.00000 rgh 0.00001)  |  LR: 1.00e-06  |  Time: 7.32s
  Epoch 11980/12000  |  Loss: 0.000521  (mse 0.00051 acf 0.00000 rgh 0.00001)  |  LR: 1.00e-06  |  Time: 7.33s
  Epoch 11990/12000  |  Loss: 0.000567  (mse 0.00056 acf 0.00000 rgh 0.00001)  |  LR: 1.00e-06  |  Time: 7.33s
  Epoch 11999/12000  |  Loss: 0.000542  (mse 0.00053 acf 0.00000 rgh 0.00001)  |  LR: 1.00e-06  |  Time: 7.32s
[Utils] Checkpoint saved: /home/u00134/src/logs/deep_v10_dit_b/checkpoint_final.pt
------------------------------------------------------------

[Done] Training complete!
  Total time:   87903.2s (1465.1 min)
  Final loss:   0.000542
  Best loss:    0.000418 (epoch 11693)
  Run dir:      /home/u00134/src/logs/deep_v10_dit_b
  Scaler:       /home/u00134/src/logs/deep_v10_dit_b/scaler.pt
  Loss history: /home/u00134/src/logs/deep_v10_dit_b/loss_history.csv
