,sp500_0,sp500_1
0,500.37278085,2.0006762562
1,501.72395983679263,2.0017598086
2,501.17905921883374,2.0057232339
3,494.6912321463264,2.0087866102
4,495.35959735014404,2.00971395125
5,494.01662675690505,2.01110009135
6,494.8892552563253,2.01260953765
7,493.17397840152495,2.01453631685
8,494.78422951403707,2.01359734299
9,495.53927697734093,2.01257097489
10,493.70608194932663,2.01321032909
11,493.3994624447418,2.01179072559
12,496.1891769019474,2.01316426269
13,495.9452182487616,2.01195320159
14,495.7314676252613,2.01268365186
15,496.4121727634497,2.01615048056
16,497.2240581483247,2.00797155656
17,497.2387198140162,2.01178082856
18,495.692342599896,2.01425888756
19,492.8431942220228,2.01478184306
20,491.326577224464,2.01194190946
21,499.8465765740841,2.00655637246
22,500.37356222056394,2.01391751246
23,500.6617574525165,2.01336608146
24,500.2294994588009,2.01648569796
25,500.2918339571416,2.00699245296
26,502.6867288150395,2.01550237946
27,503.07389300616825,2.01572918542
28,506.8865327300557,2.02425851442
29,508.5725224948534,2.02462062867
30,507.88103672806085,2.02439049831
31,509.6974221122983,2.02418956945
32,509.71239285272543,2.02427195737
33,509.7246941343807,2.03179075237
34,512.9099211860145,2.02259775337
35,512.4431921866932,2.02910254937
36,511.8912597121621,2.02760531017
37,509.9776845140538,2.02634205147
38,514.3318617449704,2.02609362347
39,515.0553987601115,2.02647833017
40,515.4804116796072,2.02862943417
41,515.9627207876155,2.02624295147
42,517.7523854692005,2.02510504277
43,519.0318860222142,2.02410014187
44,515.4140525307047,2.02503918697
45,510.2701532826215,2.0056947369700002
46,513.2157556083758,2.00621396687
47,513.91680843318,2.00972556687
48,514.4840509969733,2.01072756387
49,513.960361282852,2.01392405227
50,514.2953646552269,2.02138444227
51,515.1401047175736,2.02834079977
52,515.6641200166134,2.03483272627
53,513.5350248556599,2.03681086357
54,515.4348559993808,2.04348692237
55,515.5448647658793,2.04196282857
56,516.2236440234518,2.04235408591
57,514.5910346106396,2.04332604241
58,513.489262786303,2.04410549247
59,514.1058732735437,2.04077718007
60,515.256281508434,2.04117408377
61,516.5642702963737,2.03934034067
62,516.0262690221115,2.03864732852
63,515.1821363771861,2.03799777387
64,514.8214375805144,2.04336093287
65,515.9180272176327,2.04714478797
66,512.4759918770676,2.04912895857
67,513.4794357559188,2.05032959597
68,515.0605003507517,2.05050163359
69,515.7579324429456,2.04987413126
70,514.2156938871597,2.05192135426
71,514.9206486368117,2.04907977286
72,514.9266260478485,2.05148821166
73,516.1700008344077,2.05732120466
74,516.8471166160112,2.05955439446
75,518.5457262401617,2.06411498146
76,517.9965379876116,2.06558043246
77,519.9321651769127,2.06684337186
78,520.1018237737926,2.06734703676
79,519.3498239418121,2.07211046476
80,519.7547530015523,2.07560575446
81,519.8824787819664,2.07542571377
82,521.3791894533839,2.07499822079
83,521.5411304031452,2.07994675629
84,522.2745763546909,2.07697408429
85,522.3123144166502,2.08279636569
86,520.5973250706987,2.08324211457
87,521.2621390476565,2.0795465380700002
88,520.7718603131442,2.08284747207
89,522.1270481563831,2.08735150547
90,523.2097863577582,2.09111611437
91,528.6658807950713,2.10033915737
92,535.8432861637257,2.08642113237
93,532.1241900678657,2.08684203889
94,533.3728695527464,2.08756637432
95,532.8758112416738,2.08824867055
96,532.0385033728946,2.08810128837
97,532.8447810164234,2.08960082187
98,530.8605110116127,2.08761514487
99,531.4358881048404,2.08208565687
100,531.5208173789827,2.08127845922
101,531.781427483832,2.08107497272
102,531.9486594376043,2.0854496027200002
103,530.8007420514527,2.08630265682
104,532.3879013994377,2.08922018542
105,532.9506556951959,2.0965740574200002
106,532.2186836772926,2.09823566282
107,533.0234795968055,2.0570813928200002
108,535.7664360125855,2.05687057332
109,538.5884742748631,2.0610707173200002
110,540.2553692480219,2.06054997342
111,539.6054548968942,2.06019985006
112,540.7171665669997,2.06789830026
113,542.9138601741244,2.07247158486
114,543.2793640091367,2.07798332686
115,544.2629665168168,2.08506662826
116,545.3924434485667,2.08355107806
117,546.766124377587,2.08679859056
118,548.1656860002853,2.09340518756
119,548.7392890408615,2.0950301432600003
120,549.8298207990398,2.0942599956
121,553.2658448066682,2.0953998246
122,552.3258221799306,2.0998894709
123,553.6787846011453,2.0989785319500003
124,544.0194446057261,2.04850840695
125,543.9005600473769,2.05013824255
126,544.5743822973728,2.0507385704
127,542.820115214832,2.0521787178
128,544.7810649859341,2.0513165218
129,545.5127670806457,2.0530585841
130,549.0034271236126,2.0519349349000002
131,543.2247965738302,2.0422108469
132,545.3098301270842,2.0410672896
133,544.7077054473139,2.0398050275
134,544.8803399000726,2.03949174924
135,545.3124445252255,2.04407715524
136,541.902841548179,2.03721064824
137,540.7437131583869,2.03200960794
138,542.1686825053843,2.03127234307
139,543.5746852967134,2.03158349329
140,542.158784565611,2.03319683599
141,542.8507928937095,2.03652501689
142,542.9339698873232,2.03994894789
143,543.8165707869674,2.04616245549
144,545.7762865080739,2.05225885119
145,546.4681961417787,2.05892815879
146,547.3043711732957,2.05906374454
147,546.5536612967672,2.05179725894
148,548.9254489462353,2.05357467844
149,547.7994538171872,2.05855644904
150,551.0647672150103,2.05388309604
151,552.106718107282,2.05964695004
152,553.4286418532743,2.05953420416
153,552.9175232184906,2.06125857566
154,550.6397189371232,2.05297063566
155,551.0463115809063,2.052572973
156,549.3285425733588,2.05005741
157,550.0510611665876,2.0504864939000003
158,550.5108066266973,2.0517666899
159,550.6219306902228,2.0536888087
160,551.8128303934008,2.0566138855
161,551.742277210682,2.0505264135
162,552.0745009164375,2.0462255328
163,550.5714444111479,2.0437493165
164,552.4054295503396,2.0423054786
165,549.9282681050308,2.0432997959
166,553.2819080907946,2.0444513496
167,552.2330604854656,2.0456610479
168,553.0969482616752,2.0542557059
169,551.8250351809652,2.0551018906
170,552.1458334007567,2.059420446
171,554.316534836949,2.0648256993
172,553.8599756815197,2.0635156593
173,555.4119514825727,2.0641322725
174,556.2990812225953,2.0655567278
175,556.8156919413757,2.0630008406
176,556.5595654539527,2.0649414496
177,557.2014600156834,2.066039676
178,561.7591707092951,2.0640844092
179,564.5068005390572,2.0587414102
180,564.780893417728,2.0550737883
181,565.8175444552613,2.0604220437
182,566.5051783865698,2.0368869277
183,566.2695001318103,2.0344167515000002
184,566.8430572939011,2.0371136433
185,565.9347322773406,2.039044268
186,566.5162358741028,2.046169934
187,567.4538406957106,2.049472815
188,568.5294855408137,2.0485912431
189,568.3047070046155,2.0487081296
190,560.8618100707481,2.0440797083
191,561.136785472957,2.0376470453
192,562.7404116616933,2.0394443995000002
193,565.05946320993,2.0387450995300003
194,569.4859791328885,2.04286756493
195,568.1979148341081,2.0449193014300002
196,567.3473358514326,2.04202435393
197,566.8416409875061,2.0434950503300002
198,567.0443741224246,2.04867584693
199,568.2205223664402,2.05249920733
200,567.8920120014106,2.0559683943300002
201,569.5791975891703,2.0558246644500002
202,572.1359884841787,2.05802921305
203,572.8704664002009,2.05946048715
204,570.2444869014452,2.06082445915
205,568.8180502552967,2.06393310195
206,569.3492434146925,2.0589575569500003
207,580.7331196361173,2.05767743765
208,581.2625232942515,2.06375085665
209,580.8809221517218,2.06134798345
210,580.224401704116,2.0672715521500002
211,579.7995318057438,2.0689737261500003
212,580.8942382562567,2.06894206738
213,580.3506399840311,2.07372102938
214,581.1664355706581,2.07550948918
215,581.0370065044311,2.08163484018
216,579.3712717763481,2.08215505782
217,579.27772796241,2.0864800202200002
218,579.2025439521417,2.08889714362
219,582.2568385367022,2.0881145452200003
220,580.1580275595941,2.08825612392
221,579.9713702019388,2.08489469622
222,580.3284626923688,2.08786610182
223,582.8980927087113,2.09033792682
224,582.0102723465537,2.09322494162
225,578.6008765415072,2.09117993632
226,577.5335437130295,2.08732275912
227,575.3791480998754,2.08990819912
228,578.0022302890483,2.0911203455200003
229,577.8548928849697,2.09420846822
230,579.3923875846264,2.09240499822
231,579.2943958018211,2.08718457122
232,580.4145168387187,2.0834893985200003
233,577.3669530825425,2.07920361452
234,576.6515578988212,2.07727489522
235,576.2840308967455,2.077230556437
236,577.6540951214374,2.074928425737
237,576.2101867861625,2.075851050937
238,577.822592409827,2.073334094637
239,578.3975435128639,2.075802997537
240,578.0690248712211,2.074384011737
241,576.3013204308232,2.073087898337
242,576.3990721594126,2.071582178837
243,578.3181853769795,2.077335972637
244,578.6920391100847,2.082973847637
245,578.8653801762646,2.086944734237
246,581.2070611728185,2.093207608237
247,590.1991742533654,2.105004867237
248,588.2095984951173,2.109210415237
249,591.2903156803363,2.109323007287
250,596.4342268603074,2.113345061287
251,597.7928331130655,2.109382255787
252,602.9857697853937,2.097710280787
253,604.8106718474604,2.103540155187
254,606.2819451743887,2.104491725987
255,606.8133799158419,2.103053686087
256,608.7880216512535,2.103380368757
257,609.4269063263313,2.104515287457
258,607.6428694522673,2.104875430797
259,607.2240358665471,2.103320568097
260,605.5177811388959,2.1022504872970003
261,606.4993646391224,2.108999025797
262,611.3194182671965,2.109908391747
263,611.6986955059556,2.108827417747
264,612.2410138245215,2.104617233447
265,611.6402201258288,2.103411231847
266,613.6239892443562,2.103903165977
267,612.9485129387944,2.105516021177
268,611.9453680836575,2.106250559577
269,612.6762092352243,2.107499798277
270,614.2130533455139,2.1124345382770002
271,614.9478475999088,2.115469152977
272,611.7957380835156,2.117767447977
273,610.231145550704,2.116959815377
274,605.5055438132614,2.115302611977
275,607.2001362117022,2.115756087317
276,607.8407868819777,2.122218205317
277,605.7123538336808,2.126232840817
278,605.8465263583176,2.127044255017
279,602.7908603396577,2.122374339017
280,603.5393379146603,2.127809277717
281,605.289167868767,2.1291160304170003
282,604.4983766375552,2.129532748437
283,600.9853482251888,2.130800601437
284,600.2839271671448,2.133070941937
285,599.9045834840887,2.132453391487
286,600.4645449806334,2.130265210687
287,600.5496214754381,2.130110678257
288,601.8694758027381,2.118934520257
289,599.9003709165278,2.117427152357
290,597.7805032757702,2.117700951877
291,597.7985437886257,2.119909656477
292,598.0813746959678,2.1257268464770003
293,596.8468179931111,2.126513816727
294,598.2323936434697,2.134511092727
295,600.3684611323566,2.134516651442
296,603.6942948596528,2.133858645642
297,606.416786491373,2.137693501842
298,607.4643989607175,2.141599740642
299,607.4655469109767,2.142947803442
300,609.7023710054924,2.142067383582
301,611.3643850377587,2.148687395382
302,613.8899512428285,2.152582788282
303,612.1203471582563,2.154062510482
304,615.3950873835781,2.1536783148620002
305,610.8100596384196,2.157130712862
306,610.8421153577597,2.159524691262
307,609.191054566601,2.159090121562
308,610.067759384364,2.157318023162
309,610.7065110046251,2.1558273877620002
310,613.3671573124291,2.160354905362
311,614.6024047951771,2.167784167962
312,614.2043916888751,2.172813047262
313,611.8972024808536,2.1749320424620002
314,609.7132400962124,2.174387636562
315,609.2668253166987,2.177354275962
316,610.3402398346439,2.169678183962
317,610.3080115641151,2.171161988862
318,610.0999161352651,2.170599176892
319,608.2948010063474,2.174410185192
320,605.8606698209583,2.173146925092
321,604.9845633029538,2.175908823692
322,605.6150015027856,2.176272152482
323,604.3503508061125,2.173195559082
324,605.825798940343,2.175016056082
325,606.3698840870252,2.175169096432
326,605.7299446566003,2.170144500432
327,606.8552292244501,2.171379726632
328,606.6852815657733,2.168580884332
329,607.501147564289,2.176025605332
330,607.6519086637003,2.1760794091760003
331,608.7743103429026,2.173625011176
332,612.1768514460867,2.170564844876
333,610.0375740945867,2.1709935041060002
334,611.3995336118716,2.167272736806
335,611.079174746428,2.163374442606
336,611.7545320562996,2.167192507806
337,608.774430417086,2.169506516106
338,609.779570512977,2.175566170606
339,612.4263882536595,2.176939816306
340,613.8998416203996,2.177275804806
341,615.4356953847057,2.179852428106
342,618.6837664453908,2.182824659106
343,617.7140203508794,2.184780892406
344,618.7707996903839,2.186459235806
345,621.2597272670179,2.1968889308060002
346,625.1228312702774,2.202991331206
347,627.4585655970225,2.203117054476
348,629.1229005089483,2.208221743876
349,629.7396219501055,2.2133726282760002
350,627.3788665871574,2.162331993276
351,627.8698807673428,2.160497910476
352,628.0001896860707,2.160101654056
353,628.2543000153041,2.162607243356
354,630.4258155805211,2.169334571356
355,630.8380913055389,2.166346655956
356,630.7461861063454,2.167670113256
357,629.9299316009657,2.167675843422
358,630.3373535875819,2.168950543822
359,625.442761975167,2.1694870253820002
360,623.7604925044033,2.171024689982
361,625.8018039813036,2.164752258982
362,623.5715217610316,2.168627688482
363,615.430312276512,2.171345920782
364,614.5050273877026,2.172548006682
365,613.3279179973869,2.173312352782
366,612.1470467838066,2.170945561982
367,616.33196191038,2.171681450382
368,620.1888899167208,2.174543017682
369,623.2511463631623,2.177763022182
370,625.327617249473,2.181783768482
371,624.3431474104552,2.1791386768820002
372,626.0396046190067,2.181320171482
373,626.2034918334663,2.186067125882
374,626.2472773686559,2.191075653382
375,626.5317476393119,2.195937420382
376,629.8231237855426,2.196921735682
377,632.0803513506216,2.196839527432
378,634.0958045919713,2.197300707402
379,635.0659735191514,2.199246035602
380,633.0411384411461,2.2065595336020003
381,632.1799136994989,2.209684613002
382,634.098960689193,2.213381713802
383,631.4911481827907,2.208355377502
384,633.2918892699159,2.208879926432
385,633.7315301888132,2.2081813586020003
386,630.9433167849982,2.2030448356020003
387,631.4312178067369,2.207346643002
388,635.5192384476688,2.1973695250020002
389,633.5204529094038,2.1985255421020002
390,634.8260924425612,2.1992150208020003
391,632.5053231461577,2.199446597482
392,632.7586906547662,2.200053363582
393,638.2222740433658,2.2000658388225
394,639.0756779990589,2.2046784681225002
395,640.1007777542181,2.2088653871225
396,642.7727849962397,2.2093771984225
397,643.1713816091966,2.2221168544225
398,643.1838406974922,2.2245247240225
399,635.0703524729611,2.2091939260225
400,634.6330183240115,2.2084077678825
401,634.6271457813292,2.2095343472825
402,635.4213485267376,2.2116163322825
403,636.8513816185998,2.2179877246825
404,639.1204758948862,2.2184270000625
405,641.9894027081551,2.2209680145625
406,641.4782493333422,2.2211661330625
407,642.2952523252408,2.2241494307625
408,641.6535587108783,2.2250858247625
409,641.961955743237,2.2278499736625
410,642.7667627759772,2.2221983352625
411,641.1373626589955,2.2237838502625
412,640.546585995036,2.2244177752625003
413,642.277006583437,2.2305009009625003
414,644.6118210781027,2.2295292046225
415,648.3202245388784,2.2410202776225
416,654.5086854988267,2.2416427540725
417,658.6165519849228,2.2408829494725
418,659.4864535171245,2.2457162674725
419,658.8901728058759,2.2476981300725
420,656.4522351526306,2.2515623934725
421,659.5651036868592,2.2534365205725
422,657.2219656777563,2.2533539955265
423,656.6025532974309,2.2564254478265
424,657.9790302019078,2.2570459608265
425,656.9501125983218,2.2599585329265
426,648.657523956959,2.2621541852265
427,646.1636634561354,2.2608017449265003
428,647.2465918846825,2.2655721049265
429,649.4799861526126,2.2682627922265
430,650.9124836265347,2.2641591522265
431,650.202763413115,2.2648970556265002
432,652.3189317276574,2.2611356226265
433,649.9457081085272,2.2464189536265002
434,653.8186658838846,2.2211173496265
435,656.9246731697968,2.2215949178265
436,658.8699208702035,2.2234160306265003
437,665.705903843257,2.2131587626265
438,664.4395998038017,2.2176522556265
439,666.0511209781322,2.2149649486265
440,667.6797250014923,2.2216078556265
441,668.8042546966661,2.2247885692265
442,666.9703367825674,2.2236825744265003
443,666.9377854320096,2.2271710121265
444,665.6225543737125,2.2285199458265
445,668.0199947550518,2.2295980178265
446,665.9870746369633,2.2303749252265
447,664.7660225663327,2.2311173356265
448,663.1697513597769,2.2360021806265
449,665.3323605191864,2.2439586846265
450,662.3989908464727,2.2462474996265
451,660.4296457916962,2.2432660073265
452,660.9928544082636,2.2429790058665002
453,659.9976071178768,2.2428990112815
454,661.971301252067,2.2381574729815004
455,662.1996251761142,2.2357330672815
456,663.6480331596539,2.2359490527815002
457,661.4534013430952,2.2362125015315
458,663.6394769873458,2.2429944455315
459,665.4484644293552,2.2422642127315
460,666.3118834126832,2.2448067103315004
461,665.5064815888558,2.2438885028715
462,670.5707383453357,2.2437830161255
463,669.9058569303058,2.2448214886255
464,670.2205157039449,2.2524806258255
465,674.3960054010066,2.2586181088255
466,672.230283114666,2.2561448592255
467,671.617298099755,2.2548271799255
468,671.986215063779,2.2570319832255
469,675.2173117995693,2.2585609414255003
470,674.7477913392019,2.2576006136255002
471,675.2184176405046,2.2673355296255
472,677.0537552900552,2.2753217016255003
473,676.6562336719699,2.2769899938255
474,675.607588312796,2.2788510268255
475,674.9264783736018,2.2789307391455003
476,673.4902714761305,2.2788901330755
477,673.248656942262,2.2851270764755003
478,673.984910632216,2.2921759231755003
479,675.8386380564339,2.2997033676755003
480,678.2328367793154,2.3036426321755004
481,678.7744945479855,2.3027617269755
482,680.2514759457207,2.3012539166755
483,682.0432138449152,2.2956346576755
484,682.545167251639,2.2922427764755002
485,681.507705013341,2.2933292177755003
486,679.5074737655575,2.2951695517755
487,680.0994157612581,2.2929077328755003
488,680.0524449195414,2.2914308885755004
489,680.8705112879475,2.2905160700755003
490,682.5402250219302,2.2962166980755
491,686.7228255145105,2.3017703305755
492,689.6228360916964,2.3018608132655003
493,690.8638195573208,2.3092572242655
494,689.3039022492744,2.3008628462655003
495,687.2378240909067,2.3045448775655
496,690.7941884279464,2.3073090899655
497,692.6742228054335,2.3145414849655
498,692.7632600989966,2.3136149647655
499,694.1573204234141,2.3150654650655
500,692.3713450584837,2.3152129163055
501,692.6477735563899,2.3150048929255003
502,694.0571059206588,2.3202386366255
503,693.3581087244754,2.3222076190255003
504,693.4073966888557,2.3221063067255003
505,694.1519113310137,2.3226354186755
506,694.714004173143,2.3312310896755
507,694.0881325336451,2.3295672475755
508,698.823652514623,2.3318729395755002
509,698.0850033913281,2.3317158992955003
510,699.5502172859456,2.3312203044955
511,697.3436207189789,2.3326473737955
512,699.5149758126797,2.3360949068955
513,703.4567315091447,2.3401921788955002
514,707.2516435107179,2.3399773320055
515,706.7678713844962,2.3327732106055
516,705.0410571075431,2.3348889720055004
517,705.2508173976483,2.3397927816055004
518,705.9192426267896,2.3440659392055
519,706.1017449874648,2.3509440055055
520,706.8439557871485,2.3555131658055
521,708.6078339860505,2.3541793312055
522,708.3901605649246,2.3556430698055
523,703.5578697173733,2.3491858011055005
524,707.9508245499117,2.3517495247055002
525,708.2712984265395,2.3549776201055
526,709.1740422543245,2.3574807889055003
527,710.7071062609906,2.3581518901755003
528,709.4371600790763,2.3591592406755004
529,708.2771904519785,2.3588472100355
530,709.3850294704346,2.3635981700355004
531,708.1009184247129,2.3578557020355
532,706.4731762535703,2.3578597632131
533,704.4022563203014,2.3583498196831
534,704.8321662107879,2.3522926156831003
535,704.6594457492769,2.3501465790831
536,707.3456782338155,2.3558237477831003
537,714.8461638461775,2.3554023327831004
538,713.7662488202936,2.3547483213831004
539,715.2627739635452,2.3610618623831003
540,714.8256226654578,2.3585701199831
541,715.9663458260262,2.3576008267831003
542,716.5906541602596,2.3602981817831004
543,716.3279046239728,2.3717232297831004
544,718.008551291349,2.3740819545831005
545,719.266572853452,2.3737079317431005
546,718.6676287173116,2.3788837541431
547,719.0313799228637,2.3773518357431005
548,720.0744325839031,2.3798141955431005
549,720.7504887224082,2.3807680218931004
550,722.2245632974403,2.3802801336331
551,724.8056021360438,2.3847014641331
552,719.9688714305945,2.3809038031331005
553,721.0572135990396,2.3808219467731
554,722.544561964207,2.3856812007731003
555,718.8986620757343,2.3811566191731
556,720.6101851696516,2.3886738754731
557,719.4190192718847,2.3897774023731
558,714.1549974304232,2.3852899586731002
559,713.2315018215185,2.3849221341931
560,714.5709308967498,2.3872918136931003
561,718.4297189655191,2.3931452716931
562,714.2828136695156,2.3927475454731
563,713.3527042322919,2.3901746383731
564,712.853655092748,2.3892102505731003
565,713.6424906783712,2.3918083180731
566,713.7751467693021,2.4000738810731
567,713.1926698255926,2.4010747500731
568,715.4730170910468,2.4039150736731
569,714.357974358932,2.4021801441731
570,717.1782182089385,2.4033501108731
571,723.9043910284605,2.4055072258731003
572,726.0704791024754,2.4054694956671003
573,725.4922384243978,2.4073547889671003
574,725.5003549413643,2.4111856325671
575,726.3949256813711,2.4128020866671003
576,725.5018351784016,2.4161298977671
577,726.2549169658444,2.4141056762671003
578,725.6650418066733,2.4087566332671
579,726.6515499778511,2.4095117489171
580,715.2411383377705,2.4132260133171
581,714.881102184705,2.4196464287171002
582,713.61513990091,2.4198352602071003
583,712.9298768332404,2.4256630447071004
584,714.5638719016971,2.4323874922071003
585,715.7393955681335,2.4319124261671003
586,714.9751981103976,2.4391717107671003
587,715.5974424338143,2.4392481776911
588,714.0894675213607,2.4392949190251003
589,713.7292330927664,2.4472472040251003
590,715.2286116270913,2.4480664352951003
591,717.4498595051966,2.4553409618951
592,714.1783043602197,2.4567243142951
593,710.7655654813842,2.4594769298951
594,712.4019198183893,2.4586633219551
595,710.1062280697977,2.4599050198551002
596,710.2766674684144,2.4653712672551
597,710.5731134463608,2.4726425722551
598,710.958864901578,2.4719121159551003
599,709.228551701111,2.4645684153551
600,710.4703914622773,2.4713441209551004
601,712.4143134789914,2.4773739303551
602,714.8474146747074,2.4753580313551002
603,716.3274790111049,2.4760932924551002
604,716.98751893096,2.4723003304551003
605,715.7364494167424,2.4778923224551
606,715.9844377101626,2.4766218586551
607,717.0895581146025,2.4765609593851
608,718.6798892188276,2.4774944067851
609,720.9822363009715,2.4776238851451002
610,724.0301029080478,2.4566626771451
611,724.7469806795842,2.4556718579451
612,726.593783037518,2.4606843203451
613,727.8378747870421,2.4671602048451
614,729.3051728701522,2.4670008632351
615,724.5561220986306,2.4643899469351
616,723.399025027465,2.4550145439351
617,723.8311444691291,2.4626550454351
618,747.2840806216551,2.4853521384351
619,753.3416498222753,2.4840591409351003
620,753.4693421057964,2.4844676537951003
621,752.0303807475071,2.4840946019151002
622,751.8709679343808,2.4859559780151
623,755.3727708777287,2.4906592483151
624,756.0092403452052,2.4906085181251
625,755.0888888333818,2.4938827163251
626,751.9104393357776,2.4964856273251
627,750.9535300644194,2.4945057368251
628,751.9836566520088,2.4944048183051
629,751.9425659473957,2.5076915363051
630,755.0990333799612,2.5039718679050997
631,754.932363753167,2.5089837245051
632,758.9729471753624,2.5106833397051
633,757.6072600583011,2.4949786617051
634,760.9612836147013,2.4898860991051
635,764.8218955089894,2.5004452761050997
636,767.7505536527736,2.4919390121051
637,768.9946009110263,2.4903959506051
638,768.5527520701344,2.4899910708351
639,770.4301397619782,2.4873547690351
640,773.5653220092845,2.4867699180351
641,772.7011298740448,2.4802325895351
642,772.8695874209722,2.4800211307351
643,772.7941121071864,2.4858998809351
644,773.2573212658513,2.4871924487351
645,768.9583917754726,2.4892396757351
646,767.3639409402707,2.4915384075351
647,767.4436625412413,2.4969450782351
648,769.6178123255502,2.5004006871351
649,770.059587464817,2.5004304704230997
650,765.5177995047669,2.5064417354231
651,766.4217329507054,2.5104409770230998
652,765.7626324559411,2.5097141650831
653,766.1779932113433,2.5131051324831
654,765.4081169535765,2.5144978664831
655,764.0934029857775,2.5130284316830998
656,767.0172604137063,2.5119597703830996
657,766.8930463403806,2.5112407553831
658,764.7344122050529,2.5090349955830997
659,765.8282214704833,2.5091596395430997
660,764.4192365407998,2.5193915035431
661,768.2909692164416,2.5208374207430997
662,765.8198982234077,2.5222562754431
663,764.0697263582636,2.5206880082431
664,764.6851556715723,2.5219735072430995
665,765.6053727409854,2.5238477562430996
666,764.3660031075385,2.5256827846430996
667,763.3411368136858,2.5271476417431
668,766.1230706111596,2.5347726884430997
669,767.9638448555785,2.5339068641430997
670,771.1168509744866,2.5366605628430996
671,772.5772683303186,2.5378511390430996
672,771.7447566807275,2.5325790393430996
673,770.9111763384645,2.5341250121430994
674,771.5406179902888,2.5321935982431
675,772.6860874661774,2.5336725540430995
676,772.9674553329631,2.5382860980430997
677,772.6088521935752,2.5453895328430995
678,773.050914595265,2.5483601510430995
679,771.5837594311512,2.5469835257430997
680,771.1606958430078,2.5482565441430998
681,770.4343246230758,2.5469360637430998
682,769.9990190984523,2.5443237449430995
683,771.7941081096891,2.5462644543431
684,774.4257000370282,2.5517763487430996
685,778.3885377938843,2.5526148487430995
686,782.1849807715403,2.5513361893430995
687,784.2077407766262,2.5481745408430996
688,787.5821702168255,2.5475015580430993
689,791.125674408577,2.5432555900430995
690,790.2691877505378,2.5430438234430994
691,793.1500789075036,2.5430985356470996
692,791.8097707568014,2.5448534022470994
693,794.3150964619646,2.5476840217470995
694,796.9221450467757,2.5544740613470998
695,794.2667006051349,2.5556531755470995
696,797.0280992083809,2.5638620215470995
697,794.8607757674399,2.5648444779470996
698,812.8706541232834,2.5456530599470995
699,817.2423237120097,2.5539592789470995
700,820.2608597209062,2.5497414456470997
701,821.7225524330682,2.5500730727070997
702,829.1855475868101,2.5500881207840997
703,824.649592774871,2.5372274067840994
704,834.5719638705958,2.5369396609040997
705,837.3458328767995,2.5405274205040995
706,837.3995953727192,2.5406686128140996
707,836.035959803301,2.5429042258140995
708,835.3299701566847,2.5458727092140996
709,833.6696120902942,2.5501417542140996
710,836.4977499645056,2.5564123477140996
711,830.0088001891678,2.5529480328140997
712,828.642693186984,2.5518287444140997
713,832.9114410490805,2.5500048883140995
714,832.8646450566894,2.5521628519140998
715,826.1877249429584,2.5493985137140998
716,827.1755523305853,2.5471676653140998
717,826.7526871436755,2.5543305273140997
718,829.9842960629765,2.5557701791141
719,828.0848814003531,2.5559189179040995
720,827.4090258469552,2.5535648919040996
721,825.4244516229139,2.5636443619040996
722,824.3914251627181,2.5626427103041
723,824.5769724411718,2.5596503227041
724,827.7814511400386,2.5612568225040997
725,824.7149799511576,2.5618155896041
726,825.2777549548546,2.5626650371640998
727,828.1238512302017,2.5706723101641
728,829.3127636340726,2.5708752421041
729,831.7687012333645,2.5766825138040996
730,832.4206870807276,2.5806435861040997
731,834.478077073915,2.5881059908040998
732,837.3886738539973,2.5937125923041
733,838.368695443102,2.5954219605041
734,836.1473069666827,2.5965804976041
735,837.7522843643089,2.6042950026041
736,836.3551059019137,2.6037488736541
737,838.7639459364196,2.6025646477541002
738,834.3524048942352,2.5961565202541
739,835.6419993282153,2.5961892942521
740,834.6149743364268,2.6035685232521
741,836.5464586715657,2.6031493357521
742,835.5540443670751,2.6088502601521
743,838.9673255857924,2.6135640321521
744,840.5287039326648,2.6147591541521003
745,840.3661615925326,2.6210176491521002
746,841.9135846146255,2.6196819084521
747,843.1828892319265,2.6242475976521
748,841.09992757537,2.6250764418020998
749,844.8108015788378,2.6254333421021
750,848.5493935077126,2.6252297014621
751,850.4285711385188,2.6258115393021
752,849.5593775207866,2.6262348776521
753,851.5061411352567,2.6215002152521
754,850.3400859007663,2.6201629188521
755,849.1240252582048,2.6117528133521
756,849.8514360155073,2.6144926430521
757,848.5031140779735,2.6093481433520997
758,847.2408412203757,2.6104567609521
759,845.1835983756035,2.6121329598521
760,822.6929019294321,2.5996640918521
761,827.7001241297625,2.6009072951521
762,831.4654602879481,2.5983279192521
763,832.7436004677261,2.6050143296521
764,832.5947370815554,2.6019321948521
765,834.910079137556,2.6024966272021
766,837.7293621647387,2.6032792094021002
767,843.3337548430335,2.6128943874021
768,844.7580218379015,2.6154286027021003
769,847.393516837011,2.6153203524621
770,850.0651357303467,2.6145532995621
771,846.4979677032396,2.6167669005621
772,846.1675702518974,2.6191943197621
773,845.4552184135581,2.6211166159620998
774,847.0073970045039,2.6203334914621
775,847.6366103402901,2.6265256070621
776,848.1850936725692,2.6267725499221
777,848.0619966632249,2.6298767156221
778,848.663355050485,2.6312133269221
779,855.146517872777,2.6315271231421002
780,857.1828164486942,2.6343085126421
781,856.211950704115,2.6351261773121
782,853.652830877244,2.6347448570321
783,854.836798610094,2.6410478642321
784,854.3171285315423,2.6419674189621
785,860.5051508209729,2.6302939479621
786,859.1480798142027,2.6309795454621
787,859.31602599493,2.6247299294621
788,861.7824748109357,2.6249323833621
789,867.0480519102779,2.6257660451221
790,868.0151513247472,2.6304077011221
791,868.4138014316401,2.6281626041221
792,869.6105541546206,2.6274407573221
793,873.7022481689385,2.6284641958221
794,874.7108961757034,2.6348621858221
795,874.5545162014075,2.6352711664221
796,874.849139520097,2.6401288344221
797,878.5652789026744,2.6418789773221
798,881.1291419243314,2.6479382206221
799,883.211980895209,2.6465868630221
800,886.9370139794087,2.6524037980221
801,891.692691310972,2.6525794376220997
802,889.1000600349704,2.6471689326221
803,890.1886131562131,2.6429007946220997
804,890.0673453518917,2.6422778815220997
805,890.5493930091644,2.6459719343221
806,893.6089059056368,2.6430393346220997
807,888.1401733703088,2.6275713786221
808,888.2795127140362,2.6200405580221
809,889.7833083712908,2.6136684690221
810,891.5448920224795,2.6157467675221
811,891.0377837574764,2.6142351043221
812,893.1965107976011,2.6213814088221
813,892.7752070992392,2.6209844931421
814,894.3737294996372,2.6220253889421
815,896.1886919470219,2.6295565382421
816,894.3385661354339,2.6329026563421
817,894.7805419944481,2.6372563076421
818,897.4489109824543,2.6363693742420997
819,898.103829171468,2.6409089652421
820,898.6010842045833,2.6367798312421
821,906.2208691470132,2.6344309742421
822,908.2245871054022,2.6347588323821
823,905.5973031747859,2.6328327991821
824,904.7238602811369,2.6361363069820998
825,910.6720993902388,2.6378192160821
826,910.6451504472572,2.6441632120821
827,914.1023180504152,2.6455666871821
828,920.8659911812238,2.6436813734821003
829,922.8126226921056,2.6482518244821
830,921.1566585110003,2.6489819169821
831,919.1448859910302,2.6491145619121
832,918.3530162003761,2.6456403324121
833,921.0300367320607,2.6536236004121
834,923.3117353886662,2.6558675306121002
835,922.869861982724,2.6558995299521
836,922.5741624816366,2.6568032708521
837,923.3342758547187,2.6619138868521
838,924.497137722745,2.6622984705521002
839,924.3060390796435,2.6599229008521004
840,925.3979913114224,2.6568167088521
841,911.7495998681114,2.6096923388521
842,909.2184267961711,2.6122403093521003
843,903.0903127839334,2.6098142183521
844,902.3937579162023,2.6128951081521
845,900.3845782142018,2.6097742317521
846,893.8799211720786,2.6045195157521
847,893.920947033554,2.6083684780521
848,895.0972107662976,2.6122679347521
849,902.8160215918276,2.6117304258821
850,905.730222059895,2.6208496908821
851,906.6106295141146,2.6260389428821
852,902.942761508547,2.6268688926220998
853,902.2951433299446,2.6274936481221
854,902.9085651100487,2.6273708612421
855,907.9255873869855,2.6319052592421
856,909.9186946900363,2.6381777432421
857,909.3681057996191,2.6357298654420998
858,910.5358030138211,2.6253190104421
859,914.0300642850372,2.6246976831421
860,913.9131238361709,2.6211382064421
861,915.9967284120725,2.6236908072420997
862,921.0724045997099,2.6228388753721
863,920.6667189499083,2.6242085613721
864,919.554541676816,2.6320996503721
865,926.1153347304211,2.6369057443721
866,927.8528841675361,2.6358979683720998
867,925.9722280640046,2.6256975463720997
868,926.199405951542,2.6252500365321
869,925.1422850178612,2.6279594292321
870,925.4041581984284,2.6330674702321
871,924.769360281216,2.6327308828321
872,922.7521220353216,2.6323599395821
873,925.5935196101789,2.6322365773521
874,926.0199698859778,2.6307000324520997
875,925.3311861387591,2.6354841377521
876,926.0143284040878,2.6389912298521
877,925.5133313168601,2.6402234785521
878,922.8233879032674,2.6402119469741
879,919.5044660467892,2.6408290676240997
880,920.6398879079,2.6409230335041
881,921.3623149485811,2.6392328054040997
882,925.2939598662368,2.6428196488041
883,926.5207530904562,2.6434713211740997
884,927.4434192392577,2.6438054538441
885,930.6537680664951,2.6499495198440997
886,932.2440924917113,2.6590598188441
887,932.1880518500084,2.6612658670441
888,933.6779399544198,2.6603391296041
889,931.8330037359408,2.6619489081041
890,932.4968119355128,2.6618912641841
891,932.3278629837235,2.6634432918841
892,936.4455393362958,2.6637793948541
893,939.3573697312959,2.6627660666541
894,938.9297055895704,2.6641814611541
895,943.3279800170193,2.6683384394540997
896,942.0931782184279,2.6697292314540997
897,948.030427483171,2.6734403891541
898,946.182027909916,2.6738260655241
899,944.1315396167195,2.6733655906241
900,941.4779270679953,2.6742849278941
901,940.3849945282777,2.6731952381940998
902,937.8527023053871,2.6753248068941
903,940.8317657170961,2.6819142865941
904,940.427569403094,2.6893649449940997
905,941.0477055302276,2.6961128179941
906,941.0337747959217,2.7026798169940998
907,941.4871699125594,2.7044546316941
908,940.4510160194146,2.7058092831940996
909,941.8140378214699,2.6996084431940996
910,940.3829554408005,2.7034598848941
911,941.6429016831167,2.7058484865940997
912,944.326439693221,2.7130764515941
913,946.7008002665787,2.7148109259941
914,943.4098533837704,2.7156580231341
915,945.3284289265897,2.7043358621340996
916,960.6570437863744,2.7050934407740996
917,962.4741470466913,2.7105721125741
918,937.4397324944164,2.7028257830740996
919,940.2037990440369,2.7020366382741
920,940.8673977530239,2.7086930842741
921,944.0445112548172,2.7154556382740997
922,944.5884080560955,2.7115752105741
923,946.9406397736401,2.7076273105740998
924,951.3448432655194,2.7086934483741
925,956.6985389396272,2.7072094729740996
926,962.8749497875249,2.7085764342740997
927,963.9621741635403,2.7090712306741
928,968.9044564285856,2.7062523466740998
929,962.7478985715393,2.7076458194741
930,965.4674075083831,2.7093717103741
931,967.4738117520839,2.7113690976741
932,968.2858843668927,2.7123795453741
933,972.0180977670342,2.7161291453741
934,973.6342397927868,2.7186452301740998
935,971.386976689051,2.7198870384741
936,974.960685965864,2.7251370919740996
937,974.2699200411104,2.7227965975740998
938,979.0732575144566,2.7249605348741
939,980.771014503376,2.7246276304441
940,981.8043422903877,2.7163696764441
941,990.6188344048195,2.7223798488441
942,993.5130370901,2.7245873601441
943,996.3346705469764,2.7276750491441
944,999.7625450359733,2.7289080340440997
945,995.3777449758089,2.7418836450441
946,999.3898825344718,2.7461723040440997
947,1003.5701921974927,2.7442169399441
948,1004.8869692202555,2.7453130167440998
949,1006.5719848933592,2.7439378095441
950,1006.1879258627966,2.7468996851441
951,1000.7090072203781,2.7456145428441
952,978.597653218047,2.7387884738441
953,980.0949493157306,2.7398640683441
954,981.0002630694182,2.7389421364141002
955,982.9139801360091,2.7386966995941
956,984.6703829393551,2.7397381205941
957,983.1443464909639,2.7358177225941
958,984.1553149039195,2.7337894385941
959,984.3443770153199,2.7309065775941
960,983.1072914901521,2.7305395618441
961,979.7352700519322,2.7308447474441
962,975.5835346620486,2.7320178086441
963,972.6518481907273,2.7417601986441
964,972.0518070101651,2.7410179960441
965,971.1552021122951,2.7430735078441
966,973.9354993240441,2.7434720181441
967,973.3300643002959,2.7469421689441003
968,966.7844465791192,2.7452796544441003
969,969.945564500212,2.7465841482441
970,974.7765025372374,2.7484943446441
971,972.076339944973,2.7382698216441
972,970.8920467030257,2.7467539476441
973,973.1438927445043,2.7518969336441
974,979.5278052370026,2.7514145239441
975,974.2364797827395,2.7512803795541
976,971.7444893515025,2.7507300014541
977,969.2603644956818,2.7533266612541
978,968.0987312465292,2.7536011640741
979,966.6727000331815,2.7581366295741
980,968.2956643260432,2.7637807661741
981,967.8494032404122,2.7636580860441
982,966.0937549101903,2.7597704797441
983,965.6341066302604,2.7592900287941
984,965.4507965418258,2.7623839624941
985,968.4262492806628,2.7621298350341
986,968.8500562950541,2.7618942536441
987,970.5952658597695,2.7663229506441
988,969.9641825855384,2.7688273753440997
989,973.2443631308432,2.7664241483441
990,976.5315099820363,2.7719587043441
991,980.0893673866948,2.7677665467440997
992,980.9871918749317,2.7753689687441
993,977.3575459357073,2.7801151091441
994,979.8013604552343,2.7872068166441
995,976.5393681416346,2.7821949661441
996,976.2338341875894,2.7819791164441
997,977.0687467523426,2.7817876765941
998,976.0826137388267,2.7820718029741
999,977.6288650553385,2.7812405290041
1000,981.3888426810834,2.7833683296041
1001,981.6733625181037,2.7826088584041
1002,989.5357209311087,2.7585320284040997
1003,993.5277702563108,2.7611661497041
1004,992.9896875978849,2.7459734117041
1005,998.7213217848852,2.7513994137040996
1006,1001.7991724654864,2.7567402137041
1007,1000.5293578530345,2.7544828880041
1008,998.8231444334235,2.7510571008040996
1009,1002.8575583167844,2.7538434419041
1010,1009.8809518864067,2.7531780277540996
1011,1012.4159219277369,2.7525718226541
1012,1012.3918949875763,2.7572921282541
1013,1014.0111356421711,2.7614468937541
1014,1016.5211569526605,2.7625694891541
1015,1017.2792728406495,2.7658883204541
1016,1017.4991576842644,2.7656448545441
1017,1022.9917660818218,2.7641930385441
1018,1026.2877129724045,2.7632349029440997
1019,1027.6433640196092,2.7625221088040997
1020,1025.0143121444935,2.7615983044441
1021,1027.2256544461848,2.7642173639441
1022,1025.8597581432089,2.7664112884441
1023,1026.0102567656654,2.7690238404441
1024,1024.865900432424,2.7686703794441
1025,1022.1919732350082,2.7641310089441
1026,1022.5108329165578,2.7702052247441
1027,1024.0325881401825,2.7704508195141
1028,1028.9196054854115,2.7667731147141
1029,1031.0313248946593,2.7691102969141
1030,1030.706225314312,2.7695902790941
1031,1030.4981979077781,2.7709505337941
1032,1025.2177846847942,2.7680521023941
1033,1019.6285354807842,2.7520530593941
1034,1017.9501815379128,2.7518814257841
1035,1012.4444142410573,2.7527302676341
1036,1014.2992282020797,2.7551601895341
1037,1017.9702584755488,2.7575769718340997
1038,1015.372929451003,2.7541971186341
1039,1017.4106149777286,2.7559712103341
1040,1014.7043653126407,2.7590227863341
1041,1020.0316170098633,2.7588354140341
1042,1023.6524589418699,2.7632429223340997
1043,1024.019184584956,2.7648557300340997
1044,1023.6120742276682,2.7675543263341
1045,1029.688511466099,2.7744631756341
1046,1030.744699526252,2.7777890668341
1047,1031.457907035323,2.7770320340341
1048,1034.0311895626899,2.7789280619341
1049,1033.8999873424273,2.7799346172341
1050,1030.2027203554214,2.7807562608341003
1051,1029.6737176457757,2.7821504125341
1052,1032.0830264655258,2.7854935835341
1053,1037.405424242233,2.7846914983841002
1054,1038.8401078083484,2.7864144557841
1055,1038.5000438418745,2.7900468457841
1056,1037.8225509945682,2.7895405102841
1057,1036.748899799428,2.7889247324841
1058,1039.7487275572532,2.7960170211841002
1059,1038.741817421708,2.7965732309841003
1060,1039.935433255001,2.8031197169841002
1061,1042.406354682252,2.8036107239241
1062,1043.0795256224858,2.8033220203041003
1063,1039.8323394722552,2.8025825759041
1064,1042.5021064042694,2.8072147399041003
1065,1037.6472700049387,2.8067081226541
1066,1040.923377178749,2.8073653156141
1067,1041.5700483286053,2.8149132059141
1068,1042.063895247441,2.8125561642141004
1069,1039.3590814801305,2.8146918196141004
1070,1042.2209686636154,2.8205729470141003
1071,1042.4584355742404,2.8187063248141
1072,1042.8033925241496,2.8170362028141005
1073,1044.110628749586,2.8211070035141
1074,1043.8278082378565,2.8204761271141003
1075,1041.036830525492,2.8214364929841
1076,1042.5958607364478,2.8264155515841
1077,1037.7913554776217,2.8336252485841005
1078,1036.0305191103544,2.8324534561841004
1079,1037.869712190413,2.8371735631841
1080,1039.2029921080148,2.8428135301841
1081,1041.4379304330841,2.8501543751841005
1082,1040.9616936980124,2.8500469927601
1083,1042.9640725180652,2.8500189520341004
1084,1043.5633825671957,2.8485813867341
1085,1044.1983117833836,2.8525079852341
1086,1046.4931972656477,2.8499369100341
1087,1050.4701110621995,2.8511041355341002
1088,1049.73863979392,2.8492794302341
1089,1048.5113778582472,2.8493260690061
1090,1046.3328178249337,2.8515943862061004
1091,1045.4163351190675,2.8550818656061003
1092,1045.0122055156014,2.8564971295061
1093,1042.6447623413792,2.8563091176261004
1094,1044.9910513948728,2.8570090729261004
1095,1052.6923977081888,2.8558675988261
1096,1054.0319541530037,2.8533999826261
1097,1051.238544965692,2.8533880337281
1098,1052.5900145058795,2.8531891158281004
1099,1053.5987798298725,2.8496762956281003
1100,1053.5054109490668,2.8530725848281002
1101,1056.2459901275092,2.8515914722281
1102,1056.5432561647979,2.8524752235281
1103,1055.1792081070128,2.8539342032281003
1104,1054.3226207377793,2.8527102407281
1105,1055.7232967740104,2.8543198588281005
1106,1054.559126096305,2.8576200888281003
1107,1059.96073506948,2.8630370698281
1108,1063.2831509367059,2.8614507496281
1109,1060.8880083488125,2.8605384494281
1110,1059.935615023124,2.8615450154281
1111,1061.8760739194352,2.8611744822481002
1112,1060.3907328169353,2.8643083477481004
1113,1062.2201397988883,2.8640378965281004
1114,1067.8573753282917,2.8657963388281003
1115,1070.1414728123225,2.8733879212281
1116,1071.866897865691,2.8717630546281003
1117,1055.715561016088,2.8688105530281
1118,1058.9461642277918,2.8653829737281002
1119,1056.7446693704057,2.8652667585821003
1120,1059.4798713983369,2.8598551857821
1121,1059.010536097096,2.8580781411821
1122,1057.0707650308113,2.8592441126821
1123,1059.4794107042935,2.8596132971821
1124,1066.5702207644883,2.8592926977421
1125,1074.282234862953,2.8626724173421003
1126,1076.3074827972234,2.8580884913421
1127,1074.2081932706026,2.8580930034254
1128,1074.0826799665786,2.8596544102254002
1129,1075.0864792945238,2.8596782588354
1130,1074.492946196087,2.8600644168154004
1131,1077.5152824264808,2.8621173405154003
1132,1078.803081820122,2.8673788460154004
1133,1078.1432563392289,2.8715372562154
1134,1078.5343484066414,2.8787073952154003
1135,1071.1872933687278,2.8779935106154
1136,1071.0162959383722,2.8730958376154003
1137,1074.6187900208506,2.8815864756154
1138,1073.3463410040708,2.8798764292154
1139,1075.5771555955357,2.8809289951154002
1140,1076.462381623558,2.8867768506154
1141,1074.3810382716556,2.8869554286954
1142,1079.9451862225255,2.8847535569954
1143,1083.20643504234,2.8829173339954
1144,1087.358179754595,2.8834914334954003
1145,1086.2994762247667,2.8853760203954
1146,1083.4401533964012,2.8872222138954005
1147,1086.4153649993357,2.8876863673454003
1148,1089.4102014956309,2.8867115842454
1149,1095.1609746202348,2.8908218018454
1150,1096.935054795272,2.8985246708454
1151,1098.3456641330483,2.8989804656454004
1152,1091.1532167472496,2.9007494631454
1153,1087.9663076975064,2.8984442667454
1154,1087.7856672442467,2.8983955570034
1155,1091.5196705965834,2.9089363860034
1156,1095.3508776798417,2.9172469690034
1157,1096.150604166749,2.9220468225034
1158,1098.9773977927316,2.9293938685034
1159,1101.6727970145862,2.9280710365034
1160,1092.738867948511,2.9304361958034
1161,1096.6662230171924,2.9296677077634
1162,1096.039183563624,2.9338921832634
1163,1094.193535123818,2.9420532392634002
1164,1097.8033879213515,2.9386817312634004
1165,1096.994541973939,2.9386658447634004
1166,1097.434337869273,2.9401640746634
1167,1100.352081275681,2.9440169514634005
1168,1106.5019340931426,2.9481421637634004
1169,1106.4460010577193,2.9539039657634003
1170,1101.953913276875,2.9556934976634004
1171,1109.1582415649843,2.9567804543634004
1172,1110.8504276161539,2.9596414935634003
1173,1108.9945749072629,2.9569557331634004
1174,1108.0448885120356,2.9588806546634006
1175,1108.1113269167922,2.9601257563634005
1176,1108.1553931577675,2.9614402785634004
1177,1104.5398446983384,2.9623472983634
1178,1103.9678797812453,2.9655417555634003
1179,1106.2779546490451,2.9646045590234005
1180,1108.6099249664628,2.9653761825934004
1181,1111.7767100139747,2.9623230827934
1182,1113.2064971105676,2.9672293911934
1183,1109.2641013481966,2.9667262034234003
1184,1107.422377958823,2.9618269144234004
1185,1110.4385413657853,2.9620511918434
1186,1107.0052894823798,2.9602634954434004
1187,1111.9982337051194,2.9616883954434003
1188,1115.9722815391533,2.9697052229434
1189,1105.4339521776237,2.9663579166434
1190,1101.4667709205921,2.9598075006434
1191,1105.9482242889353,2.9587017492434002
1192,1108.1677438174338,2.9587142478254003
1193,1107.214640323757,2.9533405718254
1194,1107.3376152170636,2.9522043095254
1195,1109.6530219605424,2.9528804768254
1196,1107.5711990409445,2.9482263873254
1197,1107.694645869893,2.9490053205554
1198,1110.0022634793897,2.9560839290554
1199,1107.9113502176697,2.9588522383554
1200,1108.5741238376854,2.9641300573554004
1201,1111.3941684597487,2.9629280778554
1202,1106.1759134394313,2.9675595808554003
1203,1105.4590418690577,2.9732462933554
1204,1103.6021637359097,2.9724877234554
1205,1110.1286057096115,2.9712002320554003
1206,1108.3161157200373,2.9707266420954
1207,1111.946674256231,2.9750324020954
1208,1109.1676329686068,2.9758080742954003
1209,1107.1041570255825,2.9762812539454
1210,1106.740741096353,2.9794791327454
1211,1104.1371235422573,2.9795462986554
1212,1105.4174138191797,2.9797494399854
1213,1102.8354744477112,2.9789522888854
1214,1098.2032412214016,2.9709080178854004
1215,1099.3240431791007,2.9685195195854
1216,1100.8995494354317,2.9671769259854
1217,1100.0335610428442,2.9742039042854
1218,1102.3847164544989,2.9728039870854
1219,1095.0518638761243,2.9637610480854004
1220,1093.004564657383,2.9646617967354003
1221,1098.1517198931765,2.9659923709354
1222,1099.0101617296154,2.9755231409354
1223,1095.9823118033391,2.9765704397354003
1224,1096.456285815733,2.9832298641354003
1225,1099.2477425802913,2.9829425721054004
1226,1095.5568856053756,2.9840581378054
1227,1089.0103188255819,2.9903634958054
1228,1082.773044894818,2.9933011279054003
1229,1086.985856246301,2.9932523094314005
1230,1082.4107664739217,2.9921392398314004
1231,1086.2132523329544,2.9924477974314003
1232,1086.9391580589092,2.9943641973314
1233,1088.667682619917,2.9969885765314004
1234,1085.6612920858634,2.9923124371314005
1235,1088.2139393024156,2.9867258551314
1236,1084.381150998367,2.9867710139154005
1237,1089.419715003907,2.9872408723854003
1238,1093.7066799570473,2.9873958305054007
1239,1092.6564878191712,2.9919955755054004
1240,1092.2000918147808,2.9928681871554006
1241,1095.0545913774815,2.9886122674554003
1242,1085.3260803953913,2.9933361120554003
1243,1079.400237982845,2.9915025699554003
1244,1078.908457513599,2.9920357227954004
1245,1085.3461111549686,2.9943462534954004
1246,1084.515489329146,2.9945678606554003
1247,1083.8765848781982,2.9889645444554005
1248,1084.5634736715133,2.9963047037554005
1249,1085.1494827300244,2.9950406576554003
1250,1089.89460539799,2.9949744838104007
1251,1093.2145597309425,3.0005883864104
1252,1094.7865106564554,3.0002920905904005
1253,1095.7635551769424,3.0016207348904005
1254,1094.8231481677535,3.0008994166904004
1255,1100.5324286363493,3.0026979660904
1256,1101.0867053008906,3.0089478003904
1257,1097.627980220567,3.0110510401904005
1258,1098.4483850545525,3.0156681251904
1259,1090.4605738494809,3.0115369331904
1260,1093.5814425694023,3.0109209076904
1261,1093.4002077568662,3.0110435384104
1262,1094.8479199283456,3.0161278207104
1263,1094.6690237270586,3.0165020164104
1264,1088.2725321793553,3.0174596210104
1265,1089.235547699071,3.0205173563104
1266,1081.3989168533678,3.0228382811104
1267,1081.0738047261432,3.0204163111104
1268,1082.2193936642066,3.0199846419104004
1269,1085.2799317538768,3.0276628103104004
1270,1087.158834899389,3.0347116756104002
1271,1093.8758838113743,3.0352395575104003
1272,1097.597602124298,3.0391089269104006
1273,1098.8676384562623,3.0403286334104003
1274,1075.7880818865303,3.0322607514104005
1275,1069.2142604271821,3.0387117894104003
1276,1075.2850173554648,3.0403051954104003
1277,1073.7106956798814,3.0447736464104
1278,1075.37381234598,3.0491373644104005
1279,1074.1727485198348,3.0496993160104005
1280,1075.8470885446886,3.0513372596104
1281,1076.5481724763765,3.0502796405104
1282,1074.730671938184,3.0702168935104
1283,1085.7208162023517,3.0701478770104003
1284,1086.030933679102,3.0777695790104005
1285,1089.140304100844,3.0813358245104006
1286,1089.9364352107787,3.0830746355104006
1287,1087.731768466329,3.0717565085104006
1288,1088.293807357151,3.0754913385104006
1289,1090.791553195151,3.0825679175104
1290,1091.1480273870839,3.0818021268104
1291,1091.3821615225627,3.0804466096104006
1292,1092.832239200641,3.0866688586104
1293,1092.0919362822249,3.0843131489104003
1294,1090.0049994834737,3.0860521715104
1295,1088.2453819587047,3.0876015514104003
1296,1088.2515214386751,3.0895096567104003
1297,1089.20588969579,3.0925814177104005
1298,1091.0360222280806,3.0997731963104003
1299,1088.7291487551138,3.1019519335104
1300,1089.6577662379384,3.1033595110104004
1301,1090.2737722201425,3.1028865462604003
1302,1093.364818076447,3.1074810077604003
1303,1103.6537702524215,3.1105767137604
1304,1104.1781147901374,3.1129728695604006
1305,1108.4476273877126,3.1150471700604
1306,1111.5918064764137,3.1167080237604003
1307,1101.4955565778935,3.1187717637604004
1308,1099.015873085412,3.1190967437404007
1309,1098.0640131847501,3.1215977083404005
1310,1096.5771287673333,3.1155222590404006
1311,1096.722045459338,3.1141076166404007
1312,1100.609494318072,3.1156753596404005
1313,1109.3329251700372,3.107936910040401
1314,1117.0986324866221,3.1091647268404006
1315,1119.392797281835,3.1118457032404008
1316,1117.8280719704394,3.1128601616404006
1317,1118.1041250678134,3.1126513224204007
1318,1119.2662214469235,3.119392084820401
1319,1118.5387092598653,3.121072585620401
1320,1121.088981096302,3.1125487646204006
1321,1119.843831623795,3.1126367210964005
1322,1118.315146695309,3.1157804593964005
1323,1114.956998624306,3.1126975327964006
1324,1123.37210423767,3.1173718777964003
1325,1123.2920155691393,3.1161905400964
1326,1121.5999671073268,3.1177543422964002
1327,1117.2558329976055,3.1182598358464
1328,1115.2433588344043,3.1195028388464
1329,1115.7526184316628,3.1118773363464003
1330,1115.1617570720007,3.1035729553464
1331,1118.7856898702444,3.0966848446463997
1332,1112.9227997471198,3.1009291600464
1333,1115.1363511110296,3.1052788420464
1334,1114.5981922405088,3.1109583763464
1335,1113.8224675101217,3.1106187142964
1336,1114.2989614745688,3.1148412055963997
1337,1117.1199115881861,3.1170306159964
1338,1117.8992374064956,3.1204503656963998
1339,1118.6989395488893,3.1223689882964
1340,1124.0659413406338,3.1230241746563996
1341,1123.61424676145,3.1215488580564
1342,1126.5879177086317,3.1212760298164
1343,1129.7326026698618,3.1210695323463997
1344,1132.2875864926593,3.1214272589464
1345,1135.7137192259345,3.1219788907463997
1346,1137.1820014949913,3.1288860267464
1347,1131.574572283858,3.1244329814464
1348,1132.1521000635544,3.1251422406464
1349,1131.5327193490562,3.1247342830263998
1350,1130.9256468966516,3.1228308498264
1351,1128.6013397816382,3.1186071673263998
1352,1128.7388573381097,3.1215403983264
1353,1131.7097862780022,3.1245589279264
1354,1134.95211071027,3.1218728863263996
1355,1118.9744569171667,3.1247581306264
1356,1115.4901291289045,3.1312185593264
1357,1117.092180993243,3.1310605215964
1358,1121.0022091716805,3.1306213690964
1359,1124.1026106063764,3.1338891810964
1360,1127.0061921550096,3.1315087806964
1361,1129.2107406883486,3.1385442493964
1362,1125.2750891691405,3.1385318370204
1363,1126.71008643671,3.1413005987204
1364,1127.2466147831808,3.1467181072204
1365,1127.1803521576712,3.1467546545004
1366,1126.5660066283874,3.1520136068004
1367,1127.716755838884,3.1530318433003997
1368,1127.7953317761962,3.1593077579004
1369,1122.420186256593,3.1612874689004
1370,1125.9126007068433,3.1625295829004
1371,1124.8928874477815,3.1646622541004
1372,1122.6344402226312,3.1617430023004
1373,1122.5696761714871,3.1608407739004
1374,1125.8267043202097,3.1614548367003996
1375,1125.6464902674668,3.1585357341003997
1376,1127.5404755862166,3.1558203877004
1377,1134.8284239916682,3.1593958829004
1378,1132.5394478245946,3.1578558460004
1379,1137.6269365457053,3.1636522120004
1380,1132.5494466700454,3.1637904399403998
1381,1136.3571614918992,3.1679340479404
1382,1133.55026498537,3.1697085882403995
1383,1133.5085653914332,3.1695608238403996
1384,1133.4199056726284,3.1697793682303996
1385,1136.1330530336243,3.1734335259304
1386,1139.983998057863,3.1780529959303996
1387,1137.4988052404858,3.1680859889303994
1388,1135.2355777851421,3.1740549769303996
1389,1140.0576282652894,3.1775723501304
1390,1139.046482767346,3.1837956821303997
1391,1138.778407892865,3.1830559801303995
1392,1141.4240460179085,3.1803710709303994
1393,1145.486272268519,3.1806791080503993
1394,1143.4974359323226,3.1801476902504
1395,1147.2791351816072,3.1822773653503997
1396,1145.3796225187868,3.1830109512503997
1397,1143.7760364126525,3.1847320769503993
1398,1138.7541184459294,3.1841879140203995
1399,1138.557599434319,3.1873683760203995
1400,1125.9616558741875,3.1859244262203994
1401,1127.882500407277,3.188269229420399
1402,1126.1505358824177,3.1877941373003993
1403,1124.6742045580306,3.1896509159003994
1404,1122.3503273634012,3.188709613160399
1405,1121.0186077452797,3.1867852379603994
1406,1117.573559275851,3.187591795090399
1407,1123.125281837632,3.1958464990903996
1408,1131.1132747730182,3.195246262040399
1409,1132.0227115180662,3.1936727712403994
1410,1137.4635197873838,3.2053655852403997
1411,1133.9828148752185,3.2058154180003995
1412,1132.084753532494,3.222257521000399
1413,1131.69256650945,3.2253500323003994
1414,1136.0000272047164,3.2254347612343994
1415,1140.430345518813,3.2305455092343998
1416,1140.9654298146088,3.2367410522343993
1417,1140.2888660328285,3.2345538472343995
1418,1138.3777155526845,3.2341962574044
1419,1140.2114094818728,3.2387934554044
1420,1133.442812399165,3.2335307196043996
1421,1138.4361022202559,3.2331450111643996
1422,1142.2083785511288,3.2358164026643994
1423,1140.4989139691086,3.2345116281643995
1424,1141.5634321611296,3.2413297266643992
1425,1144.968796245332,3.2481266943643994
1426,1146.8866869901892,3.2513538881643993
1427,1147.8139088070345,3.2550524082643992
1428,1156.9475599350208,3.2530985465643996
1429,1157.3907562332058,3.2527832386643993
1430,1154.8333055267926,3.2542309330643993
1431,1154.6731520891487,3.2595350083643995
1432,1152.4615846621625,3.2540396309643995
1433,1154.8544139132878,3.255192577264399
1434,1159.0156786497366,3.2534006189643994
1435,1157.705551434117,3.2519957817643994
1436,1155.5513453880699,3.2428849717643997
1437,1153.6776319392534,3.2379305233643993
1438,1152.9253181324798,3.2379914433273997
1439,1155.8674312429196,3.2411938945273997
1440,1159.7355741970357,3.2418344404273993
1441,1155.9981001607487,3.2359387331273997
1442,1156.6740988804104,3.2367808519973993
1443,1159.391311059534,3.2370657751173995
1444,1160.6040921085896,3.2377401752473993
1445,1162.9318811501298,3.2375448877574
1446,1162.27718434236,3.2387126411573997
1447,1162.7614590096891,3.2391174996573997
1448,1165.4077921164665,3.2411357701574
1449,1167.3432730582042,3.2431991593574
1450,1168.0211369230306,3.2479852703573995
1451,1174.399972500692,3.2470032413573997
1452,1175.4879595360162,3.2487900631574
1453,1176.0017946515538,3.2526489395573996
1454,1176.8664317077635,3.2504743637574
1455,1176.5794354696118,3.2510599768573996
1456,1178.3490180000347,3.2521445052574
1457,1179.4293927175934,3.2554267442573996
1458,1181.8404003274563,3.2593564522574
1459,1180.0764054372144,3.2572481414573997
1460,1182.244357669836,3.2613427764573997
1461,1182.994498926468,3.2608823185573996
1462,1178.2181657350195,3.2613362788873994
1463,1177.1423343744214,3.2554618574873997
1464,1181.7970087209967,3.2602172234873996
1465,1184.2633091710757,3.2614874030873997
1466,1189.1200207277975,3.2668473786874
1467,1190.949927561871,3.2672581980274
1468,1188.051671357694,3.2668805471574
1469,1186.051829206725,3.2658605078573997
1470,1178.1631565360979,3.2649727556974
1471,1181.847059479055,3.2655712763974
1472,1182.8176834637998,3.2667228783974
1473,1188.3430719683436,3.2665039208174003
1474,1186.8350870697,3.2618579664174003
1475,1185.6378037986249,3.2633101968174003
1476,1185.513581241704,3.2627767006674
1477,1174.9591589217587,3.2689427042674
1478,1176.452289501178,3.2664751562673997
1479,1183.7548206222793,3.2717515275673996
1480,1188.6942158848017,3.2730651983673997
1481,1191.5778225863035,3.2702729589674
1482,1196.67678665738,3.2716481658673997
1483,1201.561622856195,3.2727160417674
1484,1205.627381884897,3.2757310293674
1485,1210.0860478978007,3.2777387696674003
1486,1211.8725008345186,3.2856503876674
1487,1214.2548679038937,3.2870555099674004
1488,1215.0106552863556,3.2882401226674
1489,1208.9125164429702,3.2896877841674
1490,1203.067467463254,3.2935297714674
1491,1211.897312565855,3.2980068537674
1492,1214.4215007643595,3.2964661152674
1493,1221.7306702289843,3.2931181924674
1494,1219.6917439498222,3.2867435520674
1495,1219.4169360445803,3.2868267280074
1496,1215.771854939356,3.2872058219574
1497,1216.1723547104912,3.2885821070574
1498,1213.5728606104285,3.2914439528574
1499,1214.3933795512278,3.2916852856574
1500,1219.3930613827079,3.2913667313374004
1501,1220.3030370519741,3.2939713416374
1502,1223.131867649619,3.2926670386374
1503,1224.5725469743807,3.2990898060374
1504,1226.6600126072647,3.3042380715374
1505,1229.635630972587,3.3060980532374
1506,1235.1497782552299,3.3087179968374
1507,1237.4526657343106,3.3054793654374004
1508,1236.3693976165553,3.3056666211874
1509,1236.5894678827694,3.3057632393674004
1510,1236.6890563064178,3.3058958672974
1511,1240.7249902996605,3.3094818926974003
1512,1248.3172052551197,3.3106264440974
1513,1249.1290487864683,3.3122879394974003
1514,1250.3746235634594,3.3123257097214003
1515,1247.8014004775137,3.3121641007814002
1516,1247.5624967957187,3.3150750209814
1517,1244.4063398346502,3.3195553135814
1518,1244.2237877267482,3.3198226710814
1519,1246.9509095256615,3.3209284355814
1520,1237.610894326207,3.3191475375814
1521,1235.5884896115708,3.3216267825814
1522,1244.843139202986,3.3291169122814
1523,1243.7404691879133,3.3262801940814004
1524,1245.9720870907236,3.3264473907814
1525,1246.3885125549257,3.3314349262814003
1526,1247.7380996681818,3.3362499007814
1527,1246.8745076882108,3.3375511693814
1528,1250.7475950442865,3.3383254696814
1529,1249.9102945742602,3.3323778206814003
1530,1251.9996138748772,3.3360256807814004
1531,1251.6268249802479,3.3357728160814
1532,1254.6750440840776,3.3429392636814
1533,1255.205676059127,3.3437138589814
1534,1249.584159992706,3.3444376528814
1535,1250.2872147032517,3.3447335982414
1536,1243.6362193433838,3.3478374975414003
1537,1249.173723888531,3.3565124305414002
1538,1245.5106630998587,3.3567968619414
1539,1253.9681479424587,3.3591119284414
1540,1256.7520149134257,3.3620175498414
1541,1259.481064984031,3.3640873178414
1542,1262.7518446119884,3.3658251320414
1543,1254.7325079391924,3.3676456285414
1544,1252.3624551230118,3.3693362728414
1545,1253.4243529984667,3.3726140538414002
1546,1253.588345726294,3.3727800930114
1547,1251.3193384100048,3.3757158024114
1548,1245.5816663502321,3.3755744395514
1549,1249.2468439634795,3.3772891429514003
1550,1248.0995512151064,3.3764165399114
1551,1246.741736723982,3.3741196644114
1552,1264.429479922689,3.3827360704114002
1553,1272.0331986726844,3.3850687308114003
1554,1272.1877352053266,3.3848030742114004
1555,1272.2658376473694,3.3878343660114
1556,1259.0280700037454,3.3784806445114004
1557,1261.7638196512248,3.3827272945114
1558,1270.30665379713,3.3886240515114
1559,1272.976747175394,3.3880644237114
1560,1272.5554212269228,3.3841900398114
1561,1278.5015251297184,3.3862776641114003
1562,1275.9726149770213,3.3854136650114004
1563,1273.8651402614069,3.3851557452114003
1564,1274.4287200207682,3.3886017135114006
1565,1277.6409840073168,3.3900734110114006
1566,1280.0778398993546,3.3884391593114005
1567,1279.0843943243974,3.3858348808114007
1568,1282.1393096075105,3.3936780168114007
1569,1284.3254082877497,3.3964421291114
1570,1288.1085310811168,3.3967563702414
1571,1290.4430908677643,3.3949553180414003
1572,1291.5635215656066,3.4030873790414002
1573,1295.1459382798162,3.4054605947414003
1574,1297.919621008032,3.4022076000414003
1575,1291.146346994785,3.4066884416414003
1576,1290.9086197091153,3.4071394557014
1577,1287.6016887707376,3.4130348813014004
1578,1281.6094512505406,3.4139901633014
1579,1278.4095909307164,3.4003076663014005
1580,1271.9375751322852,3.4006216156614
1581,1274.538710495501,3.4073315801614
1582,1282.949460271151,3.4069738725214
1583,1286.8935060678157,3.4129603345214
1584,1289.217955018053,3.4187149702214
1585,1290.7982710387719,3.4227934452214
1586,1293.2254910764693,3.4226646472414
1587,1287.224544330935,3.4178432736414
1588,1280.8927533468805,3.4230593386414
1589,1281.498126292564,3.4231066049214
1590,1282.2280508376746,3.4229662583614
1591,1282.6995639433396,3.4269854003614
1592,1282.957181528994,3.4239658767614003
1593,1281.1622690082847,3.4234819363213997
1594,1292.3867456011653,3.4275119843214
1595,1274.3566354965153,3.4386508303214
1596,1271.0561726195883,3.4389177764214
1597,1273.1233694430744,3.4374227561214
1598,1274.021127740905,3.4373102938563997
1599,1270.868182674612,3.4418710685564
1600,1268.1678122217495,3.4446947285564002
1601,1274.950179124697,3.4461319854564003
1602,1278.8094431173058,3.4530848364564
1603,1277.2275146585055,3.4474279914564
1604,1283.1476468324822,3.4517883329564
1605,1280.8016477160459,3.4551091889564
1606,1282.8449912751512,3.4554989636564
1607,1277.161884309927,3.4517512476564
1608,1279.1174583672264,3.4521877315064
1609,1281.3874861197705,3.4556314669064
1610,1285.0956369848031,3.4573682183064003
1611,1288.4258714717878,3.4644251203064
1612,1286.658524561946,3.4679593386064003
1613,1278.8064014176389,3.4845721456064
1614,1280.863844903139,3.4878225154063998
1615,1283.1915398116964,3.4871774084064002
1616,1291.2057488879109,3.4843745652063998
1617,1290.6404880373532,3.4697925562064
1618,1285.7696591054546,3.4715626870064
1619,1284.3223632185775,3.4715637511006
1620,1287.5221916380885,3.4713958596606
1621,1286.9310138498415,3.4733540843606
1622,1286.7820719120637,3.4745842165606
1623,1286.8702880856915,3.4767918215606
1624,1290.09822049727,3.4719482689606
1625,1293.8729771930623,3.4716836495106
1626,1305.5629798037203,3.4715861768246
1627,1303.3781578877888,3.4725145184646005
1628,1311.6473332121477,3.4735537862646
1629,1315.015319193451,3.4761231371646
1630,1286.734889042247,3.4625167761646
1631,1283.3959438955085,3.4621698958446006
1632,1282.7166453228795,3.4633747180446006
1633,1282.270024808346,3.4660785127446
1634,1284.7330581829399,3.4665598238646003
1635,1283.4455363547077,3.4700963681646
1636,1283.1540948407674,3.4683806413646003
1637,1280.7588976876257,3.4697685506646003
1638,1280.8622914643165,3.4715766048646
1639,1284.6230728663093,3.4805597278646
1640,1285.1568662283566,3.4850925944646
1641,1280.4396163434044,3.4858987732646
1642,1284.4457162471015,3.4859714116546003
1643,1269.4870537290135,3.4749899076546003
1644,1274.0226279454278,3.4819842510546
1645,1273.3923657663265,3.4847886342546
1646,1270.5545866847613,3.4881381128545996
1647,1262.6965085769414,3.4905844250545996
1648,1261.9344577862971,3.4905392900486
1649,1260.8144711426407,3.4908070772785997
1650,1262.5669700981086,3.4918167400786
1651,1261.4014843012187,3.4916326092486
1652,1264.5217277560544,3.4997762132486
1653,1265.1449462147355,3.5027167678486
1654,1266.8936195647482,3.5063799728486003
1655,1272.1657217290178,3.5051941875486
1656,1274.7819316807027,3.5048505003886
1657,1264.7059851796923,3.5032851013886006
1658,1265.5947054072435,3.5018514269886003
1659,1267.8707225761266,3.4987003326886006
1660,1266.6904113860128,3.4987332474616
1661,1267.1272797606532,3.4985300694016006
1662,1269.8287738333647,3.4994615821016004
1663,1262.786494689898,3.5020867551016
1664,1263.791757851481,3.4994692283016002
1665,1262.4233337408969,3.4990912243416004
1666,1261.9382909517724,3.4999588122016005
1667,1263.4997644297905,3.4990778295016005
1668,1259.4181172648337,3.5005116668016
1669,1263.4395370441061,3.5005066315479003
1670,1261.6641511749317,3.5002647828779003
1671,1261.6146048137266,3.5019076687779003
1672,1258.7457118742764,3.5032444532779
1673,1260.0006599503379,3.5035537363379
1674,1260.9384466895224,3.5114789323379005
1675,1272.5090637593426,3.5092568993379003
1676,1275.34418468569,3.5131486213379004
1677,1279.7595442224087,3.5134103543579007
1678,1277.525321709544,3.5167069761579004
1679,1281.0212155853285,3.5173798178579005
1680,1284.2824788514188,3.5245971976579002
1681,1280.9728427053772,3.5241521496579002
1682,1283.6649819871154,3.5311491906579002
1683,1281.7054205383401,3.5309385292479005
1684,1281.8472156346486,3.5320835180479
1685,1287.0019193795054,3.5324052403779005
1686,1285.6463905281278,3.5303766507779004
1687,1286.5328105061506,3.5252329537779
1688,1288.2608969442697,3.5312672432779
1689,1287.3899221739764,3.5315390566079
1690,1289.8692206849225,3.5364474660079
1691,1292.393580655093,3.5356238039779004
1692,1295.3131236016643,3.5401843625779
1693,1297.7937593712277,3.5391031326779
1694,1300.1103322629522,3.5463071146779
1695,1296.2687194492096,3.5427670043779003
1696,1262.827269216635,3.5489357653779003
1697,1265.5839612873222,3.5539138595779
1698,1264.834721154583,3.5546932974079004
1699,1261.6635393046672,3.5568161811079
1700,1265.4688707144946,3.5557616954079
1701,1273.4701145229924,3.5543468927079003
1702,1280.090259101101,3.5608149420079
1703,1283.4048844951744,3.5615113720079004
1704,1285.957126335321,3.5646487442079002
1705,1290.72496952517,3.5600758656079003
1706,1294.2160449792436,3.5604393652579
1707,1293.5922867367199,3.5522682427578998
1708,1292.9701654263997,3.5491596244579
1709,1293.6899284942137,3.5513221680579
1710,1297.6855683653469,3.5488228020579
1711,1301.1710187892052,3.5520396814579
1712,1299.4953708813255,3.5328327994579
1713,1300.7933464923703,3.5352764837579
1714,1302.0341542740066,3.5241483157579
1715,1306.730387439721,3.5385043667579
1716,1304.843465754778,3.5375614135979
1717,1302.5264083687568,3.5371571194579
1718,1326.039858665068,3.5510943154579
1719,1306.4697473804135,3.5502122163079
1720,1299.2646973705853,3.5468422383079004
1721,1302.9653145325183,3.5462234146079004
1722,1301.7371971484033,3.5461017023879
1723,1299.3840164866415,3.5472309507879003
1724,1301.5201565121674,3.5526653101879004
1725,1302.3083093531613,3.5529853619279
1726,1307.096924615589,3.5590944289279003
1727,1310.4098333999389,3.5587103846479
1728,1313.0160860268666,3.5582778141479
1729,1316.4654160493094,3.5414338581479
1730,1318.7212286438698,3.5398877034479
1731,1322.8477481667928,3.5450016014479004
1732,1318.933406624502,3.5469637374479
1733,1322.6753134201142,3.5505966619479
1734,1331.132749756559,3.5508635018679002
1735,1328.3601936524046,3.5496471042679003
1736,1321.9700353795236,3.5462403312679003
1737,1325.3270233494818,3.5520630272679004
1738,1327.6366690301477,3.5511131454179004
1739,1332.0352023346616,3.5517364349179004
1740,1326.7593359148034,3.5555338415179003
1741,1324.5949428605948,3.5551608378379003
1742,1321.1017691600794,3.5548887392379003
1743,1325.2592678404644,3.5580127048379
1744,1328.0455838379578,3.5574306533779003
1745,1331.3005324600178,3.5573004251179006
1746,1330.5746098253917,3.5596909555179
1747,1336.1400210111485,3.5517053585179004
1748,1342.6100354845694,3.5522996445179005
1749,1338.736106886829,3.5510271133179003
1750,1344.163526470995,3.5526838328179005
1751,1349.1664060679134,3.5523373816179005
1752,1347.8027919784695,3.5522505734779006
1753,1345.0638798734428,3.5504421323779005
1754,1344.020567570578,3.5489303333779008
1755,1347.1517430390115,3.5489356700599006
1756,1343.8040504808532,3.5490680761999007
1757,1352.7088701504724,3.542800334199901
1758,1352.9537585041887,3.541562219799901
1759,1348.855944742901,3.535296731299901
1760,1349.947777360878,3.534116638599901
1761,1353.2971423759172,3.5346330060399005
1762,1355.3045207769944,3.5297741285399007
1763,1352.4203031896689,3.5320487959399007
1764,1353.492395705802,3.5374834864399007
1765,1353.5652628002001,3.544400846639901
1766,1350.424320428203,3.546571101339901
1767,1351.0498429963177,3.5515893369399008
1768,1351.2222112322952,3.551011997639901
1769,1358.4272623549607,3.5522668089399008
1770,1354.7667421000888,3.546567229339901
1771,1353.7724786525848,3.5464600919999008
1772,1359.8842843242799,3.546389335379901
1773,1362.4174934956957,3.5461519565899007
1774,1361.1599425982192,3.545252613189901
1775,1364.5329051029373,3.5536431831899007
1776,1363.4124496917746,3.5549749615899007
1777,1362.9848839838432,3.554416500639901
1778,1373.244921708157,3.5565161382399006
1779,1372.2736720593734,3.556937678539901
1780,1374.4268509638905,3.563333829239901
1781,1371.8658183262971,3.563162435329901
1782,1367.0626243004772,3.5659709629299012
1783,1371.3985871338755,3.567076144829901
1784,1376.7188389488929,3.573800664529901
1785,1376.5807275144675,3.5742779703299012
1786,1374.9699873767252,3.5751621523799013
1787,1364.0985108025636,3.5724833423799014
1788,1365.0972971845003,3.5760168807799015
1789,1362.2580441480009,3.5767160557199014
1790,1359.7085016594756,3.5778762606199015
1791,1364.60587050702,3.5781932083199015
1792,1369.6137977447022,3.581290982119901
1793,1379.92595832253,3.581361961923901
1794,1383.3530044400243,3.5889871609239012
1795,1380.813873557234,3.5913759289239016
1796,1378.7789417782276,3.594777982723901
1797,1376.1054243317537,3.595366770793901
1798,1376.823424896004,3.597158826393901
1799,1384.1654989628378,3.599271315393901
1800,1384.3826602727204,3.599891544093901
1801,1384.0924232435812,3.6007870648939013
1802,1380.3056151629803,3.5960742448939014
1803,1384.2797230410908,3.596840683553901
1804,1387.1847987691797,3.594895097053901
1805,1390.4497563972518,3.596536765353901
1806,1386.0976550557973,3.599866767153901
1807,1386.202306523771,3.599315475413901
1808,1391.758380029809,3.599255236333901
1809,1392.3042941925073,3.597631229433901
1810,1392.2889277936497,3.5963333966339013
1811,1387.9930276860737,3.600859336133901
1812,1390.7050762590234,3.603124395733901
1813,1394.5002311419448,3.6007188947339013
1814,1402.6118497528162,3.605674872733901
1815,1407.7635788373354,3.6051238875339013
1816,1408.6015264149776,3.611154608533901
1817,1401.14346082057,3.602051222533901
1818,1402.6440921925973,3.606077260133901
1819,1397.4949731063616,3.608776557333901
1820,1399.9961151385671,3.608981897663901
1821,1399.3567465027568,3.6139327686639007
1822,1399.8689866932152,3.614066753893901
1823,1397.343296591773,3.615513024093901
1824,1393.4912840629036,3.6211613950939006
1825,1389.0260887271759,3.6222160323939008
1826,1391.859670417287,3.6211740102939007
1827,1397.0437344362206,3.623714080893901
1828,1400.3352960467146,3.631004711493901
1829,1405.114954227262,3.632959147093901
1830,1401.8331015592541,3.635695480893901
1831,1399.694636984437,3.6354795176339008
1832,1404.9325535394794,3.642312005633901
1833,1405.6202577262816,3.642762533513901
1834,1394.78062594447,3.6290351775139005
1835,1394.6922498405013,3.6315792090139007
1836,1395.5853853739002,3.6326808709139007
1837,1397.8521056237148,3.636068956113901
1838,1399.6344150047123,3.6362091832139005
1839,1401.0574513071358,3.6376248816139007
1840,1404.6043256186128,3.644222663613901
1841,1406.8567405470887,3.6452146081139007
1842,1409.199190925347,3.6503636541139004
1843,1409.4692398811658,3.6476060534139005
1844,1414.9188037162673,3.6503223264139004
1845,1412.2890354861884,3.652790810213901
1846,1413.2078238446798,3.6516918557139006
1847,1411.728539086578,3.6552657649139007
1848,1413.3314249872653,3.657780303313901
1849,1412.802397961849,3.6594368038139007
1850,1412.1535860075908,3.6606157802139005
1851,1414.9094837997927,3.6658258129139005
1852,1417.1306563899113,3.6674256985139007
1853,1421.039524478318,3.671908738913901
1854,1422.9156330106848,3.6753234597139004
1855,1426.6008436315346,3.6830111574139006
1856,1419.1954660752867,3.6783794794139006
1857,1426.7403855968607,3.677977534353901
1858,1425.0782707135866,3.679176451053901
1859,1429.5571254118051,3.6813283757539006
1860,1439.562967417415,3.6816555689939006
1861,1437.8180683940504,3.6842166433939005
1862,1443.4197243388476,3.683208852393901
1863,1444.2213411952466,3.6856987937939003
1864,1446.9500479425265,3.6861491707139002
1865,1447.6612657802941,3.6902399874139005
1866,1444.2379478888943,3.690025864453901
1867,1444.3412390734736,3.6907001069539005
1868,1464.151309323124,3.7011771379539002
1869,1457.6605854247084,3.7043399869539004
1870,1457.1300599133979,3.7067892475539006
1871,1463.625301669005,3.7071893460539003
1872,1462.3126813266886,3.7086502813539
1873,1459.8767864526062,3.7095449634839
1874,1473.4484054484594,3.7124183692839
1875,1455.8680383119618,3.6617602252839
1876,1450.9115079140358,3.6556420426839003
1877,1449.7360209644294,3.6528449878839
1878,1456.6102110592603,3.6548379464839
1879,1454.962729559364,3.6573931682839
1880,1454.444284144903,3.6584715424839
1881,1448.386932400283,3.6575856564839
1882,1454.7680248067536,3.6590427861838997
1883,1454.9816102403308,3.6638562784839
1884,1438.3536599088188,3.6604274423838996
1885,1454.2862415504217,3.6702240803838997
1886,1454.5582784587368,3.6696020967139
1887,1463.173434413076,3.6679454190138996
1888,1460.7631349144197,3.6680489655538997
1889,1453.0298300452093,3.6608972170538996
1890,1471.0900507223712,3.6632078453538996
1891,1470.8259580326362,3.6648496510539
1892,1473.9570340938542,3.6665043094538996
1893,1483.5347081462746,3.6675098450538997
1894,1484.2848059927944,3.6670155225539
1895,1487.635038662654,3.6670331092129
1896,1491.1434548233105,3.6680985199129
1897,1492.100452500666,3.6760718359129
1898,1498.4911978200503,3.6885053409129
1899,1497.9786099250164,3.6902174814129
1900,1500.2689136120996,3.6920282354129
1901,1496.3083202510584,3.6939106226128997
1902,1501.0994151007128,3.6913569717129002
1903,1503.9701282799574,3.6935863037129
1904,1508.6482655648133,3.6976124540129
1905,1511.416127622848,3.7047309670129
1906,1512.021918925527,3.7050671592429003
1907,1511.4336712584338,3.7051592638029
1908,1512.8381110539913,3.7067488636029
1909,1528.5684867570344,3.6985242971029
1910,1527.4347522489688,3.6976424015629
1911,1526.840886121348,3.6987243303629
1912,1516.329935278957,3.6887936783628996
1913,1516.9772077025034,3.6881790933629
1914,1521.2589803909734,3.6908791905629
1915,1526.0038727976937,3.6936062432629
1916,1526.280317448454,3.6896897519629
1917,1515.820045038104,3.6846951206628997
1918,1518.3114314027641,3.6866075128629
1919,1506.2009664451866,3.6901673520629
1920,1515.3970832237221,3.6992502970628998
1921,1515.2505426361065,3.6999090150029
1922,1516.4086166540567,3.6999134560439
1923,1522.2398545333667,3.7040701850439
1924,1523.0742434420958,3.7065766640439
1925,1524.391056650733,3.7081880474439
1926,1528.9279011427795,3.7079898761139
1927,1534.111367918335,3.7125409017138997
1928,1537.568621507039,3.7086346652139
1929,1536.8040954003286,3.7073427097139
1930,1545.3256864037562,3.7146212764139
1931,1548.2584275895704,3.7153183417138997
1932,1545.1969261469897,3.7176581330139
1933,1547.794557781173,3.7214504047139
1934,1542.9259261970863,3.7224130283139
1935,1542.4527721005393,3.7281873670139003
1936,1543.7044260355722,3.7329255474139
1937,1539.3705437824722,3.7355818431139003
1938,1536.74218110695,3.7375033684139
1939,1542.1964645226376,3.7435383654139
1940,1541.1163369068383,3.7486866449139002
1941,1549.9021332654006,3.7461362853139
1942,1556.344330465488,3.7425788903139
1943,1553.7432475149972,3.7434871881538996
1944,1552.8140913403101,3.7430187709939
1945,1552.3969238905238,3.7464363084939
1946,1548.8590136295725,3.7473233459939
1947,1545.4010725051648,3.7487097038939
1948,1541.842168838913,3.7427631505939
1949,1537.2471282524953,3.7446228355939
1950,1536.1233524859076,3.7410018365938997
1951,1533.1947889220585,3.7389312117938998
1952,1542.8191453809275,3.7377280763939
1953,1546.0321980079382,3.7397078255939
1954,1545.6940158792622,3.7372650223939
1955,1547.757417229489,3.7404296057939
1956,1549.9005868647034,3.7469484591939004
1957,1550.754054191926,3.7442723100939004
1958,1542.5974553955873,3.7462934532939
1959,1538.189517258198,3.7400650402939
1960,1534.6967014069332,3.7283283802939
1961,1542.7150564318001,3.7282248568939
1962,1545.1046973707723,3.7280376333739
1963,1550.725337552767,3.7316282625739
1964,1554.6873778307656,3.7212147305739
1965,1561.7579047985926,3.7253024822739
1966,1562.6901597909032,3.7268683080739002
1967,1566.8076814666429,3.7354778655739
1968,1570.062806995655,3.7413380289739
1969,1573.407159157291,3.7446296046739
1970,1573.6175184078224,3.7499614196739
1971,1578.4729898503401,3.7587792316739
1972,1581.5617652120973,3.7651187490739
1973,1581.4532773976346,3.7679341376739
1974,1580.5925005548606,3.7723130586739
1975,1592.354209366422,3.7530783636739002
1976,1594.4847719737247,3.7560644324739
1977,1604.7559203621197,3.7544425048739
1978,1597.9710383278748,3.7570231075739002
1979,1588.4472399210654,3.7584631692739
1980,1576.9829010571152,3.7589143243939
1981,1571.5128127410023,3.7592022507439
1982,1570.0096225478542,3.7587046998039
1983,1566.4779487023175,3.7621491151038997
1984,1568.7393787715343,3.7626076968539
1985,1571.9977205838932,3.7657362065538997
1986,1567.0373650924698,3.7588325139539
1987,1570.6949691421064,3.7596326588139
1988,1567.7826193578478,3.7627047928139
1989,1573.3596328939498,3.7635665478139
1990,1574.004216686118,3.7650750738139003
1991,1587.8464504888366,3.7716141338139
1992,1594.1935221119859,3.7675196984139
1993,1589.5149698468388,3.7674988474989
1994,1598.9662756093664,3.7785040914989
1995,1588.2643794563267,3.7711919011989
1996,1592.652926739929,3.7739916258989
1997,1594.6936972537274,3.7755996875989
1998,1594.1356066061726,3.7779460951989
1999,1598.7814508427698,3.7798885319988997
2000,1596.7510994431873,3.7823251190989
2001,1600.124451223134,3.7785270920989
2002,1594.0355829355278,3.7740680937989
2003,1597.3711323606897,3.7768711448989
2004,1599.8919954994926,3.7768823879118996
2005,1599.1631397426277,3.7791887775118997
2006,1598.999447812476,3.7860984823118997
2007,1609.4461173508946,3.7852847690119
2008,1613.218601592739,3.7876524196119
2009,1620.7986673268522,3.7866668660119
2010,1622.5968103806806,3.7837965606118997
2011,1625.4696847221885,3.7863943701119
2012,1625.768394912964,3.7915439986118997
2013,1627.3823091802021,3.7825773616119
2014,1629.4837279392443,3.7840082007118996
2015,1633.9131434541025,3.7855493023118996
2016,1630.8557519453748,3.7858854098818995
2017,1625.1038411298778,3.7850484285418995
2018,1630.3625200122324,3.7876348755419
2019,1633.3564142159628,3.7850938503419
2020,1632.7013896198412,3.7855875545419
2021,1632.372441352273,3.7846861210419
2022,1640.8328432577157,3.7852299200018997
2023,1633.891739001183,3.7909055586019
2024,1634.5173916034971,3.7936338416019
2025,1634.4946136981227,3.7954666730018998
2026,1634.284413768014,3.7953885161519
2027,1641.202751531166,3.7910068436518998
2028,1638.3746398122223,3.7917978272018997
2029,1635.1745882561238,3.7857752435018996
2030,1635.4817535459867,3.7868770980018995
2031,1636.2898887477766,3.7921785377018997
2032,1639.232025509254,3.7927730005519
2033,1644.000082487178,3.8007711865519
2034,1645.878320687818,3.8077651395518997
2035,1642.688931917415,3.8085495243519
2036,1643.391140122183,3.8095786905519
2037,1654.2339932862117,3.8099702973719
2038,1650.9235005172313,3.8108730679219
2039,1640.083011819162,3.8141420004218998
2040,1634.6212409949035,3.8156237170219
2041,1637.0831829499514,3.8235277330218995
2042,1635.0672818289252,3.8229296196219
2043,1646.421025527217,3.8210432624218997
2044,1649.4755553790785,3.8192078066218995
2045,1648.5745399135963,3.8182110338218997
2046,1653.5105418892754,3.8186756998419
2047,1651.0980728196266,3.8219492868418996
2048,1649.7079745513151,3.8171078008419
2049,1644.0135914208001,3.8132750964418998
2050,1649.4599325836964,3.8130853692419002
2051,1647.5096814264027,3.8115494325419
2052,1653.8505150369297,3.8137216954418998
2053,1653.1867962136314,3.8114786704419
2054,1659.5453308810079,3.8134821214418997
2055,1666.3806180630258,3.8227002034419
2056,1663.096193529488,3.8237745150419
2057,1666.680260124098,3.8240840976119
2058,1666.678611912322,3.8244892591918997
2059,1668.2542323716116,3.8202403038919
2060,1665.584769355967,3.8203948059919
2061,1665.8156968380356,3.8214335764919
2062,1669.8096215706446,3.8290991334918996
2063,1672.4157348583087,3.8363296141919
2064,1672.807695672877,3.8373581322919
2065,1675.2114037368622,3.8391627130919
2066,1672.1951298198942,3.8425311494919
2067,1667.9735598398343,3.8443068705919
2068,1661.638675321509,3.8472290532919002
2069,1661.2364034154814,3.8514719428918998
2070,1656.25363861813,3.8512488487319
2071,1658.8702555259422,3.8499577066319
2072,1667.1614008709164,3.8465109574319
2073,1666.8633017426075,3.8543488324319
2074,1672.4079778321197,3.8556391295319
2075,1670.8978098177356,3.8531025819319
2076,1683.7362926594371,3.8626807709318998
2077,1678.6836930152813,3.8618026338619
2078,1682.400157702187,3.8627470906619
2079,1682.573752242467,3.8653893019619
2080,1684.9321934927543,3.8682503414619
2081,1685.202455588782,3.8663227571618997
2082,1692.775522023658,3.8671186897618997
2083,1701.6591808788298,3.8682059118619
2084,1706.7339653721222,3.8694771385618996
2085,1707.063994556262,3.8706035135618997
2086,1708.4246715381332,3.8677512441618997
2087,1709.5902417076531,3.8680968918618994
2088,1705.7575448527375,3.8686896656618996
2089,1708.9922586846465,3.8759784286618997
2090,1706.1500924485617,3.8780543573618997
2091,1703.642873665162,3.8788116082918997
2092,1730.0941269781206,3.8839598512919
2093,1736.6653393495144,3.8900288706919
2094,1730.960543931303,3.8936604100918997
2095,1729.160357255434,3.8961350994918997
2096,1736.629397289681,3.8982332036918996
2097,1744.0552054895684,3.8958733637918996
2098,1751.8755647274804,3.9029058357918993
2099,1743.7654717557064,3.8972645671918995
2100,1741.2655284903028,3.8981470010318997
2101,1743.1570173491,3.899865613531899
2102,1751.5842559116065,3.9005232255318996
2103,1754.4827707071104,3.9070262888318994
2104,1755.4175108790669,3.9130451900318994
2105,1751.094997131541,3.9135502976318994
2106,1749.9358739120155,3.9181617302318994
2107,1742.6832699323948,3.9177314642918994
2108,1743.641645352301,3.9184020678918996
2109,1761.9105617657558,3.9246962103918994
2110,1758.6199656242404,3.9271156976918995
2111,1754.2966027903935,3.9264843508618994
2112,1755.077013808963,3.9325384938618995
2113,1753.021871980134,3.934325042461899
2114,1751.8616942848005,3.9331466973618996
2115,1749.99518077563,3.9331552032473995
2116,1768.2970678749766,3.9240533607473993
2117,1782.8391610090134,3.923953017607399
2118,1791.2970623077074,3.9328868066073994
2119,1777.2384148258154,3.9331009753773993
2120,1779.1617207337551,3.9362843303773993
2121,1799.9618479255826,3.936575045807399
2122,1800.8851946942818,3.9378884942073995
2123,1803.7397547650612,3.9230180452073995
2124,1800.550874551639,3.9258710157073993
2125,1800.4190579218332,3.9231425537073994
2126,1804.7017345395213,3.9275172152073994
2127,1811.994941389507,3.931712164207399
2128,1821.023174656268,3.928835279207399
2129,1820.1791384637374,3.928777102397399
2130,1819.631434820818,3.930481383397399
2131,1812.8774342193046,3.931106995257399
2132,1819.050687604791,3.929906531057399
2133,1825.2031141290356,3.9295359380973993
2134,1824.1742033834826,3.928671509857399
2135,1828.49285682325,3.935094200457399
2136,1832.2705760917397,3.930571441457399
2137,1830.5940227345686,3.924925199457399
2138,1834.3348405216705,3.931213792157399
2139,1838.8821228395625,3.9347428488573986
2140,1843.3855032318843,3.939170617857399
2141,1840.3993925479015,3.9409526331573987
2142,1842.6169952308676,3.942046828457399
2143,1838.3407016701349,3.947596776457399
2144,1840.248035298339,3.944487756957399
2145,1845.865548111071,3.951607579257399
2146,1853.4492165725944,3.957386383657399
2147,1860.6979645275285,3.959302804657399
2148,1853.6717717794884,3.9601069680573993
2149,1852.442468748621,3.961407538257399
2150,1857.3444496171949,3.9636484272573993
2151,1859.1724457956946,3.964057668527399
2152,1868.895831607522,3.966419944527399
2153,1873.7551869060972,3.962996582227399
2154,1872.2532007876175,3.961156733827399
2155,1880.3304180682824,3.969171960827399
2156,1879.9763500830495,3.9756054002273995
2157,1884.407162943861,3.980539442927399
2158,1891.165870387308,3.9844485849273994
2159,1897.1370702236384,3.984770871667399
2160,1892.677578628904,3.984012188967399
2161,1894.4294888804259,3.981907194367399
2162,1889.7463587791506,3.9832391677673993
2163,1897.0465081121756,3.986095017467399
2164,1897.1106162948156,3.988676670467399
2165,1898.8804681618365,3.990899385167399
2166,1895.943255548014,3.992009115267399
2167,1898.7446436657365,3.995704556467399
2168,1899.2268911974475,3.9971870607673994
2169,1914.68709568924,3.9892733377673992
2170,1908.4002246313873,3.990809654967399
2171,1908.0055013006977,3.990874326877399
2172,1896.1453658166897,3.989687414877399
2173,1899.5133904200457,3.989806449877399
2174,1889.0783211034711,3.991672122277399
2175,1888.246072574264,3.9961468842773993
2176,1888.115568939443,3.9957910142473994
2177,1895.2763929971677,4.000221264247399
2178,1897.3930204258518,3.9986205656473994
2179,1899.4087363929457,4.001942228147399
2180,1898.189040247015,4.003932556447399
2181,1903.4781834208704,4.012768584447399
2182,1909.7719451419205,4.014814715247399
2183,1914.6992274219485,4.0140015061474
2184,1910.2193660052753,4.0048203781474
2185,1911.7137798034498,4.005971387147399
2186,1910.8388309802995,4.0063837857174
2187,1919.2752742285024,4.008332842617399
2188,1930.6453718756263,4.0087924188774
2189,1924.0868598867075,4.0167938953774
2190,1923.983557029302,4.0158734125774
2191,1922.7269337200012,4.0082292928774
2192,1921.5171052883134,4.0080591869574
2193,1923.6267396868163,4.012299723957399
2194,1921.7622208030477,4.013148920157399
2195,1925.2202553094346,4.0128517530274
2196,1923.02135710143,4.0122612438774
2197,1930.3363411185424,4.0130944901774
2198,1933.5313072002978,4.0192387278774
2199,1922.201640518091,4.0205121309774
2200,1930.000229782458,4.0220441814773995
2201,1925.347239320481,4.021945078132399
2202,1922.7259389324454,4.023314567632399
2203,1919.8154621487158,4.0267776429324
2204,1916.7865735176777,4.0260650815323995
2205,1914.4977647385376,4.028242683932399
2206,1920.468654419258,4.0274182868323996
2207,1920.674981282746,4.0303011888324
2208,1911.3213651888736,4.028040485732399
2209,1907.4372289428172,4.0298908051324
2210,1905.2603393104212,4.030937189632399
2211,1913.2180428369836,4.032771998732399
2212,1912.5672462226464,4.036806817332399
2213,1916.3989438808537,4.036898123092399
2214,1919.8480305984372,4.0434107420924
2215,1924.0953077087427,4.043705322072399
2216,1920.8756062783684,4.043454759712398
2217,1926.2208623641582,4.050442814712399
2218,1922.374353399686,4.050717304082399
2219,1919.9806095867964,4.049644200682399
2220,1918.724401601587,4.053267861382399
2221,1912.3511470582382,4.053199434377399
2222,1915.6876392997337,4.057674559977399
2223,1898.3732521213383,4.060035792577399
2224,1900.315206518046,4.061597213077399
2225,1915.0296341097112,4.064285531777399
2226,1921.8000639656702,4.065782590577399
2227,1933.2850828439805,4.0669309665774
2228,1933.2594698847563,4.063631008977399
2229,1935.7804636259257,4.063690513825399
2230,1947.968807204955,4.0633161681054
2231,1946.6988788090994,4.0631284091354
2232,1950.6082262599714,4.0679101461354
2233,1963.4900357689417,4.0677878634554
2234,1970.0055660431212,4.0734345667554
2235,1973.4835263567318,4.0741483135153995
2236,1968.1110511722902,4.077227456515399
2237,1971.8548065778516,4.075100821915399
2238,1971.4846282440021,4.0793784344154
2239,1973.9375387724463,4.075701844415399
2240,1976.6056797449667,4.070604817915399
2241,1971.5018462918624,4.0708592983153995
2242,1971.4263176302863,4.0684087903154
2243,1970.977018532511,4.0709984435154
2244,1972.0528782105052,4.072428335215399
2245,1975.3016820988485,4.066417152215399
2246,1981.4000053030704,4.073493709215399
2247,1982.278632229224,4.0791009486154
2248,1980.8676570031078,4.082622777015399
2249,1979.3325014657314,4.0831700401154
2250,1979.9563668810022,4.081821835415399
2251,1981.385496614678,4.084342174015399
2252,1990.8944885787676,4.0824119475154
2253,1990.0691834561974,4.0828922912753995
2254,1993.1859693132235,4.0899971532754
2255,1992.0436026795153,4.092877214975399
2256,1993.939116430909,4.080926215475399
2257,1994.903788442468,4.080392100575399
2258,1997.2900087677342,4.082641293275399
2259,2002.2641986172252,4.083887330075399
2260,2005.8183465155853,4.088680161075399
2261,2007.66676067434,4.087724594425399
2262,2008.0700463782537,4.090403605425399
2263,2005.4301732370434,4.092896974825399
2264,2008.2236410071714,4.095008237425399
2265,2016.0473154182998,4.0945187341653995
2266,2012.6223157364166,4.098714187165399
2267,2016.0221693801823,4.100485335565399
2268,2016.0235350754524,4.113411385565399
2269,2020.8175408615157,4.112707371825399
2270,2021.2985333871943,4.109444911825399
2271,2023.6390483212845,4.109919367305399
2272,2022.3543391894734,4.113712720305399
2273,2013.2929607428184,4.114373250505398
2274,2014.5788121002909,4.116189702205398
2275,2014.2439811642791,4.118720506805399
2276,1999.975362018659,4.123970726105399
2277,2002.1822078322114,4.122609244805399
2278,1998.6739847683025,4.122046583365399
2279,2000.7484160920549,4.121265231065399
2280,1998.9951156383436,4.121816240615399
2281,1996.772573898421,4.121966281495398
2282,2005.412979226992,4.120807233295398
2283,2000.0327197149916,4.120534271525399
2284,1997.4577089888724,4.118703127325398
2285,1998.722332342587,4.119126333575398
2286,2003.9370498750882,4.120080284725399
2287,2002.2608388946805,4.119326385825398
2288,2000.3290897736013,4.118232177425398
2289,2001.044114247866,4.117734732195398
2290,2002.597986574707,4.119147392695398
2291,2006.2335209829168,4.121246315695398
2292,1979.6666356383623,4.112946317695398
2293,1989.4530370792083,4.118038925695398
2294,1992.4890880417533,4.123121010695399
2295,1982.8843091372673,4.1240636725953985
2296,1977.727614254272,4.123784751175398
2297,1975.1456200512146,4.123099131375398
2298,1979.884596023073,4.123210747665398
2299,1979.369081591499,4.122970245335399
2300,1981.5994558518855,4.123088808199398
2301,1982.343229728517,4.119158073199398
2302,1974.0541814451724,4.120488854199398
2303,1975.3748550010587,4.127725375899399
2304,1967.1676945701033,4.128774287099398
2305,1962.2073814928426,4.128576140799398
2306,1978.5230093075797,4.127890810549398
2307,1986.8988919786716,4.128953225349398
2308,1984.571205354678,4.128507899749398
2309,1990.1616704002274,4.129575555149398
2310,2003.5276041392822,4.128934073549398
2311,2018.2866864044993,4.130199097249397
2312,2012.468936078005,4.1326934392493975
2313,2010.506894381046,4.131723077949397
2314,2012.0294777908518,4.136871901949398
2315,2013.3598879580315,4.137107835499398
2316,2003.0767982988777,4.138384773999398
2317,2004.3692399359059,4.139734228899398
2318,1999.971628367997,4.130258107899397
2319,1996.6307345619744,4.131874614599398
2320,1996.3883166362837,4.131435872699398
2321,1995.0454011163613,4.132499714799398
2322,1994.7966301869478,4.133285692399398
2323,1990.5463128179356,4.135436997299398
2324,1980.2013763497553,4.133207146099398
2325,1974.3436084007217,4.133408360509398
2326,1974.4351703743168,4.138771742509398
2327,1979.8386229005616,4.142719262209399
2328,1993.6475260937007,4.144253464109399
2329,1983.8847404198332,4.143652054639398
2330,1986.5727124014477,4.1412717948393984
2331,1983.7226029523822,4.135440573839398
2332,1986.0826621329027,4.140449785839398
2333,1981.1539636490656,4.142687289839398
2334,1974.7380074341347,4.142075041289399
2335,1976.7332143909111,4.148905805789399
2336,1980.7409955182247,4.143361287789398
2337,1985.4001119184036,4.145081552389398
2338,1990.60452461858,4.151263070889398
2339,1995.0750875611923,4.152995650689398
2340,1988.0986479457108,4.154602761489398
2341,1984.9794843899829,4.155728667689399
2342,1983.626625790854,4.156158599109398
2343,1982.0459489915554,4.156927465809398
2344,1990.0518059969888,4.156575692959398
2345,2000.61712635855,4.156960969579398
2346,2005.2894556226013,4.155293460179398
2347,2014.6077401432142,4.157992018779398
2348,2020.4049856507495,4.157375764839398
2349,2023.0655898989078,4.161435340339398
2350,2023.9944047613956,4.155584853339398
2351,2024.135684946577,4.153879566639398
2352,2028.3410768128106,4.157240574639398
2353,2030.962630780464,4.161954967239398
2354,2030.2254450238331,4.170339990239398
2355,2033.645638535929,4.172020487639399
2356,2024.5155701725569,4.171882926519398
2357,2020.1639512909658,4.169827731519399
2358,2013.1542520718738,4.183630150519399
2359,2017.782577645919,4.187051950519399
2360,2017.4558071401582,4.192540810019398
2361,2023.408715402506,4.192162842969399
2362,2036.0838115634056,4.190415974369399
2363,2044.1375622553162,4.197907240769399
2364,2037.8353810822123,4.198047154019399
2365,2047.0083966732186,4.1996108589193994
2366,2049.587340876552,4.201730448319399
2367,2036.3858709296476,4.188295857319399
2368,2003.5333219699182,4.191214758019399
2369,2006.8006524555603,4.196901253019399
2370,2010.974370765489,4.197721132369399
2371,2014.9012818637448,4.198488282569398
2372,2018.896268948223,4.200743311869399
2373,2027.4980660118022,4.2058684190693985
2374,2041.055194796689,4.206386859219399
2375,2051.5687829754393,4.210420092219399
2376,2054.8480940169966,4.213341172419399
2377,2059.452131792007,4.213463597329399
2378,2056.1571704600224,4.212785764459399
2379,2059.053519508253,4.212672651459399
2380,2054.507910130273,4.223338726459399
2381,2049.329302494091,4.2249927684593995
2382,2056.235311898882,4.229484969859399
2383,2063.401049325083,4.232207740559399
2384,2064.978200900072,4.234275271559399
2385,2050.2556827594576,4.233384737159399
2386,2053.4282434823463,4.233636429819399
2387,2064.5173013876924,4.232979567519399
2388,2057.923689385384,4.235814061319399
2389,2059.169341745497,4.241518577819399
2390,2055.4841083555725,4.242963166719399
2391,2059.506786541184,4.243342045119399
2392,2062.4845744745194,4.2473317397193995
2393,2070.363235642986,4.252835042719399
2394,2074.5171296244503,4.252257582919398
2395,2078.256330162736,4.259084878919399
2396,2072.4637289107964,4.259361026619398
2397,2059.8764940329693,4.254869744019398
2398,2068.6597822730323,4.252437795819398
2399,2070.7286377505206,4.255271304019399
2400,2061.8079719107495,4.257151974919399
2401,2068.200580105613,4.265139413919399
2402,2068.6787435296924,4.269453676919399
2403,2075.3724418125657,4.272902653119399
2404,2074.038805821159,4.276464136819399
2405,2080.370548670762,4.2804052015193985
2406,2087.682947962961,4.295762727519399
2407,2086.2426389418356,4.288727389519399
2408,2086.528427583777,4.286088306819399
2409,2090.097270040719,4.290732731819398
2410,2103.6587825734878,4.293466471419398
2411,2106.9792912087173,4.293198515619398
2412,2111.153641319533,4.299787579619398
2413,2110.0476319939976,4.298923049749399
2414,2101.858348495971,4.300962558449399
2415,2107.502777692364,4.301073567763399
2416,2110.112807974139,4.301005437033399
2417,2107.774303519202,4.298920084733399
2418,2088.771957266453,4.308763199733399
2419,2086.9204815006547,4.307740320733398
2420,2088.442370766093,4.308146821003398
2421,2090.5227853732304,4.3069728627033985
2422,2093.448084428436,4.3071644527433985
2423,2097.1444928288347,4.314766406343399
2424,2096.379272485709,4.315079501563399
2425,2103.4876088676306,4.307750483263399
2426,2096.837316258982,4.312827419263399
2427,2084.6692487445853,4.314255106363399
2428,2086.4559971813574,4.315610768863399
2429,2088.413415806644,4.310140230863398
2430,2087.7955163654374,4.308313586763399
2431,2094.963900472131,4.308155487563399
2432,2096.6000163707768,4.307778484893399
2433,2094.4658706509726,4.305755540293399
2434,2098.5126746610977,4.309415190093398
2435,2098.5408198018695,4.310486748593398
2436,2101.369422197326,4.310487034625849
2437,2094.504441620994,4.311966393025848
2438,2101.3178628939836,4.311610609555849
2439,2103.0868844438614,4.305921461555849
2440,2100.009035505951,4.313847675555849
2441,2102.4501857592527,4.313369993485848
2442,2102.8849124957883,4.314584263585848
2443,2110.657999463258,4.314825017685848
2444,2112.729622109416,4.312973578785849
2445,2097.223754962332,4.315247179785849
2446,2093.295929395877,4.314908225545849
2447,2096.6671776755884,4.317998623545849
2448,2097.609643347057,4.319140020545849
2449,2100.359055820539,4.318780494145848
2450,2106.1908260301016,4.324627279145849
2451,2116.5622130370807,4.331042347745848
2452,2130.777829257794,4.326054331145849
2453,2128.860196224425,4.334456106145849
2454,2122.9090122519438,4.334473964867849
2455,2131.2283540669714,4.335170757267848
2456,2138.7041155533807,4.3387125839678475
2457,2141.3115570973655,4.343311910967849
2458,2142.834194923714,4.342745561367848
2459,2137.788798169912,4.343455857117847
2460,2152.4699094618873,4.322972892117848
2461,2147.4680735007505,4.325467812617848
2462,2150.389063010275,4.326241019917848
2463,2149.305556063831,4.3249064634178485
2464,2155.8736919889957,4.325362228517848
2465,2152.2899572803176,4.326682195817849
2466,2157.056467476693,4.327464321417848
2467,2155.8147699359943,4.328914867117849
2468,2151.0659864328895,4.325740663117848
2469,2152.9971577629003,4.3276083218178485
2470,2159.978924073858,4.330973829817848
2471,2148.270451598908,4.335671550317848
2472,2150.13131989875,4.339299900617848
2473,2154.5672422790058,4.342367977317848
2474,2164.3291225754447,4.3433252734178485
2475,2160.574937664208,4.3477571714178485
2476,2153.8298469764986,4.351212088017848
2477,2160.8207534937724,4.3528986214178484
2478,2161.670568318456,4.3452105994178485
2479,2162.9358774777265,4.347599485617849
2480,2169.499341004907,4.347915953217848
2481,2171.560254300495,4.3489659962178475
2482,2173.037938946923,4.348543875687848
2483,2168.5183857561988,4.3505063678878475
2484,2175.1987889846146,4.352872082887847
2485,2186.8003039540927,4.349975234087848
2486,2187.6369496955826,4.352977078087848
2487,2187.7679627659677,4.354977689087848
2488,2192.372219987051,4.356272071487847
2489,2207.0761535343936,4.360575904487847
2490,2205.0669630783786,4.357899923487848
2491,2204.411439999821,4.356778179187848
2492,2196.2064184756127,4.3577832909878484
2493,2194.491125039899,4.357965189887848
2494,2192.010823610183,4.360597442287848
2495,2194.425853341406,4.366701231687848
2496,2188.942675036377,4.366220768287848
2497,2188.368763730151,4.368179986487848
2498,2185.3551063963987,4.367967894037848
2499,2186.2144283440352,4.367489224357849
2500,2182.6611945840637,4.366837697507848
2501,2181.012484127228,4.364446037507848
2502,2173.341597573232,4.366241632907848
2503,2169.4282932540305,4.366186603501848
2504,2167.7579953075756,4.365777269801848
2505,2166.1841953074413,4.370039009401848
2506,2165.0736374238722,4.369878346071848
2507,2167.7454671143346,4.373396836471848
2508,2163.2382326435322,4.378649870171849
2509,2164.0387249553705,4.386906845171849
2510,2163.4790615416473,4.386370661371848
2511,2172.011576323755,4.394148176371848
2512,2178.8078220489865,4.393837621821849
2513,2185.0054123564223,4.395169134421849
2514,2189.3005908972723,4.392016330421848
2515,2193.531686638175,4.396806678921848
2516,2197.0237743866405,4.397041814491848
2517,2198.5076414756113,4.398916063691848
2518,2195.0845294620103,4.399337296491849
2519,2203.362598654724,4.4081555204918486
2520,2201.247062309588,4.408754177961848
2521,2205.573361587893,4.412062041961848
2522,2220.706177133678,4.415101307261848
2523,2259.9914198694164,4.418433832961848
2524,2260.9866138033303,4.422140867661849
2525,2259.7900002943343,4.422548822961849
2526,2267.471511682247,4.428027823461848
2527,2264.69474384782,4.429883941361848
2528,2272.0313825844337,4.430164327721848
2529,2282.073045605571,4.436211822721848
2530,2263.978753147438,4.448677659721849
2531,2229.8433372914496,4.4236240637218485
2532,2231.994801791524,4.427269810721849
2533,2230.0389566405934,4.433041040721848
2534,2233.6485418505836,4.437588822721849
2535,2237.0064321634372,4.443983349221849
2536,2232.8245090318687,4.442355058321849
2537,2236.0971927372766,4.447739951921848
2538,2240.5620777682475,4.452539274621849
2539,2239.1129570511207,4.455456397421848
2540,2244.8916355882584,4.454247545721849
2541,2250.3122836046455,4.460444320721848
2542,2246.5187748913445,4.459380911621849
2543,2251.5200518189495,4.461070548221849
2544,2249.184304653512,4.461743001651849
2545,2260.468138427418,4.464980977151848
2546,2273.188749950606,4.468930668651849
2547,2278.570894163924,4.468520846701848
2548,2278.6317836642793,4.4728642875018485
2549,2288.123008280969,4.4812161115018485
2550,2294.137813249698,4.483300546001848
2551,2295.0701862555493,4.484264439001849
2552,2293.381898429994,4.486276804301848
2553,2289.7548720713858,4.488230408501849
2554,2295.5843743415494,4.487420490341849
2555,2302.388885858779,4.493224476841849
2556,2299.11916209686,4.49286389064185
2557,2297.7814837578185,4.493509451781849
2558,2298.6802608013677,4.496539319281849
2559,2303.8479415955135,4.497349838141849
2560,2303.1713823201294,4.500916358641849
2561,2309.1248424258224,4.502786820941849
2562,2309.8442005088395,4.505978796941849
2563,2316.4748538228387,4.504764723541849
2564,2314.0513657067836,4.5042379394418495
2565,2318.0545310982716,4.50659516814185
2566,2318.7493368124956,4.50565674584185
2567,2313.6710334555705,4.50492116284185
2568,2311.031486947129,4.505091105501849
2569,2317.1103987490483,4.51358832850185
2570,2325.450939118781,4.51370131776185
2571,2327.7781871663865,4.5116936025618495
2572,2332.398050786664,4.51102726920185
2573,2331.7138410254506,4.51301029320185
2574,2332.8689258943605,4.51410468050185
2575,2334.962102336169,4.5133346002518495
2576,2326.4906256321947,4.505025615251849
2577,2329.975538988225,4.50336082455185
2578,2337.34130953243,4.498727385551849
2579,2348.463653334199,4.503868917551849
2580,2356.4829211715187,4.50863578955185
2581,2357.8123974643163,4.512748790851849
2582,2346.262504893156,4.515830284151849
2583,2337.983902999378,4.5175780321518495
2584,2334.1264813602957,4.515609767351849
2585,2337.38983106309,4.516919271251849
2586,2332.720587976257,4.522467730751849
2587,2342.655781891146,4.521798130191849
2588,2345.869344792107,4.5294948644918485
2589,2349.556159971769,4.534826311491849
2590,2339.74317687632,4.528096046091849
2591,2344.1882366400287,4.530915283091849
2592,2347.647141940452,4.532066389991849
2593,2342.318381323967,4.533219278891849
2594,2335.358425152279,4.527450571891849
2595,2324.4329692097745,4.528790644291849
2596,2318.7579860561896,4.531116641991849
2597,2317.4030547243456,4.534609505791849
2598,2317.287005297309,4.537392860591849
2599,2411.53995923299,4.541530498191849
2600,2417.819658723402,4.5430758202918495
2601,2424.2897924865388,4.540071509891849
2602,2431.8021705437627,4.537599547391849
2603,2430.760693022565,4.526904888391849
2604,2414.6811040847506,4.535406414391849
2605,2406.453177707443,4.536917443891849
2606,2421.5369265744107,4.541624681891849
2607,2409.6056228168113,4.545692205891849
2608,2394.871597676551,4.548561490891849
2609,2413.3553785607382,4.549858007891849
2610,2421.93423235515,4.549907251834849
2611,2420.9320511068904,4.55180428853485
2612,2423.5307088638265,4.55140698978485
2613,2427.1400365532236,4.55190563108485
2614,2426.595147595527,4.55337642158485
2615,2430.5462955512908,4.55377869888485
2616,2448.760717129393,4.55507888228485
2617,2440.8413245710067,4.555012255524851
2618,2445.156961471933,4.55758088882485
2619,2441.7873928708887,4.56043470422485
2620,2434.8678118047983,4.56328853642485
2621,2436.3212983534777,4.56969157642485
2622,2436.376479181718,4.56920418287485
2623,2437.631822649892,4.56880259287485
2624,2433.123211738748,4.56867430065485
2625,2440.026024626795,4.57206175185485
2626,2446.4584578333065,4.571227353414851
2627,2440.824843815571,4.57274481261485
2628,2445.4951988630296,4.579466671914851
2629,2451.1777958120783,4.582575388714851
2630,2457.172799203146,4.569432573714851
2631,2466.670974366717,4.569715052144851
2632,2465.8194537449876,4.56584159584485
2633,2458.544010294873,4.56367969164485
2634,2458.4925240833036,4.56557896074485
2635,2456.3040635274924,4.56816013274485
2636,2456.4819516223297,4.5637659130448505
2637,2462.5693042758007,4.562028564144851
2638,2465.426538727168,4.568446607844851
2639,2465.491643775843,4.56910772974485
2640,2450.4056184560004,4.560939578744851
2641,2446.0204027012005,4.55122395274485
2642,2444.1520785051684,4.55288861294485
2643,2446.6811834439577,4.55388855904485
2644,2450.674486671901,4.553439561344851
2645,2456.6848932855373,4.56152434634485
2646,2451.8176698680018,4.55897422734485
2647,2452.6397845847223,4.56089117594485
2648,2452.483946771451,4.56155132194485
2649,2458.7715937223893,4.567735090944851
2650,2476.47224247955,4.575575244944851
2651,2450.4158589978274,4.57454386084485
2652,2440.550857947838,4.57678629844485
2653,2432.4842401595247,4.573997851144851
2654,2434.1509038295653,4.565835558144851
2655,2459.1013071969255,4.571255998144851
2656,2464.7862944854232,4.568535404144851
2657,2464.500783978384,4.569968902144851
2658,2460.521109591116,4.567362885144851
2659,2464.9432902592566,4.566365796644851
2660,2455.113475032992,4.565911982144851
2661,2457.088035521677,4.56977100594485
2662,2457.249853811248,4.57035183054485
2663,2450.722611142397,4.56886529304485
2664,2457.1891843826284,4.5749318137448505
2665,2453.5089314931893,4.573458449244851
2666,2460.710492009085,4.578574800644851
2667,2463.8878775419025,4.578976523024851
2668,2476.426075678707,4.58225955962485
2669,2486.7860070427932,4.585074385024851
2670,2491.082046251545,4.5881627790248505
2671,2489.5253670879765,4.588158552915851
2672,2487.951847542975,4.591891908215851
2673,2497.961135328657,4.593643288015851
2674,2505.176682665751,4.601863718015851
2675,2502.614120902886,4.600202070115851
2676,2509.208698559354,4.607614251815852
2677,2508.268173017109,4.608452442815851
2678,2516.3767498641337,4.608633082475851
2679,2526.317666017951,4.607716449875851
2680,2530.4393052900236,4.612022997175851
2681,2534.8514726359376,4.614569608175851
2682,2542.9307649375023,4.614267438325852
2683,2549.641220253501,4.606624134325852
2684,2560.792062107253,4.607958221625852
2685,2568.9103030280894,4.608703384695851
2686,2589.2678536507215,4.6128429942958515
2687,2640.9929429251742,4.614969154295851
2688,2619.765225309382,4.631893544295851
2689,2623.3881740887005,4.639880297295852
2690,2633.236438616595,4.640155721565851
2691,2636.498106410939,4.647896250865851
2692,2633.327795741973,4.648595929565851
2693,2620.541381910359,4.641738285565851
2694,2619.8313447030164,4.639865890065851
2695,2616.3758618245465,4.642977732865852
2696,2637.178938405003,4.644840275465851
2697,2633.5248537741054,4.647813668765851
2698,2647.4905967186855,4.645440050265851
2699,2648.582430603966,4.650953029265851
2700,2643.129852222895,4.652133606565851
2701,2635.7832233721133,4.659661445065852
2702,2632.9438227317955,4.659424540615852
2703,2622.4388939892624,4.662798435015851
2704,2622.1151909890855,4.659042359815851
2705,2627.566931634106,4.661714882415852
2706,2636.4481288835646,4.660688852615852
2707,2642.8466355783735,4.665768152615851
2708,2637.1991656741193,4.667236458815852
2709,2651.896355740396,4.6674809220858515
2710,2646.843585173399,4.664007175285851
2711,2655.6989757100164,4.664589079255851
2712,2660.532750449773,4.663938934155851
2713,2655.384430147721,4.658847344155852
2714,2636.1120262216828,4.657827040155851
2715,2642.967317001734,4.655117233155852
2716,2635.0049392266915,4.660241263755852
2717,2640.3196485384324,4.664625041455852
2718,2642.866081060589,4.669718927455852
2719,2648.8065410084355,4.6625056974558525
2720,2597.0380487688303,4.656371715055852
2721,2611.049432627265,4.656483156725852
2722,2612.1528595847753,4.657513050025852
2723,2609.195350861042,4.658452483375852
2724,2598.594706771173,4.659983293175852
2725,2596.164186571441,4.661017620275853
2726,2603.709905587275,4.658590888275853
2727,2595.386680809992,4.6581407927358525
2728,2616.1608578552923,4.657579364475852
2729,2614.1327658759724,4.656480011175852
2730,2612.784070343684,4.658634966775852
2731,2616.7211482005364,4.6603244421758525
2732,2609.910499735859,4.665273387175853
2733,2606.946297539659,4.667611485175852
2734,2606.2147017276047,4.667343277345853
2735,2611.0384629445125,4.6643169006458525
2736,2609.040737050414,4.666928586845852
2737,2612.8381147020236,4.668348565845853
2738,2608.418896704966,4.667119402145852
2739,2609.5854028159333,4.672820900745853
2740,2606.7868137540236,4.673958909745853
2741,2612.7339476180696,4.676900277145853
2742,2613.1789885956214,4.675847243445853
2743,2613.940394215979,4.676098782905853
2744,2620.7156594939424,4.6812451789058525
2745,2609.851491900015,4.6790421333058525
2746,2618.4735298691116,4.676114577105853
2747,2600.6665561151867,4.671637709105854
2748,2606.8915669781013,4.680311924105853
2749,2666.096923796657,4.679384602605854
2750,2677.524344165679,4.682304672105854
2751,2675.024106473161,4.678858695705854
2752,2683.0910771601552,4.6801514944058535
2753,2696.2145483791933,4.677895882105854
2754,2663.4800394217723,4.678197967005854
2755,2664.358838866343,4.6753011212058535
2756,2666.2451265921104,4.677517823805854
2757,2669.3994644166837,4.681183689805854
2758,2686.462116306865,4.680737278225854
2759,2677.827540419547,4.6819116010258535
2760,2661.6656662744285,4.684984523025854
2761,2657.9316397323696,4.685045650905853
2762,2651.133921089258,4.683155683405854
2763,2646.612846177463,4.683311138125854
2764,2651.098571499498,4.685658520125854
2765,2658.6324782661372,4.6866372068258535
2766,2666.2105070967514,4.6851992098258535
2767,2672.265406102831,4.686564933525853
2768,2676.8584341535097,4.692393671525853
2769,2671.3118346446145,4.695054370025853
2770,2664.3933095596294,4.698944013125853
2771,2666.9243405520933,4.699199976105853
2772,2673.2030714595126,4.698572420005853
2773,2634.296474669772,4.701132648305853
2774,2631.7036749503195,4.700812084775853
2775,2644.2427065965503,4.702215152275853
2776,2642.631125018222,4.701585282175854
2777,2649.0862066021587,4.705418895775853
2778,2643.243520876994,4.7037198042758535
2779,2646.276429243124,4.702644393575854
2780,2660.424845672066,4.710133468575854
2781,2658.4359405239875,4.708342301175854
2782,2660.406173169215,4.707642968475854
2783,2656.682814213465,4.701362915975853
2784,2656.683279832382,4.700346707975854
2785,2659.1869479850247,4.702934165375854
2786,2668.882268874225,4.710413552375854
2787,2654.4866606004002,4.716274588375854
2788,2657.679171358907,4.719728428875854
2789,2669.5376329693268,4.726626229875855
2790,2686.2068674394804,4.731394670875854
2791,2694.3385829541103,4.739286605875854
2792,2690.260723063518,4.741277468975854
2793,2703.715129356528,4.747035813975854
2794,2715.81271614649,4.747018887740854
2795,2723.6456501464986,4.749743012740854
2796,2725.211090269096,4.754117222040854
2797,2728.128467984269,4.754877108240854
2798,2723.8486785291325,4.751683898240854
2799,2714.5709225234514,4.749670859840855
2800,2717.7124590768376,4.755790375140855
2801,2709.418518919501,4.753881249640854
2802,2712.3331338952416,4.752191557540854
2803,2716.825186384841,4.755964047540854
2804,2733.427096529997,4.760316654540854
2805,2737.5081370796124,4.764484063540854
2806,2765.072539038153,4.766673360040854
2807,2764.516734544503,4.767049566510854
2808,2762.718355395797,4.764219989510854
2809,2758.5900737049,4.7595078582108545
2810,2773.5286353589668,4.760752254310854
2811,2779.543594398997,4.7676486407108545
2812,2786.3900611139725,4.7672545428108535
2813,2793.6388618239353,4.773706856410854
2814,2798.1731787877093,4.774886008310855
2815,2803.4124012979096,4.778388690210854
2816,2809.800973908399,4.786057982210854
2817,2796.5756931021688,4.773791786210854
2818,2792.4151947236055,4.773846543932854
2819,2813.867343634709,4.775824463032854
2820,2828.0090746877395,4.774347996932853
2821,2841.015697858184,4.772953364332854
2822,2842.389121553953,4.779150639332854
2823,2840.007580350233,4.779790869932854
2824,2843.0010485921894,4.793486063932853
2825,2853.150217195336,4.797231214432854
2826,2853.1017123577262,4.804869316832853
2827,2852.9020918724163,4.804418523382854
2828,2850.372314321403,4.816686229382853
2829,2858.510451366122,4.821275237082853
2830,2870.36358710684,4.823820592182853
2831,2871.970721934773,4.830358215882853
2832,2871.4497266866556,4.8365610332828535
2833,2879.713620021893,4.840141653582854
2834,2866.3194441976016,4.842524771582854
2835,2863.4299703383017,4.8416642587428536
2836,2861.195695577693,4.8435956029428535
2837,2865.119228342636,4.851098999342854
2838,2877.0665423041196,4.854928997742854
2839,2905.3373289237015,4.862610802742854
2840,2908.9393934542713,4.866494128242854
2841,2907.6561737177826,4.865416489042854
2842,2918.1157465762985,4.868724135642854
2843,2927.8572351780253,4.865650652642854
2844,2923.6606000863408,4.864476319142854
2845,2918.6399515223598,4.856418026142854
2846,2915.4005874801164,4.856371883998854
2847,2922.946705406329,4.862247694498854
2848,2926.876068260375,4.869299514898854
2849,2923.3868286634865,4.872352752398854
2850,2918.187478777428,4.871685095738854
2851,2925.5281983485115,4.872499488438854
2852,2921.60587160265,4.8756511261388535
2853,2931.837104558139,4.8732307393388545
2854,2931.5659322304314,4.875729882438854
2855,2928.6901179396305,4.883313877438854
2856,2928.167511960988,4.884696291038854
2857,2937.8467125663497,4.893051583538854
2858,2947.4248928249754,4.896053366338855
2859,2952.8491989004133,4.903489018338854
2860,3004.829163024647,4.918386451338854
2861,3035.069934996589,4.919377739538854
2862,3036.2693424316967,4.925731652838854
2863,3032.119803984604,4.926713906438854
2864,3032.7076992980237,4.9288986655388545
2865,3058.1335127497528,4.9275699343388535
2866,3061.45312462899,4.9280932419388535
2867,3065.637678567586,4.928609164668854
2868,3053.5351639501773,4.931479070668853
2869,3049.759470162781,4.9345869092688535
2870,3054.7037655288127,4.935196264428853
2871,3057.939563435966,4.939157834428854
2872,3048.9119540100046,4.940436178428854
2873,3049.300437681786,4.940297108658854
2874,3059.0760795702745,4.943885246758854
2875,3067.8070375541934,4.948883298358854
2876,3067.5162685636747,4.947765993858853
2877,3070.71285088599,4.949045051758854
2878,3070.505637229839,4.951768093258854
2879,3045.789270488349,4.951004286058854
2880,3058.620046737571,4.948377234858854
2881,3053.927699966999,4.950495660258854
2882,3065.675939945978,4.949266754258854
2883,3075.2732530732947,4.955601729258854
2884,3083.2274845531747,4.956923172858854
2885,3077.4197723515786,4.958980581958854
2886,3093.7198185630023,4.966103310458854
2887,3072.7664718840506,4.956510944958854
2888,3081.3519992656375,4.960004202558855
2889,3091.3805520756873,4.956525448958854
2890,3098.422333642127,4.959198404358855
2891,3092.9961226906644,4.954026027358854
2892,3081.1978045418664,4.956309846158854
2893,3089.224235467962,4.959890590158855
2894,3095.333751916075,4.957133403658855
2895,3069.8816613095155,4.960619993158854
2896,3078.0908840480115,4.960410757258854
2897,3078.988677280153,4.965097499858855
2898,3081.5747650081744,4.965338100858855
2899,3085.0850986841588,4.9710408038588545
2900,3088.2752395686916,4.978408222858855
2901,3105.716639327117,4.986707349858854
2902,3104.3616660290168,4.989091517758855
2903,3106.2170537774477,4.987583005258854
2904,3123.1686586982833,4.987644931283854
2905,3110.631240612335,5.001671049283853
2906,3113.9553015942597,4.999031899283854
2907,3113.3870683075465,5.007496673283854
2908,3100.360380656315,5.009967418083854
2909,3108.6569865797806,5.008285480383854
2910,3111.4339023034404,5.012288405383854
2911,3125.761629157103,5.0087779502838545
2912,3114.9920087604537,5.0165113682838545
2913,3104.5544804370197,5.013165840783854
2914,3095.601300786928,5.009517382783855
2915,3089.9869786562017,5.0117679016838546
2916,3089.98744395639,5.010809875083854
2917,3097.649885434358,5.015571537383854
2918,3114.5297881467104,5.014180573783854
2919,3116.8454793529136,5.016469773283854
2920,3135.69831891585,5.022251818283854
2921,3081.8873055970566,5.024737972983854
2922,3083.329324827893,5.023177613383854
2923,3092.7464887600386,5.032052374383854
2924,3097.0108415353825,5.038609171383854
2925,3100.8069415632813,5.038395251913855
2926,3118.067804801108,5.036805866113854
2927,3137.054639494545,5.042545349113855
2928,3132.8042698873414,5.044334012813854
2929,3132.6423219108146,5.045483035213854
2930,3122.4870896280086,5.045355798793855
2931,3086.002670253088,5.048080582293855
2932,3099.362923215433,5.047614796533855
2933,3104.7841354404754,5.048966706133855
2934,3106.8496713271375,5.049882529433855
2935,3113.5496998296685,5.0512873702338545
2936,3101.046945222781,5.0528760572338545
2937,3097.3060577108267,5.051622583233854
2938,3080.0964734520344,5.052411874693854
2939,3091.11434722512,5.055396777993854
2940,3142.014969857861,5.054912193653854
2941,3136.115667397346,5.053828609053854
2942,3144.8540491456274,5.058832286053854
2943,3148.6342313270625,5.062163561253854
2944,3145.7864213885573,5.067301256253854
2945,3131.0383675083085,5.068583909953855
2946,3123.8877859964214,5.069285269193854
2947,3121.4688684662015,5.069852480793854
2948,3123.6002590698995,5.0697555690238545
2949,3127.063436533374,5.069172275523854
2950,3117.9349504742067,5.069444293023854
2951,3130.4504860375923,5.073100533423854
2952,3128.3159096115533,5.0767359276238535
2953,3139.2028240620793,5.080179285123854
2954,3169.4633360623757,5.0839968129238535
2955,3156.472875379827,5.082325613823853
2956,3164.302422385028,5.085388912123854
2957,3176.542303935999,5.087188664623854
2958,3168.2731490226097,5.087869239653854
2959,3163.1655993242916,5.090013011253854
2960,3165.648228191282,5.078716288253854
2961,3160.052000318523,5.082227532953853
2962,3159.0654058871924,5.0841283753538535
2963,3164.2140178314266,5.0886595023538534
2964,3161.6215719074535,5.088422013203854
2965,3165.9389903228625,5.087380000003853
2966,3164.5394554277786,5.091371820003854
2967,3159.039403892673,5.092026992163854
2968,3165.1784804711956,5.090899932663854
2969,3183.377257487059,5.092461674963854
2970,3193.690452428245,5.094220882963853
2971,3204.0384690661685,5.090587517463854
2972,3192.6527142690916,5.095352900463854
2973,3218.5668346276184,5.0948431029638535
2974,3218.9970251165396,5.100444584963854
2975,3237.411751477299,5.099491842663854
2976,3250.746595445634,5.098694081523854
2977,3249.8102339475035,5.0989326783238536
2978,3254.7998226156315,5.097469363723854
2979,3248.6952157594483,5.100802488723854
2980,3257.2275303976053,5.105577527723854
2981,3259.8216171510417,5.111397713123854
2982,3246.942858642081,5.108563675223854
2983,3241.6685181686166,5.109084494123854
2984,3236.616428028913,5.105290317623854
2985,3231.723609729054,5.107816470223854
2986,3232.2512103901595,5.1067484745238545
2987,3240.3252743603766,5.115444505523854
2988,3242.1521477158494,5.105981089523855
2989,3247.563225729318,5.111423076923854
2990,3255.136244395902,5.113193085823854
2991,3282.1100708559475,5.115391660423854
2992,3287.4357972651746,5.118045417723854
2993,3292.1642772567357,5.116894649323854
2994,3288.5804996521283,5.121141587323854
2995,3297.3936678214254,5.120864464123854
2996,3301.007959486129,5.124086247923854
2997,3300.68636449642,5.124752150663854
2998,3308.454880718223,5.122749209663853
2999,3321.4494043314103,5.114377018663854
3000,3319.9867943875806,5.1092689280638535
3001,3327.331335573861,5.114899249363853
3002,3324.329717368193,5.109484624663853
3003,3333.464677239145,5.109738807943854
3004,3353.450320039166,5.1146428993438535
3005,3346.7469794219473,5.1129464148438535
3006,3349.4723368937243,5.117526961443854
3007,3356.000863764483,5.117421812943854
3008,3374.7307901631743,5.111744680943854
3009,3382.895335084132,5.113039993943854
3010,3387.445341826533,5.108719703543853
3011,3390.260796020231,5.115053546843853
3012,3394.957695873541,5.113562016143854
3013,3396.926500962717,5.114931028743854
3014,3397.1833071998626,5.118881859243854
3015,3402.5276363978965,5.121414960743854
3016,3392.495225819008,5.119658007543854
3017,3404.3562372522774,5.120997963843854
3018,3362.511769588615,5.121268470323853
3019,3368.1436573640576,5.122323141423854
3020,3367.1618768999215,5.120802029923854
3021,3367.9841033168514,5.119110747823854
3022,3365.2207446370185,5.115898838623854
3023,3377.149743124746,5.122533349623854
3024,3375.447353785759,5.122869253523854
3025,3365.8201408123296,5.119068883223854
3026,3369.591437939685,5.126271948523854
3027,3370.9237917139462,5.135798909523855
3028,3357.703338727833,5.138746944123854
3029,3368.323063708652,5.143679460123854
3030,3363.2822981826926,5.139886241523855
3031,3352.4186313329174,5.1280646305238555
3032,3364.8367314983757,5.1257054185238555
3033,3389.995206575643,5.125386834693855
3034,3381.360946414413,5.125033613113855
3035,3383.2475775321777,5.1289632928138555
3036,3381.278245414536,5.127878045813855
3037,3391.7487227875044,5.123597513813856
3038,3398.232232947194,5.124305306573856
3039,3413.7569005847304,5.126738699773855
3040,3417.2169504185167,5.134565085773856
3041,3419.4089642128006,5.132082514373856
3042,3425.8676413175617,5.133084826073856
3043,3424.120460228629,5.134446345173856
3044,3436.6940627139556,5.135708315673856
3045,3456.9889474338975,5.135990558863856
3046,3452.503624923517,5.139244664663856
3047,3459.887592822494,5.146858129663856
3048,3472.934927541824,5.145083495063856
3049,3461.5525461974535,5.1460907503638555
3050,3461.7908333824016,5.147541045063855
3051,3426.726672515828,5.157144508063856
3052,3433.3059843003316,5.161520658063855
3053,3444.860237248116,5.164729861763856
3054,3441.840821935178,5.163667540563855
3055,3451.1645381184658,5.171042456563855
3056,3455.025578487371,5.170345030293856
3057,3458.365158048481,5.169725219633856
3058,3465.178837382944,5.174579644033855
3059,3471.368063994042,5.168803507033855
3060,3475.749532426025,5.173831309033856
3061,3482.3960796541505,5.1771367407338555
3062,3465.9370813198498,5.181335020433856
3063,3454.9250852294576,5.181893288933855
3064,3466.4977955779195,5.189060095533856
3065,3447.5576194521436,5.190963992333856
3066,3442.546804753285,5.189787569533856
3067,3441.0988628542395,5.191724010933855
3068,3421.936622082595,5.195365316233856
3069,3422.6112567507607,5.195000481473855
3070,3473.386837896818,5.200527855473855
3071,3487.685798960125,5.211701412973856
3072,3498.330321346663,5.212360893173855
3073,3468.0672942458073,5.214040593773856
3074,3466.18498858362,5.216647397973855
3075,3471.705676388406,5.216495341283855
3076,3463.0720095797888,5.222302808283855
3077,3472.7608840540374,5.2266536125838545
3078,3477.844062786437,5.234473462583855
3079,3475.6334842378587,5.2381703291838555
3080,3475.155204816549,5.240312280583855
3081,3479.5462482960916,5.241358948083855
3082,3469.209254056209,5.241618634023855
3083,3479.1488233911596,5.248994905323855
3084,3479.2127643746253,5.247576631423855
3085,3473.4549518491895,5.248904296923855
3086,3464.834904746098,5.245193450923855
3087,3471.7950287219855,5.246173629923854
3088,3472.287745872461,5.252342571923855
3089,3494.5470582769294,5.260525684923854
3090,3506.314889582924,5.2623428415238545
3091,3500.0610649153277,5.262438699878855
3092,3499.6686038381326,5.262381156192854
3093,3497.5777844353147,5.261209069592854
3094,3502.614555965173,5.263074510492855
3095,3509.717263890981,5.265201086892854
3096,3515.916283055855,5.271549314892853
3097,3518.045497239982,5.278531312692854
3098,3537.396668327643,5.275262030292854
3099,3544.4136358409614,5.275986546462854
3100,3544.7864508068387,5.281597364962854
3101,3547.3556226977653,5.288558934662854
3102,3543.3430934638745,5.288713878392855
3103,3548.5113835815846,5.295271221392854
3104,3553.9216292692877,5.297055911392855
3105,3546.5044420103727,5.291283873392855
3106,3549.5778608469914,5.291421178452854
3107,3557.774844917715,5.294417733952855
3108,3567.9962740554342,5.299498509952855
3109,3573.872787467579,5.296920755252854
3110,3570.7180747417474,5.296374645152854
3111,3567.105861352259,5.299544726752854
3112,3561.9617486909206,5.311754424752854
3113,3553.0071385677747,5.311514464982855
3114,3563.3163817086165,5.316173128982854
3115,3560.9495147234197,5.313982882482854
3116,3552.524099856037,5.315922801582854
3117,3557.707866643279,5.318967274782854
3118,3560.823125400918,5.320975282382854
3119,3569.3310819933704,5.322763946882854
3120,3576.6815500484286,5.323013445692855
3121,3591.741437754364,5.326348860892854
3122,3608.913787031461,5.326826863222854
3123,3616.551333444304,5.327258939272854
3124,3596.260990444532,5.330242067472854
3125,3592.3499361426807,5.333739162772854
3126,3590.0466869709585,5.332474496872854
3127,3585.6982669746776,5.335592248872855
3128,3580.8630762096827,5.338953303872854
3129,3590.4072830586388,5.345562024872855
3130,3595.638749899669,5.3441960290728545
3131,3611.180163087986,5.345049718222855
3132,3608.910572828405,5.347410779922854
3133,3605.3050416394367,5.349189552122854
3134,3583.93709988947,5.355544368122854
3135,3584.6370567824333,5.361899416122855
3136,3581.9711519153957,5.3648691644228546
3137,3578.425280226946,5.368524511922854
3138,3580.0605806447834,5.373067788922854
3139,3584.3461823803705,5.3762082338228545
3140,3576.212963964008,5.378081011022854
3141,3597.859886890786,5.378744395222855
3142,3607.7347314421822,5.379209565442855
3143,3594.3015418613654,5.382138469442854
3144,3597.122550273444,5.387172192042854
3145,3591.3605775738483,5.3882754904428545
3146,3602.3147631664465,5.384548652242854
3147,3609.818935251818,5.402029712242854
3148,3595.073568524015,5.3989874921428544
3149,3593.2085268276523,5.398199248892854
3150,3597.7748477283944,5.399812226792854
3151,3606.994998448338,5.398295377992854
3152,3606.7812815274947,5.402611904992853
3153,3611.1836740356393,5.407606715992854
3154,3613.663543415997,5.407478352032854
3155,3613.060243371523,5.408766511932853
3156,3603.4753921460224,5.408486808432853
3157,3602.8468086010807,5.411262413732853
3158,3602.864245212312,5.411533917812854
3159,3613.983383228701,5.411504223552853
3160,3606.9446149975256,5.4128425612528535
3161,3606.4893083588854,5.4130801378528535
3162,3611.071460859185,5.417866787852853
3163,3621.549058007619,5.418568201952853
3164,3626.5016654119286,5.426246649952853
3165,3625.5367628391127,5.4266910306028535
3166,3678.2980554918613,5.433837671302853
3167,3659.8981110141513,5.434485024832853
3168,3642.82298227771,5.419810420832853
3169,3644.6958781503395,5.423224622432853
3170,3633.1938885829386,5.425496182432853
3171,3642.3012861874104,5.423111616932853
3172,3640.1742147984505,5.424464745632853
3173,3656.0424575033735,5.433972952132853
3174,3665.8443819152067,5.437063998532853
3175,3679.311743620915,5.436541688972852
3176,3657.8040214407038,5.4385231031728525
3177,3660.7147126261866,5.436529166872853
3178,3679.945085074186,5.442481678872852
3179,3687.935236495099,5.442581860077853
3180,3704.9485026754346,5.442701756977852
3181,3688.238912614653,5.4377935803778525
3182,3701.092493826359,5.441421485777853
3183,3713.5066020407467,5.4409416824978525
3184,3705.687730707602,5.436853468797853
3185,3715.390677521873,5.444505842797852
3186,3714.729672812282,5.446664201997853
3187,3720.8629359313077,5.448424473797853
3188,3716.029159914549,5.446574974597853
3189,3720.0565224567163,5.448292079797852
3190,3721.6185157112072,5.455854516397853
3191,3675.8192399252994,5.464215368897853
3192,3685.621143855038,5.4638652145678535
3193,3702.251572381789,5.462562717467852
3194,3706.1631896126155,5.465722653767853
3195,3724.0436258071863,5.470893649167852
3196,3718.371526767824,5.471666481667853
3197,3742.011911126518,5.4729521697678525
3198,3748.03787871766,5.477349327367852
3199,3749.602031136581,5.477923463807853
3200,3733.41993851892,5.478643181857853
3201,3720.5893741113987,5.4768222237578525
3202,3721.5921283845037,5.472983238957853
3203,3718.621523030572,5.475486208657853
3204,3709.295234009711,5.4763366047578526
3205,3722.467517439229,5.476177596297854
3206,3708.4172685303683,5.478266535297854
3207,3704.9892678320352,5.478392738247853
3208,3699.3435836967747,5.486935349247854
3209,3692.891856719542,5.489177313947854
3210,3657.8183651937015,5.483652851347854
3211,3663.225222814361,5.483762741357854
3212,3660.156443618192,5.484186885417854
3213,3658.2146980494604,5.482432486117854
3214,3659.691536955658,5.486988138117853
3215,3642.50864584154,5.485679287617854
3216,3643.227200170997,5.483367800417854
3217,3643.4701045480624,5.486468913917854
3218,3663.702589159696,5.4882454742178535
3219,3674.7895152064702,5.491532119517854
3220,3686.7256339413134,5.499708423517854
3221,3692.476244992037,5.4988053686778535
3222,3689.3203754203146,5.496899244377854
3223,3696.4172782692303,5.501992708977854
3224,3690.327687334641,5.5028430297778534
3225,3695.9565445251646,5.504277998577853
3226,3688.2834885224725,5.505782155977853
3227,3681.9020882950467,5.506090548717854
3228,3680.654000070678,5.503581519617853
3229,3681.4154255395965,5.509689914917853
3230,3687.8375292131846,5.508277602517854
3231,3675.260021763463,5.524649979517854
3232,3676.979934408683,5.527379953317854
3233,3686.2666208280475,5.534986492317854
3234,3671.933107581618,5.531214863617854
3235,3674.5931061200754,5.534756567217854
3236,3680.651116011443,5.536961935617853
3237,3687.088006520815,5.5444221426178535
3238,3693.1678173843593,5.543917812217853
3239,3707.6959972512177,5.543581432917853
3240,3713.194700249176,5.545227783617854
3241,3717.6119471127895,5.544394632457854
3242,3717.6800638904356,5.544332766532854
3243,3722.6454025885205,5.543991377352853
3244,3731.8002754844138,5.546954522352854
3245,3724.619748404262,5.549743066052853
3246,3721.083560521087,5.550027396952853
3247,3713.7277731453855,5.550813137512853
3248,3734.5552683604888,5.551857782912853
3249,3732.7553188945453,5.554615849812853
3250,3772.8410236523982,5.548729722812853
3251,3771.1051929208447,5.548317223482853
3252,3776.0265100869005,5.5546098204828525
3253,3795.9344906470756,5.559750640082853
3254,3800.5655561584267,5.563471444682852
3255,3808.806068956122,5.566277184082852
3256,3812.3355013852047,5.566014632522853
3257,3815.7998494181647,5.566653202822852
3258,3816.479075222977,5.565385308522853
3259,3814.0450947021186,5.5677010445228525
3260,3828.926362457613,5.573518825522852
3261,3825.919179211971,5.580262435522853
3262,3824.9015830364237,5.580613703442852
3263,3828.8399614171353,5.572648257442852
3264,3855.5068841105153,5.571359345542852
3265,3858.5066924713037,5.576115758542852
3266,3853.005401088368,5.576471865822852
3267,3846.55664251649,5.569915229822852
3268,3837.963168795388,5.5352648038228525
3269,3831.186536332879,5.5347781542228525
3270,3838.198088508278,5.540119686822853
3271,3853.3142340724257,5.543594156122852
3272,3849.484702879137,5.542564119622853
3273,3825.537167482943,5.543023549662852
3274,3826.696295680847,5.542554292912852
3275,3827.399853196158,5.5422263351528525
3276,3842.934336845677,5.549026124752852
3277,3845.9538177808936,5.547246732252852
3278,3866.8309565745803,5.5486395995528515
3279,3877.834145093322,5.550631404252852
3280,3869.1044870176643,5.550058805852852
3281,3870.7373440977008,5.548415845152852
3282,3881.502973230812,5.552685546552852
3283,3880.838151885719,5.551524783452852
3284,3884.6124565673717,5.554936828252853
3285,3908.544282867088,5.559795788652853
3286,3896.523633877725,5.561050791952852
3287,3922.561181268118,5.558693745852851
3288,3921.680624532957,5.565475722852852
3289,3903.8084886424353,5.572503996152852
3290,3913.662710792644,5.571449844152852
3291,3918.87304471048,5.573323201652852
3292,3919.76664695135,5.574171329052852
3293,3920.0514936340687,5.5728158280528515
3294,3917.6645734955846,5.572232088552852
3295,3931.8262798129185,5.571462105752852
3296,3931.3264294509263,5.570879833802852
3297,3920.6976831291513,5.562820990802852
3298,3917.6849892321325,5.565978640202852
3299,3916.037069889002,5.5654227152528515
3300,4055.35044109364,5.550369047252851
3301,4060.8045962627484,5.553496176552851
3302,4056.854706655866,5.559823638952851
3303,4055.884400561103,5.561138468452851
3304,4050.9012870433116,5.561148792803851
3305,4045.806830645172,5.561196389323851
3306,4060.278586601929,5.560897732723851
3307,4060.5365893713906,5.563754531223851
3308,4060.359309084761,5.560923950623851
3309,4088.933115672427,5.559219170123852
3310,4077.493354159719,5.563973395823851
3311,4060.886076839151,5.566042015323852
3312,4065.739418844214,5.569728244123851
3313,4076.1068860406544,5.572274587823852
3314,4082.109377345465,5.578194410823851
3315,4086.815379991606,5.577741694893852
3316,4097.9416306498415,5.580005867393852
3317,4089.5581542753384,5.579752826613852
3318,4092.8299279840176,5.583468283313852
3319,4082.8071838157057,5.5834530896588515
3320,4077.085719104946,5.583353586428852
3321,4082.2507963490393,5.583203319688852
3322,4078.7999456504613,5.582722028388853
3323,4087.379764149656,5.583033888328853
3324,4078.7711288506543,5.586478237728852
3325,4080.7115539239567,5.590337768128853
3326,4087.603844317055,5.594859018128853
3327,4086.0181587563266,5.594247955268852
3328,4092.5213054944925,5.5957993386688525
3329,4089.9546252631626,5.595047601168853
3330,4102.544655694964,5.596970078768852
3331,4103.136241034324,5.599574353068852
3332,4113.798991430583,5.594596572668852
3333,4124.096365100002,5.594848574368852
3334,4112.589055728126,5.594784070588852
3335,4117.226953597861,5.596567395688852
3336,4128.112404713882,5.596134829328852
3337,4155.011742438172,5.569064223328851
3338,4145.156478396307,5.564014419328851
3339,4158.385675658479,5.564007496371552
3340,4161.651172761861,5.5651969610715515
3341,4161.167988788648,5.5651258886415516
3342,4167.434471425421,5.568935223641551
3343,4209.946278766447,5.570942148841551
3344,4194.489110315431,5.5735664433415515
3345,4182.280536354391,5.573806022201552
3346,4126.705478759018,5.556010038201551
3347,4137.263219771666,5.556005297042051
3348,4151.44732197454,5.544754826042052
3349,4142.455580997613,5.534344588042051
3350,4153.99443865672,5.538949930042051
3351,4163.29674301265,5.543988109542052
3352,4161.548781084878,5.545501727442051
3353,4150.498984741982,5.558992373442052
3354,4082.5679089756754,5.508142656442052
3355,4079.466150816929,5.506110150442051
3356,4283.206125132347,5.503611170042052
3357,4273.693376180949,5.504606146342052
3358,4287.013786096178,5.494116495342052
3359,4302.6772243591595,5.4975561233420525
3360,4306.918439990707,5.500119528842053
3361,4322.177097882176,5.503751691042052
3362,4314.914283941762,5.5051545770420525
3363,4328.369198526491,5.510561544442052
3364,4337.569191407325,5.510593214124052
3365,4340.969826871714,5.513627422524053
3366,4353.200935642162,5.5165087588240524
3367,4319.403610809635,5.5079528188240525
3368,4310.416282573049,5.508924599824052
3369,4319.727559342504,5.508481991184053
3370,4318.675354833532,5.506385433884053
3371,4329.661975539649,5.510781014884053
3372,4326.890154215601,5.513686302684053
3373,4323.300372601867,5.519611026284053
3374,4320.240427496477,5.521206738484053
3375,4327.519113269646,5.521886728884053
3376,4334.438831910833,5.529394774384053
3377,4341.671192024202,5.528822125554052
3378,4298.357052085872,5.510877694554052
3379,4313.98399134851,5.510719250884053
3380,4304.9992741456645,5.512863590884052
3381,4377.961047593776,5.517710232884053
3382,4390.712342033997,5.517950854364052
3383,4404.1946561037175,5.518303413534053
3384,4394.090786146001,5.516785878034053
3385,4398.121386888913,5.5174136577840525
3386,4413.478215854587,5.514102070484053
3387,4423.036868275225,5.515455572884052
3388,4446.902173113751,5.514093520584053
3389,4448.905710746698,5.517170924184052
3390,4452.704640675806,5.523832440184052
3391,4461.48026074121,5.523282342184052
3392,4479.248941961013,5.5310501735840525
3393,4475.447180451751,5.531347533004052
3394,4479.813768421392,5.531598266574052
3395,4493.112215203977,5.535802837774052
3396,4477.559309517605,5.532724523974052
3397,4478.644405628682,5.528662347974052
3398,4490.559854297248,5.527216323474052
3399,4500.089697967239,5.528729722274052
3400,4496.3290632784465,5.5284935434940525
3401,4484.503726834682,5.526790121994052
3402,4442.482151050765,5.525523913994052
3403,4450.171324880049,5.526656492994052
3404,4443.806153160544,5.528394265394052
3405,4457.49312766043,5.530240818494052
3406,4482.466665284981,5.533114698394052
3407,4470.030054798448,5.527942619394052
3408,4457.8106407287105,5.527278903044053
3409,4471.340763803356,5.532889192044053
3410,4481.970040879813,5.528626614344052
3411,4475.68371127233,5.536931707344053
3412,4449.7731636933395,5.537351361844053
3413,4435.523782354757,5.533300212844052
3414,4433.981955565888,5.532270436444053
3415,4429.736180625399,5.532533439404053
3416,4432.002414607541,5.531511030004053
3417,4416.915023011751,5.530933513704053
3418,4412.893824264257,5.535592699404052
3419,4408.622337077311,5.534803645554053
3420,4419.9887728325,5.531941616554052
3421,4409.145534825297,5.533475310154053
3422,4424.306425838248,5.538567211154053
3423,4434.634693997509,5.5460018288540525
3424,4459.294331663344,5.549396674754052
3425,4478.168406404467,5.553305868754052
3426,4493.580674548611,5.559257747354052
3427,4476.397317313047,5.560796036754052
3428,4475.613769442848,5.562705887754053
3429,4460.758719947728,5.565087334954052
3430,4460.3048949349,5.567501194354052
3431,4467.998172439502,5.573713873354052
3432,4484.034264680205,5.5762477096540515
3433,4484.805616011794,5.576769030154052
3434,4470.799102101686,5.575698197154052
3435,4470.929089494704,5.575620173654052
3436,4485.8654428695945,5.579698846354052
3437,4499.202695091621,5.578737159284051
3438,4482.177529875685,5.580113846284052
3439,4495.016010261608,5.580137915821052
3440,4484.0492567429355,5.5821042116210515
3441,4485.796817322999,5.588862718621051
3442,4502.744330402023,5.592288007121051
3443,4507.096067276475,5.5960587369210515
3444,4517.364014549607,5.597131927621051
3445,4523.558313530165,5.596024641621051
3446,4534.16498931092,5.599708062021051
3447,4515.398496203091,5.603314525021052
3448,4507.0703092144295,5.600635954421051
3449,4525.884087171848,5.601828041621051
3450,4527.438436164715,5.599530239921052
3451,4534.233368344387,5.604222643521052
3452,4539.038305420135,5.608891600121051
3453,4538.10878690337,5.609304130721052
3454,4526.276504161158,5.609194477587051
3455,4539.403929475765,5.611139774787051
3456,4551.240287677934,5.618781415787051
3457,4577.726813090832,5.610907652787051
3458,4594.022756065057,5.611370838267051
3459,4598.108720102001,5.610796387467051
3460,4596.401725209876,5.606901583867051
3461,4593.507916176755,5.612029011867051
3462,4616.813331232414,5.6182658714670515
3463,4618.694521538106,5.622526354167052
3464,4617.628566424747,5.624785938767051
3465,4627.76332374945,5.625724514467052
3466,4639.271453993549,5.623418681967052
3467,4608.224591158205,5.626482637267052
3468,4622.575220037166,5.630133450667052
3469,4671.222637698661,5.630701818967053
3470,4657.806128143757,5.628932800767052
3471,4654.803748513279,5.629677437807052
3472,4661.221361817863,5.627270521907052
3473,4655.2893376925085,5.627254170444052
3474,4674.15675659054,5.627417412214053
3475,4610.464205299685,5.609159330214052
3476,4612.000304779599,5.609040621364052
3477,4611.1350575488195,5.611952857464052
3478,4612.235273266879,5.614968264864052
3479,4602.955497868406,5.620768540864052
3480,4605.276295602452,5.627821394864052
3481,4615.595655501545,5.6342828458640515
3482,4601.235769382162,5.628696440864052
3483,4616.788167141991,5.625864769464052
3484,4620.071288475889,5.627118433264052
3485,4640.475237332246,5.626698359664052
3486,4636.032672331168,5.630342085464052
3487,4642.35898814413,5.628696766664051
3488,4645.422554978881,5.634694578664051
3489,4619.411654156224,5.640960376364051
3490,4629.866975502719,5.643795514364051
3491,4634.398836991097,5.643401881304051
3492,4642.593368501788,5.641500028104051
3493,4646.448068556795,5.6339796811040515
3494,4658.927213952059,5.634407464744052
3495,4557.0899602673435,5.603905050744052
3496,4538.8729863155395,5.603493065794051
3497,4556.901589527596,5.605024666394051
3498,4545.749597278705,5.607941889094052
3499,4524.37988568536,5.609532823694051
3500,4527.912165883844,5.616993822094051
3501,4527.847111178247,5.618283620694051
3502,4564.696501357236,5.620576089794051
3503,4560.822006868962,5.620329299414051
3504,4586.39138661388,5.625314630014051
3505,4594.909958722856,5.624770129014051
3506,4582.126478106332,5.624455571754051
3507,4589.2959568276065,5.630825352054051
3508,4601.120917608229,5.637180997054052
3509,4601.18174245288,5.634177495754052
3510,4622.009410317632,5.636957579554052
3511,4629.43275908322,5.629917679154051
3512,4636.363225007439,5.6283131743540515
3513,4639.348694269829,5.629416363054052
3514,4645.921546276751,5.633405283254051
3515,4632.6097707841045,5.636209516254052
3516,4610.7418073687895,5.642970849254052
3517,4607.134867854932,5.650531600254052
3518,4627.255394652971,5.651814483154052
3519,4629.690077551943,5.656749546154051
3520,4634.986177256453,5.656725773767052
3521,4639.219369923463,5.656762407981052
3522,4643.249707060508,5.658113381281052
3523,4606.125425882904,5.654465887581052
3524,4550.05381281364,5.658751791581052
3525,4554.270976772415,5.658349571321052
3526,4543.895512234031,5.658603912461052
3527,4528.870618713597,5.660577635761053
3528,4542.738415918502,5.6605194346780525
3529,4551.816706138165,5.6604724694180515
3530,4546.69915778907,5.658515253618052
3531,4537.050754819378,5.659032924268052
3532,4531.196849583046,5.6623348765680515
3533,4532.84149759464,5.6604763020680515
3534,4530.351716548207,5.667986363468052
3535,4535.443997235445,5.6739363840680515
3536,4537.769488544889,5.675782925868052
3537,4583.580676549578,5.676363898508052
3538,4585.556634023768,5.674708856008052
3539,4590.013198032566,5.673739993808052
3540,4590.695503356754,5.677117578808051
3541,4569.916918332336,5.677018010908052
3542,4530.839983765949,5.658808797908051
3543,4545.0989041929,5.6601925778080515
3544,4573.981097423975,5.660850846508051
3545,4583.011891604235,5.662488747708052
3546,4570.98417790826,5.662988837408052
3547,4572.041484944878,5.663186805648052
3548,4577.968911328464,5.664518669248052
3549,4579.620469922243,5.663194139448052
3550,4569.913806797298,5.666037142448052
3551,4562.921523348846,5.668238006748052
3552,4574.939351532547,5.667964479088052
3553,4585.6201312109615,5.671622597788052
3554,4569.962766056693,5.670479659588052
3555,4588.400303686162,5.6710912000380524
3556,4588.563264315666,5.6701895096980515
3557,4593.76556076456,5.670745401698052
3558,4607.1103991871605,5.6711623487580525
3559,4608.609176417995,5.673405335058052
3560,4599.187944154137,5.676363973858052
3561,4614.719300659411,5.673495427858052
3562,4607.520717418836,5.678779245858053
3563,4601.371175166067,5.679496438058052
3564,4607.006538863489,5.678371778658052
3565,4601.851730223014,5.685307892658052
3566,4619.149750339893,5.685448440188052
3567,4617.693973192065,5.686507422888052
3568,4631.200480555255,5.686094387058053
3569,4639.2640424762885,5.678798307758052
3570,4621.877402571412,5.6849964017580525
3571,4618.947598645612,5.684206530558053
3572,4616.529761749014,5.683481496398054
3573,4624.3337093916925,5.687912990898053
3574,4637.468535528772,5.690723424198053
3575,4639.7848617909995,5.694133561898053
3576,4638.807802485825,5.690459652698053
3577,4663.309951435259,5.6903441918680535
3578,4676.418833746482,5.689588425468052
3579,4674.11677959418,5.689342930668053
3580,4688.259456656043,5.694526193468053
3581,4689.460486384134,5.694831275968053
3582,4690.53975455416,5.692643968468053
3583,4671.878765787909,5.695713876868053
3584,4660.675553788762,5.6905324108680535
3585,4644.6681629857,5.691256243368054
3586,4639.214843232601,5.688802259368053
3587,4644.629701859197,5.695454685368054
3588,4626.70389890178,5.701767867768053
3589,4633.852381283394,5.701532163968054
3590,4646.355304153157,5.7014192669180535
3591,4649.447688713649,5.701461811101053
3592,4677.902358317667,5.703875286501053
3593,4680.090544680034,5.7070497675010525
3594,4674.028847881722,5.710850448101053
3595,4665.612081553244,5.708530906301053
3596,4686.385989951861,5.708687801441053
3597,4684.759152295646,5.707772338941053
3598,4692.8523890155275,5.711043354941053
3599,4715.610071640653,5.712378120041053
3600,4739.085824383327,5.723623979041053
3601,4753.016204613457,5.725943230241053
3602,4741.338828996999,5.727556501441053
3603,4734.279265176425,5.727265390521053
3604,4748.926682094341,5.731332893921053
3605,4751.870710094022,5.732079314161053
3606,4734.14482103977,5.731565264491053
3607,4728.736054900758,5.724764988491053
3608,4734.356105685912,5.726762833991053
3609,4732.487235088751,5.728102060591053
3610,4758.576874049814,5.734850756891053
3611,4737.811548561296,5.7404721342910525
3612,4750.368040692411,5.741979259991052
3613,4744.317963880159,5.741425444251052
3614,4746.808072916624,5.745068535551052
3615,4785.736232950311,5.743257455951053
3616,4797.22402044723,5.751631887951053
3617,4815.441359693723,5.753061974251052
3618,4799.867738384616,5.758335027651052
3619,4802.485742244833,5.758915307251052
3620,4813.401260701784,5.756517945251052
3621,4823.27956728978,5.755241193751052
3622,4811.723624672472,5.755438159541052
3623,4811.93774394385,5.755906379171052
3624,4811.551809743123,5.761474951171053
3625,4818.554485951866,5.761724418671053
3626,4836.870134396119,5.765141847471053
3627,4829.885936732932,5.763209900871052
3628,4825.141729108808,5.7579997643710525
3629,4820.790501702507,5.758773547211053
3630,4820.27876331727,5.758930911161053
3631,4856.088037262585,5.759248796661053
3632,4833.776085203498,5.761147798661053
3633,4824.546379854532,5.762895363961053
3634,4830.942686252201,5.761984768561053
3635,4817.0040755326745,5.7618990578410525
3636,4820.675915599096,5.766348641841052
3637,4821.393290168068,5.770020151541052
3638,4772.604806292177,5.770220584031053
3639,4767.949365449878,5.775450372031052
3640,4777.517757755704,5.7729603080310525
3641,4766.433285925366,5.775399023431053
3642,4742.8064145437975,5.758844833431052
3643,4740.753624629259,5.7657704524310525
3644,4723.2272044942165,5.765880954931053
3645,4725.957221458302,5.770692890931052
3646,4768.179584908822,5.7708081973410525
3647,4776.984203981365,5.776696183041052
3648,4781.349975353401,5.777033563441052
3649,4774.254964550692,5.776065341981052
3650,4777.483158684733,5.780443091681052
3651,4783.960050410508,5.780875038601053
3652,4788.466318802249,5.786440450601052
3653,4802.780179495666,5.7871204852010525
3654,4807.037226967535,5.791789718901053
3655,4800.382983776917,5.795054333501053
3656,4807.975329508846,5.799964166901053
3657,4837.902059417203,5.7993717440010535
3658,4843.970392848036,5.800533173101053
3659,4832.889277737652,5.802129235401053
3660,4817.53222255813,5.799872713001053
3661,4804.025771394097,5.802851635301053
3662,4788.62035942593,5.804941404601053
3663,4841.8303260706425,5.8055958231010525
3664,4842.1209258998315,5.811116585501053
3665,4842.3472374464045,5.810858888801054
3666,4854.901852637801,5.817353062101054
3667,4848.793403475048,5.818145958101054
3668,4858.003536232353,5.818079833031053
3669,4846.053782213103,5.825104078331053
3670,4856.467448770696,5.827711397331053
3671,4869.323050376425,5.835853896331053
3672,4892.000176344309,5.839647043731054
3673,4873.918709200117,5.834314055731053
3674,4883.598952676899,5.833539313161053
3675,4883.33591031667,5.832975701161053
3676,4879.320633756103,5.833433843461053
3677,4892.444782527292,5.831701757961053
3678,4894.707598758752,5.832846898761053
3679,4882.616434586678,5.834455007161052
3680,4887.367909656494,5.834370306751053
3681,4874.912177379921,5.833771132351053
3682,4868.147851615744,5.830148971551052
3683,4923.219236661193,5.831550529351053
3684,4935.994224527414,5.8309645390910525
3685,4853.537799327435,5.808546314091053
3686,4868.024165245578,5.816183081091053
3687,4891.569284177356,5.816283611571054
3688,4882.440756444358,5.815404432471054
3689,4899.190593435269,5.816217741571053
3690,4917.290641814577,5.816103299576053
3691,4909.627137286102,5.815177916876053
3692,4924.47040220908,5.814371398376053
3693,4923.904053415007,5.817626726376053
3694,4959.356008481397,5.823350151076053
3695,4945.215084254986,5.824930079876053
3696,4943.644611431871,5.828955282876053
3697,4966.994089088556,5.8296449278260525
3698,4967.197503937256,5.835708083226053
3699,4961.79970405546,5.831654491926053
3700,4968.465457723984,5.831088918926053
3701,4989.076956320056,5.836187939926053
3702,4991.559036374586,5.8379569599260535
3703,4973.554223369312,5.844140587926053
3704,4979.327712117439,5.845625582926053
3705,4958.140973951705,5.848170288726053
3706,4946.114394655488,5.8520981267260535
3707,4955.959142230445,5.850263896326053
3708,4949.335274862733,5.854697526826053
3709,4953.302056220426,5.862579031826053
3710,4954.0300264796,5.865014106026053
3711,4973.213766138847,5.865707051466053
3712,4945.30979277018,5.866046238916053
3713,4953.617965642317,5.8700917409160525
3714,4967.3230225717525,5.869868999376052
3715,4966.070806584194,5.872212513176053
3716,4969.543968245975,5.877840191376054
3717,4989.196171003452,5.880666474376053
3718,4983.778570019431,5.880582368236054
3719,4971.087308117976,5.884681341436053
3720,4971.7843819178315,5.888119073736053
3721,4964.540788391726,5.857360709736053
3722,4970.744378277176,5.858548354436053
3723,4952.580448204641,5.8588469966660535
3724,4936.47557083343,5.857629249666053
3725,4940.006123648452,5.856670448536054
3726,4958.235312863416,5.863434322136054
3727,4933.325550185122,5.859706472136054
3728,4941.826368173656,5.8615595568360535
3729,4966.695733792686,5.862439824776054
3730,4943.7992376530665,5.863423053876053
3731,4981.128338062621,5.865167092876053
3732,4994.581777930584,5.873146679876053
3733,4996.431924055116,5.880135070876054
3734,4984.728644157523,5.8773629757760535
3735,4998.847876577223,5.882923384776054
3736,5010.257072011047,5.885174358776053
3737,5011.326403011207,5.8778440752760535
3738,5027.245438088736,5.8799371149760535
3739,5021.267078031724,5.877981897576054
3740,5023.809332498038,5.878187456446053
3741,5058.354319003961,5.882636929246054
3742,5077.5389011811585,5.888152387746054
3743,5086.517052687339,5.893597994746054
3744,5111.6251232493305,5.896716733946054
3745,5114.334985368458,5.897776161346053
3746,5120.919894701218,5.892851776346054
3747,5142.745001806901,5.897011730346054
3748,5166.965361094076,5.896384452246053
3749,5192.972270580718,5.890772888246054
3750,5189.120310697403,5.890729323450054
3751,5196.496880805121,5.889139499950054
3752,5207.126316733757,5.885170655250054
3753,5196.523302126319,5.880079768950054
3754,5206.472987598262,5.883693244450054
3755,5206.936017099252,5.887341259850054
3756,5205.639895234755,5.885695848350053
3757,5204.093017996763,5.885311696450053
3758,5206.396940543331,5.890486282450054
3759,5220.858431734865,5.891983973550053
3760,5232.01082228978,5.895322114250053
3761,5229.497227212069,5.894030139650053
3762,5215.048692204882,5.895687708950053
3763,5228.538385646326,5.897214891150053
3764,5224.433554273445,5.896197237850053
3765,5213.9724410926465,5.896310712140053
3766,5192.322948224935,5.899862758540053
3767,5171.789507317312,5.901304444140052
3768,5183.972113136453,5.901762986510053
3769,5201.782186390645,5.907692951110053
3770,5201.116430731613,5.907684957656053
3771,5189.651136481756,5.906980762886053
3772,5206.3333868271275,5.909782365886053
3773,5249.204064436946,5.912097365586053
3774,5256.46845053981,5.916788243186053
3775,5266.608433645268,5.9257455741860525
3776,5236.4337166212035,5.919267026586052
3777,5262.35359014487,5.920875951486053
3778,5268.243336264623,5.926962973886052
3779,5283.32516951295,5.927305646926053
3780,5290.220436135016,5.929476643926053
3781,5291.501723398274,5.923574941926052
3782,5289.95764298185,5.929563095926053
3783,5298.046216744139,5.930976995726053
3784,5302.501234668048,5.928983272026053
3785,5297.272225039992,5.931023564026053
3786,5303.986381975063,5.933922720726053
3787,5298.47700084204,5.932946466376054
3788,5298.744422076232,5.9390171173760535
3789,5258.476500447533,5.9443162883760525
3790,5286.225982599054,5.944662741506053
3791,5261.244193122385,5.946303569006053
3792,5249.586299302422,5.946094057196053
3793,5253.515980018657,5.948490159696053
3794,5245.337917850224,5.948714401396053
3795,5245.622751941782,5.950311506796053
3796,5234.686351350798,5.949919131656053
3797,5231.662488191231,5.945348286156053
3798,5254.795487165142,5.947883633256053
3799,5264.266472540749,5.951547521656053
3800,5264.726596436137,5.952457708096054
3801,5257.7757463821135,5.952969683356053
3802,5268.2688166773405,5.955970135756052
3803,5271.641532344645,5.955918475146053
3804,5275.035526921969,5.9594933263460526
3805,5288.922423506553,5.960344112946053
3806,5287.459976162738,5.959325095146053
3807,5285.741944000015,5.966898565646053
3808,5296.374429578643,5.9693633548460525
3809,5301.681893557002,5.969227924826052
3810,5326.77005666905,5.972639352626053
3811,5338.6877096302005,5.971948106626053
3812,5353.913322919721,5.972003675821053
3813,5347.752787944788,5.970491111921053
3814,5331.6372504238225,5.966740984621053
3815,5359.233773908521,5.968877503321053
3816,5355.584146587735,5.971784849321053
3817,5361.70209063977,5.975001001821052
3818,5349.211817960052,5.959900707821053
3819,5340.239450712572,5.959201311121053
3820,5365.6646778529785,5.962765982121053
3821,5356.552228552893,5.970463665421053
3822,5349.701391088453,5.968388138821053
3823,5354.125036165028,5.971712660321053
3824,5353.744314934875,5.971172978421054
3825,5306.7480498207915,5.9638893658210534
3826,5329.781183105335,5.963845154191053
3827,5399.2539294611715,5.963837117343052
3828,5430.15107152475,5.964306269863053
3829,5451.572228500963,5.963013821063052
3830,5450.479988668983,5.962833352543052
3831,5455.389634424865,5.963691207743053
3832,5454.710804308362,5.9616286307430535
3833,5500.091216297697,5.961373209843053
3834,5504.97656836885,5.963587229043053
3835,5517.013397814744,5.967362919743053
3836,5486.857249761018,5.968696033843053
3837,5476.098955861349,5.9667819958430535
3838,5503.524911571359,5.967156817293054
3839,5510.6577594358205,5.972993851693053
3840,5532.873309403397,5.976758562093053
3841,5558.321655065405,5.977207723793054
3842,5533.905785060009,5.976090964693054
3843,5521.093595076994,5.978533471493053
3844,5508.11282935733,5.9788032241330535
3845,5519.558513209558,5.9759715096330535
3846,5535.625579335003,5.978117339633053
3847,5553.487346410277,5.979170098833054
3848,5557.59999273824,5.9829435925330525
3849,5570.073598542502,5.9865159985330525
3850,5580.623892212729,5.9856124096930525
3851,5580.0822044064225,5.977691299693053
3852,5581.339452783698,5.978053302593054
3853,5546.989473071284,5.980447433793053
3854,5559.310337367877,5.984491181793054
3855,5561.737887501102,5.991380487293053
3856,5617.775216518785,5.994020697193053
3857,5624.394639371077,5.999086547193054
3858,5632.471109777967,6.002150304393053
3859,5648.461026121058,6.0014491820530536
3860,5667.337933208378,6.001711316533053
3861,5663.536740276953,6.005053309533054
3862,5658.080373445221,6.002823186333053
3863,5669.065459540373,6.005268276633053
3864,5662.130655032803,6.0109494386330535
3865,5673.571241419898,6.0144660889330535
3866,5663.317340514282,6.016956870933053
3867,5692.70972531554,6.027939302433053
3868,5698.09536913973,6.030835653233053
3869,5665.6835388456575,6.033772443233053
3870,5667.808754871265,6.034848988233053
3871,5654.689579400141,6.036933407233053
3872,5661.396696054363,6.035294472633053
3873,5648.250538892915,6.032386729433053
3874,5628.035329341656,6.033408532633053
3875,5631.751831174366,6.033805690833053
3876,5616.93270184545,6.036808872533053
3877,5602.615612210792,6.039947255033053
3878,5600.922641670095,6.038563918533053
3879,5629.22645056504,6.039403902933053
3880,5632.179605526881,6.041771358433053
3881,5657.578835813626,6.050216938433053
3882,5627.039728782421,6.053860808533053
3883,5607.346893197915,6.053790452033053
3884,5596.125202564067,6.052108640533053
3885,5570.952871107849,6.0467310585330525
3886,5550.528712771609,6.0432473515330525
3887,5566.793341025449,6.048897868133053
3888,5565.529256974101,6.0485313140330526
3889,5570.469733327836,6.052636491033052
3890,5575.765166688551,6.051313179933052
3891,5580.92962578013,6.049444726033052
3892,5582.125539917162,6.050316611833051
3893,5571.854910102937,6.052096632033051
3894,5550.334037287411,6.056115121033051
3895,5549.72558053099,6.057182002833051
3896,5546.881423867127,6.0558345020330515
3897,5565.199267581099,6.057632273333051
3898,5581.122161395895,6.064000547333051
3899,5581.7444000359355,6.066961944933051
3900,5600.1570722060615,6.067407479933051
3901,5599.635565833344,6.064628825933051
3902,5595.635262620138,6.0612510223330505
3903,5595.578393692143,6.06793367633305
3904,5611.209625148188,6.07367592313305
3905,5586.614791639777,6.07132072683305
3906,5590.431257087635,6.07338806733305
3907,5598.254636286809,6.06944491433305
3908,5584.941029460177,6.07131721663305
3909,5600.861752775689,6.07808053363305
3910,5618.757641370485,6.08426497363305
3911,5620.782474747331,6.08931891263305
3912,5623.671673289549,6.089445393333049
3913,5625.531092639586,6.090518406133049
3914,5636.034785017509,6.089989126533049
3915,5636.766968326988,6.088912306433049
3916,5635.940552790199,6.094825388033049
3917,5631.241307811659,6.095490981733049
3918,5621.18976225875,6.095933587603049
3919,5624.291217453402,6.09467467740305
3920,5619.712630454562,6.085684166403049
3921,5606.898071675659,6.0877597334030495
3922,5603.292381215793,6.083583077203049
3923,5608.667552357584,6.086885200203049
3924,5619.503590611754,6.090487381503049
3925,5615.780869537301,6.095519793503049
3926,5611.557912673504,6.095423519807049
3927,5622.115990425192,6.09479047750705
3928,5619.338375586948,6.0959348511070495
3929,5614.485058113581,6.09545342238705
3930,5632.552513139228,6.096899755187049
3931,5642.738262829263,6.09300721518705
3932,5657.241644017922,6.096517549987049
3933,5673.689917958035,6.097862734187049
3934,5695.313179161471,6.096212262787049
3935,5704.232457636025,6.103609439487049
3936,5706.493937671366,6.108532459487049
3937,5680.4545250490455,6.111200529487049
3938,5663.30511695665,6.110874714467049
3939,5660.702636835696,6.113305660367049
3940,5657.099910379924,6.111695333867049
3941,5690.055358919172,6.1108509962670485
3942,5665.878758661453,6.1074034852670485
3943,5667.321511966068,6.111074527667048
3944,5655.840710987271,6.109875078367049
3945,5635.231847750098,6.111614766867048
3946,5652.509885602456,6.110745159427048
3947,5682.85848815124,6.111879493427048
3948,5676.796294881004,6.111494165897048
3949,5684.513867086155,6.1108585088970475
3950,5668.7648736674755,6.109147765397047
3951,5668.054521874909,6.115570898397047
3952,5672.364008910518,6.113887201897048
3953,5663.9900340609,6.1146666555670475
3954,5699.165528805494,6.095305528567048
3955,5709.441367608299,6.101936828867047
3956,5713.9301815681065,6.109346005167048
3957,5748.047104455909,6.110303211067047
3958,5735.701140789634,6.110612652047047
3959,5739.961326215899,6.110002058247047
3960,5731.527803659925,6.107300427847047
3961,5728.2613744412165,6.1083132461470475
3962,5689.687872978392,6.098907396647047
3963,5703.7373959154165,6.098482397107047
3964,5708.64067337187,6.101909762407048
3965,5694.405726870204,6.1026055601370475
3966,5667.705851394909,6.102648526617047
3967,5704.122248377743,6.102720030947047
3968,5746.402464804973,6.105073429547048
3969,5734.390114986435,6.104727322577047
3970,5712.618545845179,6.106207566577047
3971,5698.276453721646,6.109769945277047
3972,5708.202074628948,6.111559885877047
3973,5714.313545768004,6.108384293877047
3974,5710.133920668342,6.108163394147047
3975,5728.706161509026,6.115537691547047
3976,5721.669379768717,6.114115059847047
3977,5711.977695187613,6.1173468413470475
3978,5705.541851696663,6.120579312047048
3979,5637.535661181814,6.122413129947048
3980,5658.970018258452,6.123264228847048
3981,5657.9568192328825,6.128964476247048
3982,5665.368384517412,6.128673140947048
3983,5670.792737083383,6.1294754882470475
3984,5715.550160597528,6.129764186287048
3985,5735.964614012591,6.131964980287048
3986,5764.912381197668,6.134536719087048
3987,5826.008939908338,6.123617233087049
3988,5844.312675323097,6.122069210987049
3989,5870.812528260464,6.130784851987049
3990,5839.298433416833,6.132532045187049
3991,5826.100284093689,6.1349683358870495
3992,5823.312156028714,6.130064114587049
3993,5844.706481956532,6.129664153017049
3994,5857.467682583339,6.135148615317049
3995,5838.871091939342,6.137205204917049
3996,5838.719422369754,6.143835165517049
3997,5860.938610744389,6.138554188517049
3998,5841.581393403376,6.141684006317049
3999,5863.652015332863,6.145099369717049
4000,5910.972771872222,6.140591584017049
4001,5925.649028045355,6.1425203074170485
4002,5922.469062566937,6.143380115617049
4003,5937.82161082998,6.144397332317049
4004,5967.158665440824,6.152661693317049
4005,5995.606921330712,6.150797027817049
4006,5967.116616240453,6.150904518653049
4007,5965.823646315242,6.152505748153049
4008,6003.89660812336,6.15571832655305
4009,5999.929407958102,6.161176010553049
4010,5976.912751760082,6.16105506871305
4011,5987.943489709012,6.16425233641305
4012,6004.090114057741,6.164727505573049
4013,6008.131280146147,6.161908168873049
4014,6028.876899636888,6.170626468873049
4015,6030.756392967034,6.172402277373049
4016,6034.091580968886,6.172820664473049
4017,6041.2783397213825,6.172631758403049
4018,6020.807546603855,6.174900268403049
4019,6017.01473768571,6.174344521703049
4020,6008.228400338825,6.177780771103049
4021,5996.20469400976,6.173769312103049
4022,6001.608461087972,6.178755250403049
4023,5993.210091682962,6.184104465403049
4024,6071.9091748574265,6.187168323003049
4025,6098.174043772919,6.190413933303049
4026,6125.123953130065,6.192093054603048
4027,6141.962954023168,6.1975172458030485
4028,6152.803958401567,6.199242935303048
4029,6154.458695959261,6.200778217203048
4030,6180.043968568892,6.200520566843048
4031,6198.550521205694,6.206987222343048
4032,6189.281496369028,6.200252319843048
4033,6193.539630437163,6.193644324443048
4034,6192.806845480944,6.194835972643048
4035,6046.67912716609,6.219955925643048
4036,6062.617752496433,6.222733322343048
4037,6126.403529951907,6.229997510343048
4038,6091.999722127932,6.236649900043048
4039,6112.98258562285,6.229510420343048
4040,6029.816142199499,6.230774271643048
4041,6004.800983828797,6.226137728643048
4042,6021.251071872625,6.227891728043048
4043,6034.862979991373,6.2319012314430475
4044,6052.197007451748,6.238494971943047
4045,6064.040470676189,6.237984832443047
4046,6050.24446994574,6.239778954443047
4047,6017.066826024199,6.234986006143046
4048,5938.304678838509,6.222832958143046
4049,5934.865284622012,6.2245997685430465
4050,5919.160462503928,6.223102793343046
4051,5949.670577999862,6.223216025768046
4052,5942.733043753004,6.223227391716046
4053,5960.218737030927,6.222272150116046
4054,5986.137338270561,6.220290997616046
4055,5997.664196440036,6.221142850086046
4056,6000.596428975602,6.221325588786047
4057,5998.369033383731,6.221119782186046
4058,5990.2569476734625,6.221797355886046
4059,5992.215353998465,6.224465408086046
4060,5979.225551196038,6.227477020786046
4061,5995.578685244755,6.229421861286046
4062,6037.157879533039,6.232330123286046
4063,6043.327991929405,6.233731405786046
4064,6058.564414145672,6.232696336286046
4065,6048.6172667930405,6.235067518986046
4066,6061.058167428459,6.234263858286046
4067,6060.449806473804,6.237119056986046
4068,6056.623334827148,6.237810259746046
4069,6068.69960762833,6.236842725146046
4070,6054.861276321398,6.234505558546045
4071,6076.698544639531,6.237053645246045
4072,6090.0425249678665,6.2406231106460455
4073,6098.990819940168,6.2437457616460454
4074,6118.4203420607,6.2458691258460455
4075,6172.503782161227,6.245019261396045
4076,6188.992086592827,6.251289059396045
4077,6145.409451878723,6.248538425596045
4078,6127.817188581179,6.257854363596046
4079,6121.566194913727,6.2557335413960455
4080,6094.951345258342,6.260662741396046
4081,6109.452520543447,6.243480985396046
4082,6088.901561261309,6.243460833060046
4083,6047.908342034097,6.238631184660045
4084,6059.8843133664595,6.242096463660046
4085,6067.443650606418,6.244483708160046
4086,6043.0646923555,6.2427738440600455
4087,6042.402643375808,6.250019192860045
4088,6051.937514867197,6.252038305060045
4089,6005.086876335354,6.2543396052600455
4090,5991.881633245968,6.253369618710045
4091,6013.7624846034205,6.256545468310045
4092,6023.12295642631,6.263082534310045
4093,6014.129452685636,6.265806424710045
4094,6007.069158197701,6.260661221410046
4095,5983.931376705404,6.263896457210046
4096,5982.549716989858,6.264164514780045
4097,5999.803940768231,6.265845974180046
4098,6008.055976311461,6.272136246480046
4099,6015.996443585408,6.271886328780046
4100,6029.871577155788,6.275880427180046
4101,6030.508210514515,6.274924959020046
4102,6008.712647633636,6.276516204320046
4103,6026.932524498436,6.278295359420047
4104,6040.242423379802,6.280068746220047
4105,6037.407313585491,6.280526824620047
4106,6041.926670977964,6.2898032936200465
4107,6077.006381200216,6.292652140620047
4108,6100.470884815772,6.291155870620047
4109,6123.373502599299,6.294566121920047
4110,6102.637338125278,6.289872610920047
4111,6081.7110804070235,6.290674708420047
4112,6095.1066614899255,6.295557835420047
4113,6086.775177300884,6.2986088672200475
4114,6095.2634689293545,6.303487446820047
4115,6073.315650325696,6.3046218095200475
4116,6084.928720804525,6.305511542820048
4117,6129.003186043773,6.3112099198200475
4118,6139.7265807273225,6.3090951540200475
4119,6140.4987886291365,6.311203450420048
4120,6135.301068435985,6.309311933720048
4121,6153.922828711723,6.313626627720048
4122,6158.848917165296,6.3125606760200474
4123,6173.070574487463,6.311595228720048
4124,6181.535476528033,6.314521492720048
4125,6172.766347828416,6.313230977320048
4126,6166.113134088331,6.307723967720048
4127,6164.240986217896,6.308673062020048
4128,6173.452828564124,6.307972084390048
4129,6141.958213823446,6.310269660390048
4130,6148.9714395196925,6.311894490990048
4131,6162.875876204757,6.312240390630048
4132,6183.336584671351,6.312133663710048
4133,6179.244388212915,6.313814736210048
4134,6192.357057474468,6.317272010510048
4135,6208.102914265051,6.3234721909100475
4136,6232.795805017216,6.318106219410048
4137,6252.799376024054,6.319874524010047
4138,6259.146281281247,6.325351180410047
4139,6294.824552371429,6.3272310982100475
4140,6308.654368152085,6.327884044210047
4141,6314.4971996829445,6.332281086810047
4142,6344.531512050499,6.334651094410047
4143,6375.946123572248,6.334563538505047
4144,6379.0713385151375,6.335259661155047
4145,6399.346782987756,6.335088760935047
4146,6379.5498962463835,6.334203655835047
4147,6363.156893190866,6.322361283835047
4148,6398.996397647181,6.308734639835047
4149,6387.906093502333,6.310018125735047
4150,6416.927896758389,6.310737836975047
4151,6448.421091848094,6.310914530635047
4152,6444.154012335617,6.313755549635047
4153,6465.132139248462,6.319911704035047
4154,6463.3654266181065,6.325257388535047
4155,6438.845004299394,6.3260812324350475
4156,6295.992286804096,6.337718446435048
4157,6299.190437766453,6.344345300435048
4158,6313.124351581354,6.3366587644350485
4159,6325.896995325105,6.344299137835049
4160,6318.605996710944,6.345636456735049
4161,6379.870960348025,6.356269452735049
4162,6387.52031398174,6.352965109735049
4163,6385.942770843492,6.354468944235049
4164,6392.94942852885,6.355236278595049
4165,6418.866255641508,6.355363137085049
4166,6433.139543841061,6.356791035885049
4167,6427.484538843652,6.356074898655049
4168,6440.581804806,6.354656462655049
4169,6471.829240638124,6.354421601235049
4170,6467.253696195969,6.355316388735049
4171,6455.694143754248,6.358904649735049
4172,6426.304368924373,6.3538901100350484
4173,6473.145894258593,6.362329216035048
4174,6494.149581319192,6.3614323905750485
4175,6475.815239773866,6.3574055161750485
4176,6471.517411254136,6.357076442515049
4177,6481.6965477086305,6.360136180515049
4178,6473.086313868227,6.358641914515049
4179,6482.2270580902605,6.364500492515049
4180,6481.107362591501,6.370663639515048
4181,6499.461423760056,6.375086053515049
4182,6508.114002716273,6.380435196015049
4183,6526.988624084057,6.378885565215049
4184,6508.8730794221165,6.38036896211505
4185,6520.808235964251,6.3801346679250495
4186,6573.444447835667,6.38209389472505
4187,6530.284465804379,6.38424462542505
4188,6523.2603089849945,6.38294451262505
4189,6517.14267674389,6.3855343600250505
4190,6500.298177813586,6.387662279025051
4191,6520.321655368643,6.381624598025051
4192,6505.9731724605945,6.384559099025052
4193,6559.133622384179,6.388525419325052
4194,6561.502974943026,6.388146110875051
4195,6577.2649780204165,6.383899806175052
4196,6583.849481936271,6.384648555275051
4197,6594.940834264181,6.386631570875051
4198,6587.351619045932,6.39144594587505
4199,6592.948807069167,6.39135058915505
4200,6580.089799724191,6.39421634745505
4201,6595.064810202977,6.39438362607505
4202,6587.171086119751,6.39767552007505
4203,6601.486185358646,6.40220771307505
4204,6637.905825472359,6.403477695875051
4205,6679.59094474951,6.40263196197505
4206,6685.048079909321,6.4008339115750505
4207,6736.54073435803,6.402523839475051
4208,6732.111631954287,6.405267221475051
4209,6735.516911072265,6.411409334875051
4210,6749.967085640669,6.410462458975051
4211,6780.3620618779205,6.4165492633750505
4212,6783.398321095329,6.4082748993750505
4213,6799.647183892823,6.41386671137505
4214,6801.377541109062,6.41326589562505
4215,6765.450882976008,6.414420249125049
4216,6787.209855745146,6.41768959212505
4217,6846.774423013586,6.4223615448250495
4218,6869.093338351912,6.4268209441250495
4219,6880.7199904651425,6.4256492823250495
4220,6857.423161336282,6.422069970125049
4221,6849.537023210883,6.4219826800550495
4222,6880.211503498501,6.42869412205505
4223,6852.57862424851,6.429748913055049
4224,6849.404763443693,6.42441642505505
4225,6864.234263804704,6.42673996705505
4226,6869.592245509254,6.43793934205505
4227,6824.505039045996,6.43971513535505
4228,6850.86662450649,6.44160858635505
4229,6883.509339211674,6.4400318695550505
4230,6881.178978475863,6.43947717010505
4231,6939.830948340166,6.44197700470505
4232,6954.6285999709635,6.44490851460505
4233,6979.997902121332,6.44098122660505
4234,7000.771148563812,6.43658100730505
4235,6998.001942430369,6.43816064310505
4236,6998.88507411012,6.43807243364505
4237,6998.5820174312,6.44489081464505
4238,7012.631232719959,6.4430972199450505
4239,7009.861240016972,6.445112781945051
4240,6980.097135763481,6.445994133005051
4241,6990.615881091443,6.450561990405051
4242,6977.116491510097,6.451212507605051
4243,6989.884764697565,6.453125511905052
4244,6978.595236153833,6.453245186245051
4245,6971.368922420441,6.458457864245052
4246,6992.3034343845375,6.456408313245052
4247,6996.843069219384,6.463081519245052
4248,7021.642900894166,6.462669800245052
4249,7018.687529594918,6.461219254645052
4250,7030.358495196529,6.461722209405052
4251,7015.841334289943,6.460388728705053
4252,7016.682962824939,6.461230360255053
4253,7072.429624862531,6.459626994155053
4254,7083.697155939238,6.463578748155053
4255,7080.465032668931,6.460247331655053
4256,7033.660716042553,6.462530222855053
4257,7036.637602371471,6.462371169025053
4258,7031.830339033506,6.465001125525053
4259,7028.470077788278,6.470302846025053
4260,7035.987191002673,6.475015553025053
4261,7046.4633277376915,6.477726019025053
4262,7050.395462145238,6.483318305025053
4263,7042.673706876001,6.483949086525053
4264,7020.009608193166,6.4816987720250525
4265,7022.7828506336655,6.482919419725053
4266,7018.188934452672,6.484907210925053
4267,7016.546511489841,6.484777747195054
4268,7025.3683213970135,6.492335396195053
4269,6978.560076715098,6.4951107011950535
4270,6976.281837987768,6.501648457195054
4271,6971.147421104762,6.500832747955053
4272,6950.556017967713,6.501173320685053
4273,6970.896419107214,6.501196114980053
4274,6958.055030367941,6.504589595280053
4275,6938.792395353422,6.503991807280053
4276,6935.659314651702,6.499220388280053
4277,6927.186455919962,6.4982347521800525
4278,6914.027474854967,6.499744953080053
4279,6924.232813793385,6.500059983680053
4280,6957.5859500313945,6.499839441580053
4281,6980.798998366847,6.501713257980053
4282,6965.714597489938,6.504951201880053
4283,6918.427349379141,6.509782102480053
4284,6929.863704887316,6.517763002480053
4285,6908.972091626204,6.519186555580053
4286,6916.015111594353,6.523962110580054
4287,6925.383361006914,6.527656284480053
4288,6933.551794585617,6.526793625780053
4289,6925.460538634273,6.529155472680054
4290,6886.108163196828,6.535977845680054
4291,6891.965852865954,6.538431138680054
4292,6885.416907045551,6.538673097250054
4293,6883.646522040412,6.541253739950054
4294,6891.3548273506985,6.536248537950054
4295,6927.996340142948,6.538393427150054
4296,6938.363284403996,6.540758925950054
4297,6945.156996690646,6.541624917550053
4298,6948.263019525925,6.540918591680053
4299,6953.908922567961,6.535051128680053
4300,6973.4740130471,6.536816611080052
4301,6952.641298482663,6.533077644280052
4302,6960.125256457591,6.531787318080052
4303,6941.713852880567,6.535426322280052
4304,6945.596001146505,6.534961726800051
4305,6951.055612581911,6.5366424766000515
4306,6957.834542401845,6.540085431600051
4307,6979.963743127721,6.548779168600051
4308,6973.810872072925,6.548106116300051
4309,6997.943170651099,6.541955718800051
4310,7015.915092359555,6.549000168800052
4311,7012.246722579908,6.546153923400052
4312,7012.077109002819,6.545163217400052
4313,7021.971323001927,6.545084457490052
4314,7043.861866386434,6.546819948790052
4315,7047.553483951989,6.549289244690052
4316,7049.770048266441,6.557108926690052
4317,7031.636485228004,6.548113725690052
4318,7044.831448129119,6.546029908890052
4319,7024.6732434344085,6.546481201730052
4320,7024.260669538711,6.545673310030052
4321,7019.662619762391,6.545852788330052
4322,7040.211373616634,6.5453509121000515
4323,7053.563125334424,6.5453030754730515
4324,7051.088720436502,6.544596606533052
4325,7054.154667077725,6.543637147773052
4326,7064.283813824869,6.539657600373052
4327,7084.300712086989,6.545416879373052
4328,7053.695748778685,6.550594234773052
4329,7038.9476693908955,6.550620432790052
4330,7049.884552586534,6.556518093090052
4331,7065.797169189901,6.560157427390052
4332,7075.823207519993,6.563041512390051
4333,7073.100525141222,6.5649052841900515
4334,7036.632906137889,6.561176032990051
4335,7085.050689461203,6.556054317590052
4336,7096.666966606482,6.557160354590051
4337,7099.775454348529,6.557071177630051
4338,7148.221659633208,6.5555364703300505
4339,7166.85384250368,6.557914739930051
4340,7201.652673340448,6.563440565430051
4341,7210.132871421151,6.564446846830051
4342,7164.988390929301,6.567264277830051
4343,7190.243147935288,6.566677812480052
4344,7175.695169958456,6.568315070480051
4345,7174.0412508674,6.568121378700051
4346,7211.826182905044,6.570324688100051
4347,7252.9277628285,6.574431952100051
4348,7227.257821562175,6.5712421511000505
4349,7238.756766019139,6.57625453610005
4350,7250.216799450009,6.57817557590005
4351,7267.627522998791,6.58089685020005
4352,7260.837957107204,6.57998804610005
4353,7225.138780274863,6.5826209491000505
4354,7235.621729073566,6.58203044160005
4355,7223.083100643075,6.5752810803000505
4356,7203.971867938898,6.580267911800051
4357,7252.196347745016,6.589207784300051
4358,7213.865959030659,6.5850119253000505
4359,7247.336771347911,6.58960330130005
4360,7266.620053087842,6.58870390680005
4361,7274.21952721242,6.59047367320005
4362,7284.5166657791,6.59758229820005
4363,7339.8529619471665,6.59598072290005
4364,7395.627711900885,6.59506630090005
4365,7410.1365305210575,6.60135782730005
4366,7421.167947421061,6.60589291980005
4367,7479.758877273256,6.60618847045005
4368,7479.591462407919,6.60785828185005
4369,7456.497726374902,6.60541268605005
4370,7463.275343761226,6.60489995572005
4371,7486.99343875854,6.60533242956005
4372,7487.645448523569,6.60403729616005
4373,7476.420973062868,6.601443850760051
4374,7479.214642803168,6.602946408860051
4375,7523.996298371874,6.601586757560051
4376,7532.285293984286,6.601776666270052
4377,7528.412548409984,6.601078346070052
4378,7535.712771762687,6.609058155070052
4379,7530.026739328602,6.608485065970052
4380,7498.087987843232,6.598364269970052
4381,7522.201954282691,6.598330036300052
4382,7525.153004902334,6.598386444122052
4383,7540.593816687084,6.598395388253052
4384,7551.937150817011,6.597478304553052
4385,7571.43439853985,6.597708596523052
4386,7577.650896738464,6.591867024523053
4387,7591.862308149882,6.588234655023053
4388,7626.748281991045,6.592506970723052
4389,7599.582735073884,6.587038571023053
4390,7609.670007019162,6.586142781323052
4391,7614.225730776417,6.588723232823052
4392,7650.038883632515,6.5923136215230524
4393,7621.405078027552,6.590590922823052
4394,7672.340854855214,6.593577854523052
4395,7682.15661757469,6.594955915623052
4396,7682.94356079785,6.597338314423052
4397,7693.832930146319,6.595440524023052
4398,7697.79997319471,6.599987160023051
4399,7694.792444284743,6.603402353623052
4400,7707.278847850862,6.605600068823052
4401,7692.8092742195995,6.610795894823052
4402,7707.161577702144,6.609785126123052
4403,7697.841358844212,6.609117743863052
4404,7709.172995468295,6.608802985503052
4405,7729.786655672879,6.614238955203052
4406,7745.24361322442,6.6131762747030525
4407,7711.192868005699,6.613341424253052
4408,7683.89243375204,6.616761366253052
4409,7689.724897682604,6.621757307253052
4410,7699.757274201191,6.623111518953052
4411,7683.111005715241,6.6233557568530514
4412,7679.918017953491,6.622517141853051
4413,7701.302284271451,6.6275610815530515
4414,7688.97201875307,6.6264604172530515
4415,7702.199047451358,6.634075820253051
4416,7724.4715542033655,6.638634264253051
4417,7739.844164083873,6.638214345833051
4418,7743.777860159874,6.646314144833051
4419,7744.660436914069,6.630925770833051
4420,7748.640361686364,6.631944413533051
4421,7766.4049271238555,6.639514984833051
4422,7765.27288677732,6.631127789833051
4423,7836.1779041173995,6.63198911283305
4424,7817.707993616505,6.634266658833051
4425,7839.925663313541,6.642672574833051
4426,7811.877070944968,6.646944678833051
4427,7828.913021851485,6.6462569052330505
4428,7828.044302802155,6.64984373693305
4429,7779.329824183453,6.65310897063305
4430,7794.711896934475,6.66070743563305
4431,7781.396649709472,6.66287213803305
4432,7766.758431066016,6.66074966273305
4433,7768.2041018503105,6.66024394993305
4434,7772.115825770652,6.66017818994305
4435,7791.432628454213,6.66043525237305
4436,7839.017930592044,6.65882881787305
4437,7855.050152880877,6.65825350907305
4438,7862.159643776314,6.66425950637305
4439,7894.120879435874,6.67293182237305
4440,7903.473072071165,6.67679037677305
4441,7910.998570790627,6.67822848387305
4442,7918.873851202871,6.68223601187305
4443,7911.658963653265,6.680891915573049
4444,7934.617909651459,6.68271678957305
4445,7961.205044846907,6.684803758873049
4446,7988.278006295669,6.684560318403049
4447,7998.263112557543,6.689097608803049
4448,7956.232308686116,6.687675918003049
4449,7992.9945256174105,6.683730429503049
4450,7942.65948185676,6.6784449925030485
4451,7956.382698506545,6.6800892108030485
4452,7962.720189890973,6.6804581021730485
4453,7964.294341717485,6.685482821673048
4454,7934.888196641444,6.685836503613048
4455,7950.206641926537,6.685309038483048
4456,7941.481878452314,6.686070148933048
4457,7962.807163564968,6.685381699933048
4458,7935.539955775822,6.688141450633048
4459,7923.06088353422,6.689742768533048
4460,7947.844620469408,6.685769826033048
4461,7950.551590221072,6.688506341133047
4462,7960.091222532906,6.690228581233048
4463,8032.2479927684735,6.693821338233048
4464,8019.489656805039,6.696844091433047
4465,8032.943952196414,6.698353143833048
4466,7934.760828829943,6.701531027833048
4467,7900.199962390589,6.697441488433048
4468,7860.747651511003,6.696905061533048
4469,7912.876258517606,6.698569243433048
4470,7932.786262688954,6.699454459603048
4471,7970.017275091037,6.697447244803048
4472,7979.508261770843,6.704888945803049
4473,7966.560037396846,6.705709512703049
4474,7980.487401514561,6.705757874713049
4475,7958.1198685924155,6.708059651013049
4476,7946.474567160323,6.7083601131930495
4477,7915.1450150598885,6.70938195579305
4478,7895.378817857174,6.70748226809305
4479,7889.822630160741,6.70724598914305
4480,7885.84724046084,6.707681517313049
4481,7940.358982792977,6.72455901431305
4482,7969.206591242316,6.718155461313049
4483,7963.524856944897,6.71685280901305
4484,8006.427779312365,6.71794895271305
4485,8037.596998814708,6.72191776571305
4486,8049.583060516632,6.721122816013049
4487,8062.486419808978,6.72351997701305
4488,8074.376473294258,6.72384924814305
4489,8074.919639506392,6.72587560634305
4490,7976.662156063901,6.71889427864305
4491,7972.78443257399,6.720429880643049
4492,7980.051405296248,6.724198083443049
4493,7982.415402956471,6.729260967143049
4494,7979.478061036351,6.729496820803049
4495,7986.221736583433,6.728721609903049
4496,7952.350887611372,6.730958996703049
4497,7975.5520876299215,6.729727724703049
4498,7961.6339237673665,6.73385488570305
4499,7947.97960773674,6.72659916670305
4500,7970.725449723355,6.73266269970305
4501,7935.958298675635,6.740700138703049
4502,7957.616355005979,6.743965843903049
4503,7967.622938208154,6.737562942903049
4504,7969.565096814071,6.738555023003048
4505,7989.584807713352,6.744929613603048
4506,7999.688536530996,6.743726895603048
4507,8007.908104506642,6.742687778503048
4508,7997.538741178034,6.7427087249950475
4509,7979.263683764141,6.745939128895047
4510,7968.860639741723,6.7428556804950475
4511,7971.337858487017,6.737515770195047
4512,7981.60772364566,6.740433791695048
4513,7975.135626308498,6.740511687675047
4514,7945.23711878516,6.738381439975047
4515,7926.508977685857,6.739795641975047
4516,7946.840245722814,6.738868662045047
4517,7994.987711091692,6.738626478045047
4518,7983.189467751496,6.740785190145047
4519,7977.871268104454,6.743919291545047
4520,7984.878303442285,6.744042582455047
4521,7992.793934485616,6.744452149805047
4522,8008.2819845199165,6.750381834505047
4523,7969.56656991175,6.750688564545047
4524,7960.5974794296,6.753246801745047
4525,7953.98660236729,6.752921924625047
4526,7971.717004913341,6.753053118045047
4527,7978.709270132486,6.764842601045047
4528,7922.121327823695,6.758263396045047
4529,7951.262351242239,6.7618106258450466
4530,7965.825450020976,6.762737579945046
4531,7989.864909243861,6.760201737145046
4532,7993.756774598417,6.763705958445046
4533,8007.618167874506,6.767897132145046
4534,8008.77831615901,6.767558336045045
4535,8013.5095887644375,6.767070061985045
4536,8027.395435843344,6.762240374985045
4537,8017.312254940483,6.7596761815850455
4538,8041.400652036246,6.755909104285045
4539,8008.518169013793,6.752024278885045
4540,8006.135172206418,6.752307364745045
4541,8005.478716550643,6.755943373745045
4542,7998.723954588224,6.756739538045045
4543,8008.856002211292,6.7538865798450445
4544,8004.131004140968,6.758426050845045
4545,7994.400832711809,6.758044176375044
4546,8002.255072511362,6.759602951075045
4547,7983.464859742449,6.7624511517750445
4548,8007.028100983382,6.763251186735045
4549,8032.825650163307,6.7670549304350445
4550,8049.924361399809,6.768724327235044
4551,8035.832492249655,6.767921435095044
4552,7999.209993267394,6.771614359395044
4553,7983.862803364988,6.774980976895044
4554,7971.885544121115,6.783704833895044
4555,7991.672258298527,6.791038498895044
4556,7992.113202651381,6.799149558895044
4557,8036.864345215779,6.793815543895044
4558,8067.515246031624,6.791080713895044
4559,8076.010609847456,6.791497563025044
4560,8066.697748521497,6.793723831025044
4561,7982.42428760678,6.805386945025044
4562,7966.46841925889,6.805584081885044
4563,7973.32006725738,6.810169355485044
4564,8003.766122160981,6.814580942085044
4565,7996.465829453841,6.807503960085044
4566,8027.497983079455,6.807205374885044
4567,8030.981116862563,6.807225763166044
4568,8040.628088787368,6.808149587896044
4569,8022.259226478828,6.807448112096044
4570,8036.988735397155,6.809375012796044
4571,8076.7275257369665,6.816155119396044
4572,8089.430812784362,6.818485709196044
4573,8090.558477902674,6.818250672566044
4574,8116.055452236742,6.8155086975660435
4575,8123.468834703786,6.8140026657660435
4576,8148.686787081829,6.807522042266044
4577,8174.015936927563,6.810973631966044
4578,8168.942239980527,6.813640483466044
4579,8191.65896145824,6.814331053336043
4580,8188.4030653674545,6.815652029536043
4581,8153.083123244746,6.811485887936043
4582,8165.91873480114,6.810425872636043
4583,8198.705564860335,6.814043320436043
4584,8206.520957983663,6.815324497436043
4585,8217.058515779547,6.813787472336043
4586,8213.238167391717,6.817259758136043
4587,8281.052033159463,6.823877102136043
4588,8282.481797204524,6.829511675436043
4589,8275.640026612,6.820613321436043
4590,8301.914042485734,6.820749489416043
4591,8305.281704286848,6.822379993416043
4592,8291.115984925185,6.823584248916044
4593,8283.131728946642,6.8198838957160435
4594,8248.034865624466,6.816517659816044
4595,8278.778949572112,6.8182431569160435
4596,8264.511307725565,6.818364019126044
4597,8178.953136231584,6.829085762126044
4598,8213.392371161346,6.829543622726044
4599,8229.613183735142,6.828866856826044
4600,8260.720739715609,6.8283212106260445
4601,8260.634393606877,6.830695828226045
4602,8285.563317906508,6.837911012826044
4603,8272.824711725645,6.835442921626044
4604,8282.099499602331,6.836441344026045
4605,8265.952204927737,6.836814571606045
4606,8323.600955965338,6.835410814306044
4607,8348.083729461985,6.8361199809360444
4608,8339.967932831913,6.833618675536044
4609,8315.64672319094,6.828998594236045
4610,8403.128066811465,6.826512631836045
4611,8390.872031418807,6.826140686886045
4612,8393.244589587153,6.830631470886044
4613,8398.94594907894,6.835595995886044
4614,8401.141870967134,6.832536020886044
4615,8429.29721083992,6.837326371886044
4616,8434.334749355236,6.837284328986044
4617,8450.954464282016,6.838473357686044
4618,8486.61725972004,6.828901213686044
4619,8464.938673726638,6.832146335986044
4620,8486.62394792298,6.836273660986044
4621,8500.711043530058,6.835899154206044
4622,8488.031831775072,6.8325797662060435
4623,8519.831037732296,6.833600051706044
4624,8430.60024020583,6.828534280406044
4625,8423.996207069185,6.8318856612060435
4626,8445.624935266784,6.831320544706044
4627,8412.8443780171,6.834311680706044
4628,8382.181542325365,6.835033066756044
4629,8370.164609650548,6.832278790356044
4630,8387.13588594071,6.839519313056044
4631,8447.379508810398,6.8394219257310445
4632,8483.348129758491,6.841266294731044
4633,8488.737177166922,6.843940635031044
4634,8486.528439586187,6.848063660631044
4635,8518.143034110573,6.847983929785044
4636,8516.92496657403,6.8428296059850435
4637,8548.44414102073,6.845443600285043
4638,8539.240768944823,6.848103914285043
4639,8539.196551445346,6.849252614085043
4640,8573.380008977636,6.8518593903850435
4641,8567.301597948966,6.850356286385043
4642,8582.661722789835,6.855731845785043
4643,8637.24372218026,6.854102289285043
4644,8647.06407740929,6.857181474585043
4645,8666.462422777908,6.857263436720043
4646,8624.54270070662,6.858742887720043
4647,8631.452717091688,6.862878013920042
4648,8634.556140638448,6.8605037332200425
4649,8655.20993503114,6.867084323220043
4650,8645.074333661216,6.861451024920043
4651,8741.320205570097,6.860082240620042
4652,8706.348007741137,6.855555545420042
4653,8730.64492195569,6.8552561509200425
4654,8738.778301275874,6.855945595980042
4655,8731.67349537198,6.854571087280043
4656,8753.320230792724,6.857432055280043
4657,8763.218151808203,6.858365291580043
4658,8735.256156348274,6.852535551580043
4659,8786.376102678714,6.853641501680043
4660,8713.450955874454,6.848845124280043
4661,8738.254085049613,6.854618614280043
4662,8708.585615249889,6.855763333780043
4663,8696.128680214124,6.855132271820043
4664,8711.179593627916,6.858053695420043
4665,8787.816265792295,6.853108433120044
4666,8794.57074746391,6.855567795120043
4667,8822.154733927344,6.855496150920043
4668,8844.40898095202,6.860648305620043
4669,8902.010100410605,6.855066470320043
4670,8914.048001134464,6.8587176599200435
4671,8930.69778389625,6.857226013620044
4672,8911.334476266278,6.8555395219200435
4673,8905.610708309503,6.858835420120044
4674,8891.760149497515,6.8587619612400434
4675,8859.555725397133,6.860092601740043
4676,8879.05667069542,6.867776404140043
4677,8843.53859716885,6.866938875990043
4678,8847.260084850011,6.866129091130043
4679,8830.759666103073,6.860766533930043
4680,8822.532746453408,6.861555614790043
4681,8844.107168642346,6.861928051330043
4682,8849.675126306423,6.862885168400043
4683,8824.895575769657,6.8617428949000425
4684,8846.419166910355,6.8603736958000425
4685,8893.21834939051,6.859047267000043
4686,8915.647723730912,6.8547669364000425
4687,8833.573097046572,6.854602703310043
4688,8845.939089705033,6.856577682910043
4689,8846.041976017605,6.859003714410043
4690,8861.893295940892,6.853866370410042
4691,8840.861890091908,6.857708348210042
4692,8875.10225644379,6.853417184410042
4693,8859.535734453182,6.855834501110042
4694,8874.239675563726,6.856207570370042
4695,8836.999156833182,6.859805508570043
4696,8846.54649165624,6.859723213650042
4697,8853.65127832232,6.8614324945500424
4698,8866.052186597464,6.8665639520500426
4699,8878.548048425937,6.869427373650042
4700,8872.369061089392,6.8692027230700425
4701,8843.790934098213,6.853201541070042
4702,8900.07514551983,6.853256236015042
4703,8918.018569220561,6.861769200515043
4704,8924.716573346117,6.865468936515042
4705,8981.003082927495,6.870956688215042
4706,8997.86188333095,6.870679715815042
4707,9152.59925686705,6.886830877815042
4708,9126.085276962338,6.882617013815042
4709,9141.721346571207,6.887212246515042
4710,9149.542637229391,6.888778710515042
4711,9147.271912521244,6.893795054215042
4712,9160.737416666774,6.899006696715042
4713,9141.463782114943,6.902647202415042
4714,9157.841843451379,6.903140999485042
4715,9181.310607196441,6.905735310285042
4716,9222.717175879856,6.907468592785042
4717,9227.358673016348,6.907576015925042
4718,9228.456946648646,6.904244101625042
4719,9260.103104765205,6.909798928125042
4720,9259.854730520492,6.912237241425042
4721,9299.857015900845,6.921208944425042
4722,9332.580617149708,6.925000716925042
4723,9259.563211010965,6.922353874425042
4724,9268.980804409428,6.921475230365042
4725,9275.09841330737,6.927717406865042
4726,9298.739505745863,6.934083424165042
4727,9308.470114049467,6.935571397265042
4728,9335.951800791441,6.941944342665042
4729,9355.583396359172,6.944605710265042
4730,9350.9772843343,6.945197816765042
4731,9366.642482847144,6.945194992878542
4732,9338.418260052857,6.944310262048542
4733,9388.487939573712,6.949638315048542
4734,9382.316432048214,6.951038031048542
4735,9397.728595307673,6.951019241266542
4736,9404.086029295677,6.955746538266542
4737,9394.062964443116,6.956365325636542
4738,9340.257200615766,6.961124255636542
4739,9382.305189162014,6.970440433636542
4740,9365.856938582623,6.972746539636542
4741,9447.649744593391,6.976497993136541
4742,9489.260186139254,6.977032841236541
4743,9452.757646859991,6.974794269236541
4744,9400.970521255413,6.97295649233654
4745,9400.880979342637,6.97739018193654
4746,9426.117663133444,6.9756673365365405
4747,9462.637638414311,6.977118173736541
4748,9440.442915851869,6.970560404136541
4749,9458.217942536143,6.975536457136541
4750,9458.380109263117,6.979195813736541
4751,9578.726305595674,6.977352653336541
4752,9581.226760257301,6.979982458336541
4753,9566.311452814498,6.980377167136541
4754,9546.430454494022,6.979427931036541
4755,9572.315307595967,6.978221833836541
4756,9603.0526811535,6.979615060636541
4757,9657.145575436296,6.979113285236541
4758,9662.290399847889,6.981713313836541
4759,9633.515442001395,6.985658717836541
4760,9665.21656397852,6.985674860363542
4761,9669.967492868456,6.987776186463542
4762,9691.55431442493,6.993507414763542
4763,9694.809527546982,6.995731309463542
4764,9675.044653438468,6.994604721563542
4765,9682.335971232742,6.995370175293542
4766,9695.391901257059,6.994035353693541
4767,9703.365290724576,6.998993798693541
4768,9704.438644447951,7.003261784193541
4769,9692.841220154205,7.003254541618041
4770,9707.599908523978,7.003152719158042
4771,9720.722270279244,6.997130644158042
4772,9713.99842821552,6.997827713458042
4773,9691.902649742953,7.000525265058042
4774,9660.537692096479,7.005730889758042
4775,9677.59013028148,7.006947193658042
4776,9677.023612913474,7.006177423058042
4777,9696.638417217573,7.006147006208042
4778,9696.0518081775,7.0046448501080425
4779,9653.974049945009,7.008547572308043
4780,9645.479189364107,7.0072063869080425
4781,9681.611081101824,7.011244990908042
4782,9693.544208929503,7.015731362908042
4783,9672.683581591938,7.017670771008042
4784,9682.651346829749,7.018518864658042
4785,9666.521943612534,7.022866968658042
4786,9654.344953421249,7.023241151658042
4787,9631.244096673641,7.025397716358042
4788,9597.14747289953,7.026882952858042
4789,9655.192620660111,7.028619424858042
4790,9656.079041687672,7.021193613858042
4791,9659.563448431552,7.020778873008042
4792,9646.342875326382,7.023529467408042
4793,9617.036516857612,7.0273929138080415
4794,9648.38949749634,7.027157262448042
4795,9680.8568009265,7.031204435448042
4796,9673.995650498722,7.032679524448042
4797,9685.167023957189,7.039504724748042
4798,9676.708376799977,7.043698196748042
4799,9664.1483905892,7.043518081728042
4800,9659.764187338054,7.0431852211280415
4801,9637.44963362147,7.046176403828041
4802,9653.371649705,7.0395809124280415
4803,9683.996789780304,7.041632806728042
4804,9764.637997307953,7.044690211128041
4805,9775.99215823116,7.044450436338042
4806,9795.923969170946,7.039623505338041
4807,9812.179985650664,7.038149397538041
4808,9781.844713786197,7.0375202166380415
4809,9838.85293698078,7.041958754638041
4810,9869.492720888484,7.0465376449380415
4811,9885.55353193965,7.0522405856380415
4812,9869.279322788161,7.056389612638042
4813,9859.099362500003,7.0591044119380415
4814,9904.321000583122,7.061406728438041
4815,9889.609588662375,7.061415334906041
4816,9974.04302553525,7.062440478706041
4817,9995.92624948162,7.0643783695060405
4818,10029.323128881526,7.06554778480604
4819,10035.25040128238,7.06938465500604
4820,10038.72682948526,7.07001245256604
4821,10034.734760608968,7.07057289416604
4822,10055.580158971237,7.07313884116604
4823,10026.474338512344,7.07428819546604
4824,10005.716694126148,7.0754764696660395
4825,10024.812803550649,7.075551695646039
4826,10039.707150126378,7.080909817946039
4827,10014.143935336007,7.080813016746039
4828,10051.937383645558,7.079719961046039
4829,10044.660201854416,7.080056516866039
4830,10057.949100470789,7.077834630566039
4831,10100.154089466281,7.081831589966039
4832,10087.899423027253,7.081124482716039
4833,10110.319880373923,7.081238624461038
4834,10117.886952725898,7.0826652441610385
4835,10114.05159445824,7.083999797861038
4836,10143.075013453394,7.0836143906610385
4837,10147.238087866572,7.083468845081039
4838,10153.920686873493,7.0874740210810385
4839,10258.351242965657,7.087172375621038
4840,10268.970887184389,7.083304304621038
4841,10250.644026333845,7.087628624821038
4842,10290.873468114782,7.094693096821038
4843,10278.330451395392,7.086156467821038
4844,10288.537132633044,7.0904401828210375
4845,10346.251489328715,7.095976067121038
4846,10320.180804108626,7.094602639121038
4847,10304.121048558203,7.095468495521038
4848,10401.778932826692,7.094238985421038
4849,10451.858031213247,7.094213965818038
4850,10430.74454008902,7.094155201808038
4851,10449.716901379425,7.095282091208038
4852,10445.282859739313,7.098976050608037
4853,10466.924028707735,7.102936063108038
4854,10477.140609034293,7.105918760108038
4855,10473.84202359311,7.107097040808037
4856,10487.392587085273,7.106900561108038
4857,10463.321231451484,7.108180334408038
4858,10534.545754884835,7.103771165108038
4859,10476.058434068636,7.106019758208038
4860,10485.607989894797,7.106597855038038
4861,10523.48806034435,7.105793917238039
4862,10524.919324912222,7.109867017238039
4863,10536.567124725085,7.113208913438039
4864,10557.00896371623,7.11792984343804
4865,10542.132530253886,7.11806293178804
4866,10644.40620143874,7.11739081188804
4867,10655.81143892668,7.12459944508804
4868,10653.580343455593,7.12655976078804
4869,10658.096925113448,7.12977125998804
4870,10649.890542198309,7.13350591778804
4871,10658.46224930973,7.13502911178804
4872,10648.629494933337,7.13594215901804
4873,10688.64203120053,7.13501739225804
4874,10710.4960532814,7.1367000681580395
4875,10727.790615786664,7.138849966458039
4876,10764.971346519946,7.139059145768039
4877,10801.600812873085,7.147723238768039
4878,10838.558627234659,7.1549707197680394
4879,10842.362405294762,7.160931374768039
4880,10862.649751259249,7.1686179917680395
4881,10864.310592073787,7.16953912296804
4882,10868.104948202345,7.1688588096380395
4883,10853.560098141535,7.166573660638039
4884,10809.377621058102,7.166542609558039
4885,10839.478327374109,7.16772231495804
4886,10927.4149610792,7.16503162505804
4887,10918.163125331488,7.1653218064580395
4888,10923.653321475429,7.16314719055804
4889,11012.138572803244,7.15733619825804
4890,11004.259850714829,7.15784499135804
4891,10995.551770536493,7.15669215605804
4892,10997.465403599894,7.16328408905804
4893,11031.078298803695,7.16774927975804
4894,11042.937727246544,7.17225554135804
4895,11078.093059746543,7.17723822885804
4896,11046.172538270113,7.17635800355804
4897,11024.147324097941,7.174483194958039
4898,11010.465987959798,7.16984627995804
4899,11020.6958872208,7.167850418658039
4900,11025.18575575479,7.166369492558039
4901,11051.093193686354,7.17479062305804
4902,11038.668310364917,7.18284419305804
4903,11019.82641294529,7.18594816665804
4904,11038.00671538863,7.19163567725804
4905,11011.031132772414,7.19376402405804
4906,11084.494138291337,7.1954616097580395
4907,11131.455577398861,7.19631235625804
4908,11168.106120855997,7.1986421090580395
4909,11202.189771321859,7.201049819058039
4910,11203.510880624446,7.195161461058039
4911,11222.201179104037,7.19964521205804
4912,11209.1176097708,7.19932135275804
4913,11167.281585845294,7.19969585409804
4914,11111.914851445006,7.20168540199804
4915,11170.646632930191,7.20513915869804
4916,11188.873578203633,7.2060864043280395
4917,11207.665604666685,7.206096221370039
4918,11187.243933362706,7.202864132970039
4919,11224.578460256678,7.206474538070039
4920,11152.8463885341,7.200991255070039
4921,11191.798643615723,7.198947533570039
4922,11192.266700840724,7.2189153055700395
4923,11204.733764480337,7.217919688870039
4924,11200.142757820531,7.218921184370039
4925,11283.059352281374,7.214808695370039
4926,11273.240229938021,7.213029318770039
4927,11278.867763821365,7.2174258271700396
4928,11455.167948857279,7.219437375870039
4929,11420.219371234525,7.219033399020039
4930,11433.503995093146,7.217518397120039
4931,11423.935093683971,7.214392435120039
4932,11241.211742278345,7.217771024320038
4933,11279.95854444761,7.230168236320038
4934,11282.706141340177,7.231590731520038
4935,11324.82165704791,7.235838338520038
4936,11328.409272894743,7.236741459920038
4937,11337.267340704715,7.243371686420038
4938,11368.512008270462,7.242229887620038
4939,11347.698172693335,7.244715553320038
4940,11334.992523849562,7.245455723570038
4941,11327.35092835013,7.2463850779100385
4942,11363.010842725973,7.242466412410039
4943,11396.739474639253,7.239542974110039
4944,11393.825603700814,7.240374544470039
4945,11360.112640998535,7.240460022300039
4946,11401.419661185573,7.246490449300039
4947,11383.078191675913,7.2475214017000384
4948,11398.760608415043,7.252889745300038
4949,11395.57194305984,7.257441600300038
4950,11411.56968396598,7.261613697700038
4951,11423.356453508428,7.261303579420038
4952,11405.63856948118,7.264781640420038
4953,11444.076662979944,7.265219706790038
4954,11432.269408544063,7.265573744350038
4955,11440.306375107382,7.278148785350038
4956,11454.00077076773,7.280988142450038
4957,11473.157466789833,7.288840370450038
4958,11513.81480541427,7.294325892050038
4959,11522.292371183217,7.299222037050038
4960,11554.935773267554,7.303003129650038
4961,11532.803763581689,7.304809002550038
4962,11460.815293221982,7.306317909150038
4963,11475.2127682297,7.307325177450038
4964,11404.599157131408,7.295430851450038
4965,11398.49068617524,7.293339761950038
4966,11409.948175449206,7.294555954050038
4967,11415.697377919045,7.295527998150038
4968,11419.725772041162,7.296418140780038
4969,11521.678708430984,7.298096357780039
4970,11514.957765631309,7.302413929180038
4971,11503.96995376567,7.300591819980038
4972,11644.773357709313,7.3003967430800385
4973,11743.07577458381,7.305362935080039
4974,11778.051414883439,7.311890490080039
4975,11796.569535133434,7.315810918080039
4976,11803.316834345987,7.314321811080038
4977,11794.42450934558,7.313196098580038
4978,11786.244148906582,7.318036269580038
4979,11774.207055766206,7.318036515536508
4980,11631.322060880691,7.322237371536508
4981,11592.282507740663,7.315399788836507
4982,11674.85727236846,7.304222869836507
4983,11683.464053503218,7.302520049736507
4984,11664.252161283068,7.297207199036507
4985,11685.28461238967,7.299705935136506
4986,11683.600452165309,7.2991744916365064
4987,11724.027220419339,7.3001693566365065
4988,11732.59392842001,7.299776946696507
4989,11742.95996847062,7.300956086996506
4990,11729.887637324551,7.299998784596506
4991,11745.714113147931,7.302111211596507
4992,11669.34919427416,7.303188512596506
4993,11659.527601338552,7.305341434496506
4994,11655.476970217953,7.307803781796506
4995,11625.862601459587,7.307232524946506
4996,11478.285889619163,7.289432761946506
4997,11462.170454282481,7.293394119746505
4998,11433.111579232473,7.292228839746505
4999,11479.5150463011,7.296308837746505
5000,11499.475146071927,7.298142905146505
5001,11484.934484080351,7.2970825987465044
5002,11515.202220373756,7.297695838106504
5003,11538.659434633284,7.298384670806504
5004,11483.730154095727,7.2980267859765044
5005,11520.564783564514,7.302215969476505
5006,11547.385447539342,7.306963055176505
5007,11535.14149839736,7.307626886536505
5008,11518.247596178522,7.308122008696505
5009,11529.51505466614,7.314258032696505
5010,11633.671217892066,7.319225662696505
5011,11632.171246780727,7.321356913196505
5012,11643.254847157945,7.325265876596505
5013,11677.336263193396,7.326636193396505
5014,11626.355792274324,7.328168980596505
5015,11613.410495012917,7.327330595296505
5016,11567.613788824336,7.328300179296505
5017,11575.26249865151,7.333429925296505
5018,11602.097105594783,7.337513364496505
5019,11583.931488677967,7.3361854297965055
5020,11606.155838118784,7.333596240796505
5021,11595.445559476764,7.336793952496506
5022,11568.600327743861,7.3316101294965055
5023,11625.374973769754,7.3370946444965055
5024,11635.621532770134,7.338018849696505
5025,11662.560634413898,7.340458717196505
5026,11668.468656362715,7.3461171495965045
5027,11691.871166968747,7.345928521006504
5028,11689.60336463588,7.349805338906505
5029,11712.405937258696,7.349103072906504
5030,11706.53685368876,7.351278724606504
5031,11775.59862548088,7.361496395606505
5032,11884.963108194395,7.360709599746505
5033,11881.812572408942,7.360240047246505
5034,11881.237306753836,7.362675145846505
5035,11916.261527396553,7.364453820646505
5036,11903.523388203725,7.367685433846504
5037,11847.206557280653,7.368527768646504
5038,11869.998927642106,7.368475519326504
5039,11880.628367342624,7.368435266138504
5040,11871.644397391367,7.371601971138504
5041,11852.755859680025,7.374156617838504
5042,11881.478755555967,7.377080045438504
5043,11896.220807255233,7.376503690638504
5044,11891.684815377635,7.382228752638504
5045,11866.1906604026,7.381779216178504
5046,11908.801821184006,7.380963489128504
5047,11916.07018569794,7.383236230728504
5048,11895.566477799024,7.377291115328504
5049,11937.417171908508,7.381106287328504
5050,11934.427983439075,7.3880287288285045
5051,11959.860082389792,7.392109791828505
5052,12035.8682223756,7.395112898828504
5053,12022.953174901535,7.400835245828504
5054,12038.162334504204,7.403869868728504
5055,12051.826434845867,7.407604982128504
5056,12104.855189448044,7.4070338363285035
5057,12158.00710865439,7.410887139428503
5058,12199.181293948488,7.413714383028503
5059,12152.315999271384,7.415317814228503
5060,12156.097176231979,7.414197357928503
5061,12177.653136010216,7.4179400684285035
5062,12204.720000119776,7.419823855528503
5063,12219.606936788658,7.422652563928503
5064,12240.487501741873,7.424340062328503
5065,12271.41041274826,7.429852478728503
5066,12271.60294964371,7.433912400728503
5067,12231.420477930635,7.436881095528503
5068,12268.849194577297,7.438967165528503
5069,12275.28239509771,7.442611997528503
5070,12288.092283226511,7.4417226390685025
5071,12280.688167687093,7.442735727668502
5072,12259.199348303282,7.444663406268503
5073,12286.270735071532,7.448697280968503
5074,12281.13675012019,7.446268265468503
5075,12257.64586579644,7.449817153068503
5076,12302.831827601938,7.451037961068503
5077,12318.56489563065,7.451545902668503
5078,12343.985114128614,7.454968323168503
5079,12448.927269040661,7.455659791528503
5080,12477.10119572779,7.463006855128503
5081,12468.302597998341,7.464423507728503
5082,12495.159961418354,7.471553153728503
5083,12452.46346253831,7.472313105128503
5084,12416.00959799461,7.473323645628503
5085,12375.522418536655,7.469597731828503
5086,12386.163344047416,7.463133983828503
5087,12331.239924922093,7.454147864828503
5088,12454.323838626744,7.419359284828503
5089,12445.389649090715,7.416596414628503
5090,12386.036104852834,7.411580592028503
5091,12417.575131824373,7.4081717912285034
5092,12456.06945330455,7.409942435428503
5093,12530.12159584896,7.415794718828503
5094,12552.200280317767,7.419506370628503
5095,12518.916647646194,7.418219340628503
5096,12530.915096092915,7.426032132628503
5097,12501.8386326248,7.425124230488503
5098,12574.785360825532,7.427420568388503
5099,12627.696818359176,7.430641255588503
5100,12660.785802454393,7.433859292588503
5101,12605.316253749606,7.429687266588503
5102,12607.878039735046,7.431717089288503
5103,12623.427263856545,7.439376333288503
5104,12630.626709912061,7.443625325288503
5105,12608.512662589175,7.444822355788503
5106,12634.811246130552,7.445532922088503
5107,12539.42478411321,7.4449110403885035
5108,12539.410838093496,7.447570468588504
5109,12531.081715513385,7.4497595995885035
5110,12564.378721899438,7.451563984688503
5111,12597.36434595571,7.455747175688503
5112,12691.121426850099,7.452768613288503
5113,12680.802185910965,7.453303679788504
5114,12717.29198041066,7.459357412788504
5115,12724.48677359652,7.460499687388504
5116,12667.681566226654,7.454947560388504
5117,12692.228079892007,7.458470509888504
5118,12694.504205964935,7.456090737388504
5119,12742.879132831398,7.455263784188504
5120,12739.122816866387,7.457151389988504
5121,12711.587069136942,7.461513503988504
5122,12748.81228323943,7.457979642388504
5123,12742.577244563927,7.453160333988504
5124,12745.733576487504,7.4533572536185035
5125,12666.084818217021,7.457899730118504
5126,12667.47402127782,7.4586525498185035
5127,12560.666199939045,7.460187896818503
5128,12490.669183228454,7.464238455218504
5129,12400.61661206748,7.469475646618504
5130,12404.248104120905,7.471989384018504
5131,12385.760931827304,7.471007395118504
5132,12444.81418391394,7.4703775595885045
5133,12480.410775366896,7.468988815688505
5134,12489.85809063214,7.469862374588505
5135,12474.608053838569,7.466276358188505
5136,12524.345388965516,7.4646517126885055
5137,12547.164156367546,7.466152919488506
5138,12542.597273435254,7.468525852488506
5139,12552.480217346765,7.468193630088506
5140,12522.55796019786,7.467907009488506
5141,12534.93601535273,7.469790884388506
5142,12542.076567601194,7.470520031988507
5143,12547.053514675592,7.473452073988507
5144,12535.031493869943,7.469700659988507
5145,12521.944168888453,7.470665456388507
5146,12588.339260933208,7.471049220838507
5147,12642.168182916848,7.471170940318507
5148,12660.197505130442,7.470320243018508
5149,12647.965671737998,7.473757885718507
5150,12665.803633998594,7.477991194718507
5151,12672.763387969306,7.478728025818508
5152,12672.925612748455,7.477758576518507
5153,12697.704814381861,7.4773287898185075
5154,12713.911286125764,7.481786073618507
5155,12698.49913323216,7.484219545218507
5156,12698.915012253397,7.483661464018507
5157,12643.630361941043,7.486020128518507
5158,12709.617414432401,7.488275763118507
5159,12659.543815905481,7.494337637118507
5160,12725.219402419038,7.495131110678507
5161,12702.272103347192,7.495950064778507
5162,12710.510722090017,7.496247754998507
5163,12737.256669377155,7.494934204598507
5164,12727.223663492432,7.4995398595985066
5165,12765.064056525816,7.503770530198507
5166,12895.711117167446,7.501056366598506
5167,12964.701753116069,7.500464145198507
5168,12976.391016421998,7.499641517498507
5169,12995.734669470552,7.498648567798507
5170,13020.083205036844,7.495429985398507
5171,12978.904624340508,7.496925184398507
5172,12859.600092999503,7.494695940698507
5173,12874.63721303413,7.494280301068507
5174,12870.406962070929,7.495300265668507
5175,12931.658224972922,7.495955041568507
5176,12954.765908508392,7.494158941368507
5177,13010.81731489236,7.496842562968507
5178,12997.1976576823,7.498927951568508
5179,12990.008138743622,7.4962157751685075
5180,13006.424395326045,7.4992583158685076
5181,13010.128150909664,7.499685509518508
5182,13020.994405093226,7.503147019518508
5183,13145.446400313256,7.506142438518508
5184,13123.396567673888,7.5065916914185085
5185,13122.999666686475,7.5122668839185085
5186,13160.117463648814,7.511486812418508
5187,13180.727040632324,7.517809692718508
5188,13234.037176545968,7.517152854658508
5189,13222.701166834047,7.5222944942585075
5190,13213.159509644187,7.527204719258507
5191,13195.862562888844,7.530880643658508
5192,13135.625421751123,7.532472610058508
5193,13158.449583678137,7.534907649758508
5194,13162.571481431842,7.534457807958508
5195,13158.445134393683,7.533986158178508
5196,13212.414247101942,7.538220907178508
5197,13226.992225138587,7.532160045178508
5198,13365.636102673347,7.527885655978508
5199,13357.631818166004,7.5271738307785085
5200,13420.858832614113,7.527700447278509
5201,13430.319200031478,7.5346367277785085
5202,13485.138109959185,7.531259809678509
5203,13530.105708138235,7.539525796678508
5204,13535.80001386316,7.539757765468508
5205,13605.205865276526,7.542092515068508
5206,13529.0121274766,7.544806942268508
5207,13542.153678167055,7.548240117468508
5208,13609.728663445605,7.550561340068508
5209,13569.073917430465,7.550214695078508
5210,13588.780789607206,7.552667245578508
5211,13622.662313680583,7.5596270410785085
5212,13626.476895890282,7.559688244888508
5213,13646.630940321882,7.5597253914185085
5214,13502.61010166946,7.5583362906185085
5215,13488.372115116954,7.559625138518508
5216,13498.674178994293,7.5649083735185085
5217,13372.442272316619,7.560268490518508
5218,13349.24615312977,7.561786068418508
5219,13354.235896163898,7.567882932118508
5220,13323.730841814762,7.564437080518507
5221,13110.718894117024,7.566896584018507
5222,13067.438128471385,7.565685868318507
5223,13081.723476661564,7.570571822318507
5224,13110.637061637077,7.5727268923185065
5225,13103.678087043723,7.5715417908185065
5226,13027.3000627049,7.576976455818507
5227,13092.855748966193,7.578061268618507
5228,13077.409876604876,7.582088355818507
5229,13348.916757151386,7.5700459878185065
5230,13291.258439269954,7.565081043818506
5231,13382.99293462217,7.568946167518506
5232,13454.542761646768,7.571538563018506
5233,13392.229890118559,7.5766984390185055
5234,13432.062948562165,7.574304122518505
5235,13413.45768775372,7.576086052518505
5236,13402.555088503808,7.574031195618505
5237,13439.056618924751,7.573732969518505
5238,13445.653582097115,7.573645714343505
5239,13471.678224112935,7.575464379043505
5240,13451.903465579366,7.572739547343505
5241,13420.15357006902,7.575746095043505
5242,13337.219785557629,7.573734627343505
5243,13297.606826381782,7.5736227243635055
5244,13334.94940522855,7.581941490363506
5245,13335.863149232493,7.584753657963506
5246,13365.61341953137,7.587789280363506
5247,13396.176883166287,7.592196920363506
5248,13409.816179226,7.596022587663506
5249,13437.644573052426,7.5953777819635055
5250,13420.238691254617,7.595996945933505
5251,13442.405508779799,7.595555414833505
5252,13466.685173544314,7.595963374863506
5253,13443.774121604984,7.597394017963506
5254,13377.275186611208,7.594553145963506
5255,13386.939994234486,7.594126287033506
5256,13388.666829172102,7.595674570233506
5257,13393.357058302725,7.599655459233506
5258,13454.173135890218,7.601600664333506
5259,13498.660287701985,7.600661296633506
5260,13493.60928205317,7.605278640633506
5261,13403.272910276843,7.607046528933505
5262,13449.551574163152,7.615477364933505
5263,13441.103677335204,7.614109646833505
5264,13428.84012912703,7.620947104833505
5265,13400.01170077851,7.625321831533505
5266,13352.209959638429,7.625163768163505
5267,13372.147321994085,7.627168077963505
5268,13339.377936256797,7.627783472963505
5269,13360.127493373428,7.631999219963505
5270,13398.842460135624,7.632982330163505
5271,13441.254924258963,7.636005477963504
5272,13286.996725034589,7.639503018263504
5273,13281.72118224492,7.646861504263504
5274,13295.344312726498,7.645773642463504
5275,13291.999747079279,7.646037367983504
5276,13412.496895374456,7.646821911283504
5277,13535.252627209868,7.648675563083504
5278,13488.696899504692,7.652150902483505
5279,13506.411694168211,7.657055045983505
5280,13530.752985790752,7.661438190983505
5281,13510.602432330365,7.655930472683505
5282,13473.063399109964,7.653486096683506
5283,13524.975934243603,7.6536857884835054
5284,13604.587093911954,7.656436036883505
5285,13626.840918331645,7.656310550653505
5286,13727.632569406653,7.659096627653505
5287,13744.088465991985,7.662531192853505
5288,13754.710982516848,7.6590297994535055
5289,13722.39365634672,7.658146738593506
5290,13755.579248212725,7.664157249993506
5291,13768.617804687268,7.670176037993507
5292,13792.788120326879,7.671350419393507
5293,13825.826716729269,7.675768842793507
5294,13862.26686752183,7.676245166913507
5295,13910.243711536838,7.679268072113507
5296,14009.5580108724,7.678868396633507
5297,14108.45914409938,7.680185457033507
5298,14125.305410406767,7.677458213633507
5299,14107.87920475092,7.676230303433507
5300,14086.679921059776,7.678743608033507
5301,14086.107959369554,7.679894230733507
5302,14100.401048599279,7.679701919693507
5303,14092.024525858253,7.678243933193507
5304,14085.342777209931,7.6800445293935065
5305,14089.592128353577,7.6834305425935066
5306,14082.658651338887,7.6768746579935065
5307,14127.687952376542,7.679752728293507
5308,14141.75817737094,7.678605232493507
5309,14181.98345252362,7.681017450593507
5310,14256.196173621143,7.673602949893507
5311,14283.831731494629,7.661995188393507
5312,14250.76939755482,7.665162283393507
5313,14297.030672696244,7.664700145493508
5314,14298.31043499667,7.663820762093508
5315,14279.338856200113,7.656057587693508
5316,14264.609591083825,7.656056111081607
5317,14291.536000217893,7.656834649141607
5318,14302.651336666202,7.6562425058416075
5319,14226.878982117762,7.648952731841607
5320,14189.60691800115,7.647221487541607
5321,14098.0044915813,7.650855631141607
5322,14066.137214199482,7.6529601256416075
5323,14100.291650679055,7.657886199641608
5324,14122.538569134706,7.656936139791608
5325,14159.114736551715,7.660226584391608
5326,14134.526589928455,7.660988349791608
5327,14043.590876341075,7.656371135091608
5328,14037.363143448749,7.657126723731608
5329,14074.251473839116,7.663477940731608
5330,14081.190436597994,7.6615723154316075
5331,14104.8877353491,7.661098177631607
5332,13984.925989572375,7.663869795431607
5333,13989.985883056674,7.661469263331607
5334,13946.83850301361,7.657593383331607
5335,13939.635818657373,7.659302666531607
5336,13964.54557288911,7.661691557531607
5337,13989.328573408862,7.669009307531607
5338,14028.033874190698,7.669047033431608
5339,13964.858824239163,7.664895790431608
5340,13993.101843495364,7.668878053431608
5341,13933.088547351703,7.666674750931608
5342,13924.059569628262,7.668580147531608
5343,13945.404220036511,7.665418700131608
5344,13898.751666386444,7.666807471431608
5345,13895.086380301658,7.666508985481608
5346,13956.416187422014,7.665541868341608
5347,13951.002329315894,7.675148668341608
5348,13927.05726558423,7.675614806001608
5349,13900.340431763956,7.673675408101608
5350,13894.9678570548,7.671807294101608
5351,13894.66969854273,7.671029169901608
5352,14009.817855372548,7.671349895131608
5353,14022.515405811988,7.674722013931608
5354,13993.89739538936,7.675870295431608
5355,13997.323679839532,7.678513644731608
5356,13984.151074271713,7.680685435731609
5357,13972.998386560846,7.680734012789609
5358,14016.49364772252,7.687944366189608
5359,14068.045222277287,7.688494195289608
5360,14082.009237118757,7.689926698189608
5361,14043.76557554156,7.692925306389609
5362,14066.42539352792,7.699379918989608
5363,14037.53353530634,7.7008442707896085
5364,13997.256711397293,7.698223342089609
5365,13911.15570812538,7.700277887089609
5366,13680.88142634608,7.704155723789609
5367,13743.202451700128,7.684424019789609
5368,13728.494839256864,7.686072366589609
5369,13756.43677428708,7.689764229389609
5370,13816.852385480519,7.689854370439609
5371,13851.904817016744,7.6892838879796095
5372,13888.600766581936,7.690645052579609
5373,13897.183526030563,7.689926529409609
5374,13914.352551268496,7.691450574409609
5375,13921.579864958865,7.692806826909609
5376,13951.28427587746,7.696468820109609
5377,13978.073424519114,7.6963627309146085
5378,13988.903152167091,7.695135041614608
5379,13838.706523257875,7.706446460614608
5380,13874.015055758631,7.710830273314609
5381,13850.987847956441,7.688065840314609
5382,13804.05125890915,7.689571214714609
5383,13852.845104249289,7.697933424714608
5384,13832.010563740949,7.692504542414608
5385,13825.890952650738,7.693520027214608
5386,13863.97237558634,7.701512119214608
5387,13957.2590112857,7.709709527214608
5388,13874.672779177941,7.713554267214608
5389,13945.152911846753,7.711218743014608
5390,13899.876447583785,7.710132592714608
5391,13916.472191168501,7.710442077414608
5392,13890.39103143088,7.711132576714608
5393,13802.263431641577,7.709532675314608
5394,13727.98679942494,7.710915856314608
5395,13810.932476273929,7.711583173674607
5396,13848.126263481408,7.711859774294608
5397,13842.548948215912,7.7114938875946075
5398,13791.396282241276,7.670076937594607
5399,13763.301892315147,7.672267512394607
5400,13754.016931579266,7.6726593457346075
5401,13758.306913990757,7.675130221634608
5402,13587.461789572199,7.6677826516346075
5403,13579.949779929218,7.6655853492346075
5404,13587.206638924597,7.659437446734607
5405,13608.486212710293,7.6570697697346075
5406,13656.431926639065,7.6611962057346075
5407,13615.667245178705,7.661014884934607
5408,13643.093297326337,7.666744912234607
5409,13655.484689066681,7.6685561600346075
5410,13645.910840085227,7.668831383694608
5411,13723.364781657974,7.6747673376946075
5412,13723.23956218475,7.683779245194607
5413,13717.485877994515,7.6868165281946075
5414,13704.710580377547,7.682842268794608
5415,13691.309222195396,7.684231544494608
5416,13741.388259374497,7.685917210094608
5417,13751.143982703737,7.6972114440946084
5418,13756.160021872169,7.704073325094608
5419,13704.245019533497,7.706912715094608
5420,13716.561317803395,7.705678390494608
5421,13667.162342991283,7.707606152994608
5422,13501.17948084396,7.710804084494608
5423,13509.409994272468,7.7146271664946084
5424,13409.392712625802,7.716138173994609
5425,13444.152256136347,7.723848870694609
5426,13506.76400575359,7.724980051794609
5427,13534.380273108853,7.723671094294609
5428,13513.93261936571,7.727915317494609
5429,13534.950986070475,7.727471229974609
5430,13487.0190577777,7.726796242274609
5431,13518.619143430073,7.730884061974608
5432,13566.075246092234,7.731366230194608
5433,13555.817231162751,7.721651384194608
5434,13557.850683184513,7.721485794374608
5435,13569.037680653439,7.725828734374608
5436,13542.265383127082,7.724600905474608
5437,13540.333057051272,7.725183941224608
5438,13535.379519016691,7.725957034324608
5439,13551.800707772521,7.720689004024608
5440,13515.586271396543,7.719724589464608
5441,13572.139168704885,7.722603902164608
5442,13554.317744770417,7.722788454964609
5443,13512.548059805338,7.724192520564609
5444,13550.286641811887,7.724130213484608
5445,13535.397329394418,7.725513267084608
5446,13545.317187934757,7.722804563084608
5447,13543.072012871251,7.727453518084609
5448,13558.845753440904,7.7265114217346085
5449,13565.785799827958,7.728230005734608
5450,13585.216461453947,7.727243640234608
5451,13619.874823873553,7.729004015734608
5452,13661.706201898083,7.732197816334608
5453,13706.428215198206,7.728032241934608
5454,13706.947053329019,7.729464057034608
5455,13653.357865972283,7.727510658434608
5456,13688.606481926397,7.729224604634608
5457,13678.315721575284,7.729061205164608
5458,13629.661171521813,7.722793930164608
5459,13594.898457651387,7.724590136464608
5460,13659.344462019453,7.722895263364608
5461,13694.108948395478,7.722163354414608
5462,13700.697586817354,7.725626214414608
5463,13679.015065586782,7.724231405914608
5464,13671.585031417066,7.722212673214608
5465,13622.444843191091,7.720172631814608
5466,13594.617237079607,7.721704897414608
5467,13666.171621256855,7.726941472814608
5468,13722.632357014865,7.733814783814608
5469,13671.82994797039,7.736481868414607
5470,13727.757835939921,7.738078421414607
5471,13788.338513636472,7.744743170614607
5472,13842.46178228568,7.742436557614607
5473,13870.833466369671,7.743349743714607
5474,13927.83300162219,7.745347121014607
5475,13898.223253188455,7.745524334074607
5476,13902.209612462873,7.745109429604606
5477,14015.587122745761,7.737220675604607
5478,14034.46598825514,7.737577557004607
5479,14074.910454798784,7.713275810004607
5480,14184.988795300525,7.710162480804607
5481,14252.1641786338,7.706163083804607
5482,14233.637801819725,7.711114680504607
5483,14176.688380731035,7.712423024204607
5484,14153.80273152168,7.704695105204607
5485,14182.11063138382,7.709824878804607
5486,14166.938393862285,7.710561908864607
5487,14178.156111438986,7.706884283664607
5488,14170.028706045154,7.707133881464607
5489,14145.465355210023,7.711463234064607
5490,14198.331959664447,7.711732922294607
5491,14241.367877643283,7.714730396294607
5492,14264.082249877578,7.718903192694607
5493,14298.435394853468,7.720823317194607
5494,14300.798080328797,7.720571665014607
5495,14365.039367522952,7.722978448614606
5496,14368.620608324476,7.727245105114606
5497,14446.698620811014,7.727816657774606
5498,14465.299318819245,7.735968046774606
5499,14482.522605376378,7.736660425474606
5500,14511.545363439713,7.736945925474607
5501,14560.486837351986,7.7369444552655064
5502,14597.872777258077,7.734745870465506
5503,14601.321968623015,7.735608406605506
5504,14526.943462371693,7.741224943605506
5505,14536.778978108152,7.745494119305506
5506,14561.418021860556,7.744693790405506
5507,14573.263161119014,7.7424794012055065
5508,14559.76930239842,7.742840910505507
5509,14577.371012269674,7.7405925507055064
5510,14551.858003648793,7.743872793705506
5511,14548.056868873047,7.744909080205506
5512,14549.344998781713,7.743903133705506
5513,14516.194966557709,7.731543676705506
5514,14510.733139330077,7.734118409005506
5515,14501.759984916014,7.737470826405507
5516,14530.305872846002,7.740416203705506
5517,14547.617584399333,7.7429769787055065
5518,14602.009555404704,7.744043562105507
5519,14615.682677104855,7.745514559605507
5520,14643.106254976963,7.753308827605506
5521,14679.806450829708,7.7528150405055065
5522,14684.59388744149,7.758732580505507
5523,14714.01101160466,7.758875669905507
5524,14683.867748863182,7.757477067905507
5525,14720.385573503203,7.763302013305506
5526,14765.076079705052,7.762471041205506
5527,14751.049415415648,7.760670590805506
5528,14778.472219596826,7.766069790805506
5529,14780.907229449283,7.766160170915506
5530,14887.508941571115,7.765891758135506
5531,14926.823205246114,7.772802717435506
5532,14991.43543276747,7.772818462985506
5533,14961.808098784659,7.776762143285506
5534,14966.008939708652,7.780142574185506
5535,14940.968283483413,7.775466679685506
5536,14955.995193710558,7.774398799485506
5537,15102.542858655697,7.775472298685506
5538,15130.395753527857,7.774936576885506
5539,15113.663215298384,7.7800092248855055
5540,15147.750971826244,7.779471702635505
5541,15136.502645796092,7.779935727135506
5542,15113.102142483283,7.780716802835506
5543,15138.46771166256,7.784515924235506
5544,15169.581359279391,7.788694357935506
5545,15126.931824921852,7.788316320685506
5546,15118.272851479698,7.787265395185505
5547,15067.657879338089,7.787824352355505
5548,15111.20904289989,7.793527632055505
5549,15088.75335257044,7.793624329535505
5550,15123.45131699898,7.800869836535505
5551,15067.188142977711,7.803384799135506
5552,15085.279395637082,7.807432865835506
5553,15092.788666696879,7.8112691868355055
5554,15108.242173012712,7.811827046735505
5555,14927.713893045078,7.809708106035505
5556,14739.947927781635,7.814500017735505
5557,14779.638386030063,7.815671802235506
5558,14751.911846492354,7.8132829288355055
5559,14819.282475144966,7.814763539735505
5560,14823.321959323504,7.817337254535505
5561,14874.184542089723,7.8176240438555045
5562,15014.206634809772,7.8164017365555045
5563,15002.444205948783,7.819730454755504
5564,15046.343822596971,7.8196280620955045
5565,15078.636165338281,7.817349816295504
5566,15067.16587696458,7.822958549995504
5567,15064.361835508156,7.821216990595504
5568,14963.539100224882,7.817754844595504
5569,14968.798558568438,7.820528732095504
5570,14894.53391815501,7.814722939295503
5571,14866.307009888382,7.814934163035503
5572,14949.075788144417,7.815944803635503
5573,14912.65783634834,7.815209279035503
5574,14905.240073054598,7.8163805443355034
5575,14902.921064231901,7.816332783465503
5576,14959.842860654258,7.815372900605503
5577,14919.17071606961,7.815828331345503
5578,14957.946592603766,7.814718513945503
5579,14937.89087759416,7.815707301245503
5580,14919.410739258348,7.816778355945503
5581,14901.66044642031,7.819594035945503
5582,14959.270732128145,7.826508435945503
5583,14903.370712346903,7.827079148095503
5584,14871.580287570283,7.826531761595503
5585,14876.034746285986,7.823059559595503
5586,14876.724816410591,7.823175442475503
5587,14952.655567805014,7.833307948975503
5588,14892.81661772782,7.826485196975503
5589,14911.60903497713,7.824106562775503
5590,15009.189038783072,7.824608425375503
5591,15021.723430182603,7.828120815775503
5592,15001.314659858886,7.826808301375503
5593,14972.297570408246,7.826245538875503
5594,15011.804528827275,7.828329923575502
5595,15052.429796996985,7.832957616575502
5596,15124.355416866953,7.831186705675502
5597,15119.474325476116,7.830139544375502
5598,15086.079413351836,7.829629593345502
5599,14989.115674543238,7.827860108945503
5600,14971.799828420768,7.8372222959455025
5601,14922.892581789332,7.839992524245503
5602,14880.780517673184,7.838919645045503
5603,14921.272573825952,7.845052778545503
5604,14938.718849510882,7.849049724545503
5605,14970.21487498917,7.850496664445503
5606,14950.243244559359,7.852144245045503
5607,14948.195585240877,7.852064728315503
5608,14893.73529812297,7.849773490315504
5609,14902.584855379413,7.850199231765504
5610,14914.481015119945,7.854753417765504
5611,14913.697157246865,7.854624790505504
5612,14915.28684506369,7.860967736505504
5613,14919.729560728889,7.860347404905504
5614,14895.627500021712,7.862809888105504
5615,14930.103228779542,7.868696230505504
5616,14894.095193995056,7.862377068105505
5617,14867.865883609062,7.863204330865504
5618,14925.001099905745,7.863924772765505
5619,14901.691712280448,7.864185935845505
5620,14890.4817157523,7.867845107345505
5621,14898.27241176555,7.871501351045505
5622,14961.282315902343,7.876197156345505
5623,14913.866536737367,7.877950314745505
5624,14839.81519843178,7.877679263405504
5625,14828.715740846332,7.879700758005504
5626,14815.17669037644,7.8856185632055045
5627,14799.298309938466,7.885756604105504
5628,14852.13194845814,7.900707117105504
5629,14849.833791345303,7.901082647755504
5630,14864.010247543514,7.899894998455504
5631,14839.127603054527,7.902421720155504
5632,14877.917379391463,7.907320846655503
5633,14879.094685210624,7.907445791305503
5634,14885.016332781459,7.913129638505503
5635,14838.088192938936,7.9147605920055035
5636,14852.533081587902,7.914353918565504
5637,14894.65539415746,7.913994816505504
5638,14875.026143374385,7.914211436605504
5639,14804.228868483222,7.909657051605504
5640,14863.21466625775,7.913129177205504
5641,14903.600788036543,7.9118473181055045
5642,14899.750060793665,7.913060689305505
5643,14921.933692239354,7.912691950325505
5644,14901.819003216271,7.913031086985505
5645,14953.963706073793,7.9162678394855055
5646,14929.855594229037,7.916079919285505
5647,14901.205092355765,7.918176730585506
5648,14894.416249794534,7.917431196035506
5649,14923.935776353914,7.919327794835506
5650,14832.373684458102,7.923106305135506
5651,14800.836619860724,7.920773626635506
5652,14797.233026718995,7.913697185335506
5653,14899.269655423088,7.903416654335506
5654,14900.483864103016,7.906243547135506
5655,14956.645408959464,7.906085856905506
5656,14975.29833202695,7.910040641905506
5657,15006.827432957347,7.916564838305506
5658,15042.165168040812,7.911423020805506
5659,15124.338109607394,7.915310115405505
5660,15131.669254700058,7.920309585405505
5661,15166.81098739,7.920645643555505
5662,15195.5133854761,7.921807703255506
5663,15207.438423219468,7.922356038105506
5664,15261.309383873851,7.924623894905506
5665,15193.51335649472,7.924947466205506
5666,15223.542366297681,7.927495080205506
5667,15228.28044267074,7.931157359805506
5668,15364.892356683711,7.941086730805506
5669,15340.88570187546,7.941943375045506
5670,15341.667659495772,7.940259925545506
5671,15259.017712699617,7.946160709945506
5672,15236.200724983311,7.948205382745506
5673,15284.89991301448,7.951589246445506
5674,15297.60930973774,7.955957304845506
5675,15336.61637011565,7.962902331445506
5676,15306.260336943493,7.963333105565506
5677,15386.91137216981,7.964185494015506
5678,15422.055736303653,7.967174721415506
5679,15430.849382305936,7.969300658715506
5680,15467.49987934665,7.969061981145506
5681,15490.904644342083,7.974932056145506
5682,15514.655035997408,7.972514751845506
5683,15463.096140170494,7.974873827345506
5684,15520.310070606176,7.978350487145506
5685,15592.292067441647,7.974997554245506
5686,15566.407425000365,7.973328855245506
5687,15617.672108012559,7.9803209532455055
5688,15701.676630159202,7.989835864245506
5689,15641.181226140201,7.989374191085505
5690,15660.065568754748,7.988511697185506
5691,15648.459266193113,7.989640358585506
5692,15675.292211344471,7.989113057825506
5693,15684.336585335392,7.9912704884255055
5694,15708.473645362687,7.9922265479755055
5695,15702.81102179521,8.016710861975506
5696,15769.724678651393,8.017721469775505
5697,15763.203122257104,8.015487718775505
5698,15785.12280199079,8.015407204715505
5699,15910.461633567158,8.017344161915505
5700,15925.737180274005,8.020316125615505
5701,16019.174047266915,8.023261177115504
5702,15965.454910091441,8.029178613515505
5703,16047.335900934257,8.030387910315504
5704,15986.519009277785,8.034673609115504
5705,16094.870199706207,8.034763146495505
5706,16084.285174943752,8.041110032495506
5707,16119.127024260568,8.038850543495506
5708,16278.859158886682,8.037484760495506
5709,16306.92771156233,8.046258401495507
5710,16346.491983987931,8.054159844495505
5711,16308.777607783803,8.055560780295504
5712,16307.205142519433,8.054515756295505
5713,16321.256346119791,8.054409034585506
5714,15706.423031469454,8.008390294585507
5715,15759.884924855554,8.008906577615505
5716,15783.98492039479,8.007549586515506
5717,15781.183038307476,8.007919958815506
5718,15709.30642500841,8.010440219815505
5719,15724.759542493308,8.015618014315505
5720,15811.091370454778,8.010741326615506
5721,15874.293694244645,8.010892268555505
5722,15883.709244700902,8.015033308555505
5723,15876.461143800254,8.014746034975506
5724,15862.918092192496,8.016751202475506
5725,15895.651953369967,8.017428634175506
5726,15910.796345020717,8.014595201175506
5727,15941.072891192242,8.008180136775506
5728,15980.517996850864,8.005899953775506
5729,16026.195234491252,8.005627601095506
5730,16142.577400179345,8.007688111295506
5731,16115.484185776722,8.002764087795505
5732,16200.405052003354,8.011544921795506
5733,16242.995897444584,8.017728886495506
5734,16270.738042696945,8.020220178095506
5735,16294.437492082907,8.024196039095507
5736,16295.981170386263,8.027886506295506
5737,16245.706992940864,8.026498539395506
5738,16337.336078259572,8.028671785995506
5739,16340.179909691926,8.031564292295506
5740,16258.027942745095,8.028256432295507
5741,16340.366990266983,8.029767640795507
5742,16391.598295813033,8.031146646395506
5743,16460.016745141766,8.039448156895507
5744,16486.416431048758,8.038800580495508
5745,16459.445730330553,8.018530896495507
5746,16507.126193397235,8.021751071895508
5747,16425.643061748477,8.029212682195507
5748,16426.270972591556,8.029364946505506
5749,16393.634606942884,8.031995890205508
5750,16429.027488638014,8.031921074155507
5751,16385.487220843126,8.033351605155506
5752,16369.55063370728,8.040156509555507
5753,16469.928996475533,8.042379597755506
5754,16465.904534408994,8.041565292485508
5755,16393.264570851075,8.041696148995507
5756,16446.718008310258,8.042141201455507
5757,16458.759560725513,8.043990734755507
5758,16480.587521518282,8.050319731055506
5759,16482.07567044816,8.053845543655507
5760,16461.002156586877,8.052780261055506
5761,16501.984017353385,8.055674198055506
5762,16535.086365266205,8.058333800855507
5763,16525.77954891429,8.060690583155505
5764,16515.851706681213,8.061997802855506
5765,16572.07496245476,8.061487167415507
5766,16608.550056359723,8.061601392415506
5767,16538.63222936851,8.064132215915507
5768,16519.506741710116,8.064759106815504
5769,16528.16983321004,8.068641272115507
5770,16488.676234182338,8.071082077415506
5771,16600.15299188713,8.078879810415506
5772,16609.00529073252,8.071639357115506
5773,16659.395780396408,8.078131790715506
5774,16600.016126265007,8.078373793865506
5775,16683.424799693268,8.076661579265506
5776,16812.407137946608,8.076896757715506
5777,16841.2217022978,8.077721605815505
5778,16881.35727072344,8.085471026815505
5779,16889.60203951954,8.084783978615505
5780,16886.161732637414,8.086707791515506
5781,16881.27130128066,8.093971815115506
5782,16887.773477091418,8.096030668515507
5783,16589.621254926344,8.131537092515508
5784,16566.538628444298,8.133362266515508
5785,16474.399483429086,8.135597075515507
5786,16520.32645516708,8.138171808015507
5787,16560.258154206123,8.131430617715509
5788,16584.101925229406,8.135163933215509
5789,16647.52014460325,8.135756173715507
5790,16694.090841393136,8.137557225715508
5791,16738.0496679756,8.138751073015507
5792,16761.226477113752,8.140194580015507
5793,16651.187198317813,8.141324605615509
5794,16698.43419935009,8.143683890915508
5795,16830.999912454667,8.141044054915508
5796,16882.75811192025,8.142502607415508
5797,16992.13900307918,8.145632181215507
5798,17051.739593325903,8.146186588515508
5799,17023.783100860768,8.144722922515507
5800,17046.55890873618,8.150842257115507
5801,17134.484957308086,8.156197118415507
5802,17147.851899718844,8.151920994115507
5803,17111.186345639017,8.152118487645508
5804,17112.962301296433,8.148933443645507
5805,17076.692171740287,8.147181564745507
5806,17103.34551045066,8.150908388045508
5807,17124.67499343734,8.156231413445507
5808,17111.44582016053,8.158651218145508
5809,17303.967278872315,8.158062583045506
5810,17284.532418003677,8.165551580745507
5811,17350.579425109387,8.168744499345507
5812,17393.728273976434,8.173590693345506
5813,17443.858339918486,8.178523267345508
5814,17394.68445213542,8.180165772645507
5815,17421.738601423764,8.180095662275507
5816,17442.129784776756,8.174175578975508
5817,17436.536170500152,8.181726528975506
5818,17472.00855925683,8.183688544175507
5819,17321.59637062831,8.186304373375506
5820,17328.284670294757,8.186709748475506
5821,17240.088911938154,8.189462685575506
5822,17218.843295248596,8.190725821175507
5823,17226.63328006447,8.193054350475506
5824,17331.617161941253,8.202144912475507
5825,17366.84208797993,8.200907973675506
5826,17012.144831206606,8.194318447675506
5827,16997.55169428538,8.199117668675505
5828,16978.004112094244,8.194905698675505
5829,16982.567366830248,8.193911638975507
5830,17006.90967281336,8.191190108775507
5831,17037.343335290632,8.191701205875507
5832,17022.34246509309,8.194643409875507
5833,17142.761176283286,8.197007097675506
5834,17385.502434540802,8.194424596075507
5835,17344.97721953969,8.193244674775507
5836,17383.149358543356,8.198924043775506
5837,17386.62772290571,8.197417131175506
5838,17408.745627583176,8.199416174375507
5839,17371.55835342071,8.205267966375505
5840,17444.877864386894,8.209706397375506
5841,17485.83369609467,8.210990702275506
5842,17604.944072262566,8.213020435075506
5843,17572.15034297834,8.213888269735506
5844,17625.071557003575,8.221257050435506
5845,17525.17490214012,8.223079789235506
5846,17558.336187053934,8.224595575835504
5847,17535.399583246926,8.226868204335506
5848,17513.843123649847,8.230084400235505
5849,17543.156435195986,8.233013609235506
5850,17595.847193272897,8.242266786235506
5851,17618.780436304092,8.243733938935506
5852,17587.222931243752,8.243447083575507
5853,17577.673114918867,8.245165795275506
5854,17602.970167319123,8.247648018175507
5855,17556.739571262948,8.249292426275506
5856,17514.73337585766,8.239791809275506
5857,17509.844874004888,8.240797058375506
5858,17485.702951258838,8.243306743575506
5859,17515.0535412277,8.249719696575507
5860,17531.851635318777,8.254890030275506
5861,17435.559490027474,8.256742559775507
5862,17468.917586026102,8.258036227975506
5863,17458.964922832012,8.264399508975504
5864,17457.625124063663,8.268839760975506
5865,17578.09730406211,8.279028483975505
5866,17511.49709083292,8.280400713875505
5867,17581.54783707001,8.280627131115505
5868,17614.78916583443,8.280911049215506
5869,17632.70105484173,8.281768171115505
5870,17706.132209159507,8.281123168885507
5871,17669.89813763267,8.280963778555506
5872,17580.107366363114,8.287610927155505
5873,17751.346472485606,8.293020150155506
5874,17769.528828750983,8.295803452155507
5875,17855.53965646487,8.296289368925507
5876,17924.933434713526,8.298850158125507
5877,18005.47191727917,8.308517829125506
5878,18003.372088534874,8.309220637385506
5879,18023.347067511615,8.303916660785507
5880,18024.454050404143,8.303562635535506
5881,18037.26945706088,8.304758836735505
5882,18098.388737401223,8.309996291235507
5883,18086.92930278129,8.311179885835505
5884,18136.084174060463,8.311226683339505
5885,18163.675844863443,8.315319468339506
5886,18217.305781568153,8.314633539039505
5887,18382.936924563084,8.313850478599505
5888,18425.901565185635,8.316297824799506
5889,18445.57636146078,8.314534746299506
5890,18435.847143340638,8.315773728999506
5891,18379.555179293533,8.312355617799506
5892,18402.20060901243,8.317491362799505
5893,18546.004771291366,8.315759905299505
5894,18565.033925451356,8.333910382299505
5895,18555.23116239944,8.334012724069506
5896,18604.552521757472,8.336383838769505
5897,18639.567841223103,8.335869848369505
5898,18669.355065429674,8.339424443369506
5899,18620.700299113003,8.340659123669504
5900,18608.961399430416,8.339249840969504
5901,18592.38996671074,8.343897966269505
5902,18533.443329782116,8.340115056469504
5903,18494.17350800808,8.341904020469505
5904,18526.83085803189,8.340492214569505
5905,18526.064999047445,8.343885350269504
5906,18529.49630843724,8.344133426369504
5907,18572.3949607573,8.345384220969503
5908,18564.25818614272,8.349847790269504
5909,18557.94390922625,8.350467678569505
5910,18544.241893707618,8.350271333799505
5911,18519.85138484238,8.350744630359504
5912,18532.24908710007,8.353058065359505
5913,18655.67986305596,8.354748122559505
5914,18708.25279458822,8.359840576259504
5915,18724.632885768013,8.361323707359503
5916,18700.870418491282,8.368118288359504
5917,18650.664273962586,8.368107507573505
5918,18687.58823242986,8.368319661463504
5919,18748.94779218568,8.374049740963503
5920,18805.582465046897,8.375307463563505
5921,18837.150217220948,8.373851578863505
5922,18830.966482437943,8.374671871723503
5923,18859.47048893947,8.378350952623503
5924,18849.359432692225,8.378794567583505
5925,18903.551985709306,8.379911314983504
5926,18919.701512098396,8.377342240483504
5927,18886.17958685123,8.384016116483505
5928,18958.710561977245,8.389573387183503
5929,18773.751713655995,8.381860392483503
5930,18838.267523682454,8.381762912288503
5931,18879.367689676867,8.386893738288503
5932,18849.47532792387,8.386838419066503
5933,18856.473502320325,8.387711101366502
5934,18833.996040953472,8.393463690966502
5935,18797.473261301235,8.396418798966504
5936,18897.989384818327,8.406302592966505
5937,18979.255539262347,8.413827159666504
5938,19031.105001632717,8.422114615666503
5939,18924.67207009734,8.428195123666503
5940,18979.015594458597,8.427283396696502
5941,18981.217746795053,8.426465889536503
5942,18666.65994334697,8.429322006536504
5943,18628.303933161962,8.430171562236504
5944,18664.125271192504,8.433647563536503
5945,18661.333745913107,8.437362678236504
5946,18457.974007470402,8.424942098236505
5947,18380.027404500852,8.416972477236506
5948,18272.187262231902,8.419719754236505
5949,18196.081239690895,8.420024975386504
5950,18275.05531650692,8.420055617994505
5951,18326.905124355373,8.420058724246305
5952,18188.98926203115,8.420857465246304
5953,18176.241396135123,8.409992093246306
5954,18107.78796428821,8.411342378646305
5955,18131.995775296615,8.418706356646304
5956,18130.06495527569,8.422666689646306
5957,18119.672689636925,8.423353484396305
5958,18080.712193420008,8.424827898496304
5959,18155.029380910048,8.424389042736305
5960,18157.468011659566,8.424283638761306
5961,18137.775745533538,8.428228639261306
5962,18179.501359459733,8.423458940561305
5963,18131.896835341122,8.421649764861305
5964,18123.04365131521,8.420443695561305
5965,17998.307932302912,8.423318798261306
5966,18004.306034545734,8.428734748661306
5967,18067.133977911875,8.433311500661304
5968,18037.12130662612,8.435407028661306
5969,18128.314275561952,8.440006988261306
5970,18332.994509597556,8.436180085561304
5971,18409.891552914374,8.435693036261306
5972,18369.729993406934,8.434926768861304
5973,18386.840885666206,8.436027100861304
5974,18388.201303384973,8.435767537801304
5975,18396.316628027846,8.439285708801304
5976,18454.79991118952,8.442891764401303
5977,18547.377492204007,8.452656637401304
5978,18550.655144877568,8.450250396001303
5979,18493.543057376482,8.454676340801303
5980,18480.1643691341,8.455049205481304
5981,18538.499382666396,8.455423360481305
5982,18604.91225159444,8.452659153681303
5983,18639.47558872605,8.450005261281305
5984,18631.974418077712,8.452712293581303
5985,18608.654361279627,8.453156657121305
5986,18601.797571789863,8.452360848021303
5987,18626.787371741826,8.460098483021303
5988,18646.910102484897,8.447582138021303
5989,18724.456901240716,8.449032980221304
5990,18773.892210592927,8.450897859721303
5991,18760.27113882656,8.456981110721303
5992,18727.696653861385,8.456339129021302
5993,18737.206694333934,8.450844670421302
5994,18733.141743532753,8.449473495021302
5995,18737.731056411056,8.446951021821302
5996,18641.59840888694,8.452940637821303
5997,18748.616999286045,8.460891424821302
5998,18800.910941798327,8.463677796721303
5999,18850.242185755924,8.464243132221302
6000,18871.08038579274,8.460070521621303
6001,18836.495577561334,8.461628669321303
6002,18788.738713373205,8.465526609321302
6003,18790.38403025811,8.472077784721304
6004,18834.870084062055,8.470979049321302
6005,18851.18234593968,8.471818934321302
6006,18879.84888838989,8.478297325921304
6007,18928.984941191953,8.484231078621303
6008,18986.12218445346,8.488297833621303
6009,19040.794344698428,8.493189798621302
6010,19017.628314656966,8.490176614821301
6011,19155.40812209952,8.488635748921302
6012,19078.85111995813,8.493578121321303
6013,19104.143655257783,8.498389637321303
6014,19144.343713839993,8.510099533321302
6015,19198.745119459498,8.510649329221302
6016,19227.38836470156,8.510306559121304
6017,19121.710879294737,8.498006011121303
6018,19212.830000167545,8.490344406821304
6019,19281.418592859853,8.492757197521303
6020,19363.387422156993,8.500553915521303
6021,19407.420659743475,8.505445550521303
6022,19477.863471756387,8.507743940521303
6023,19491.23178897751,8.507701673961304
6024,19562.731753273634,8.507582987991302
6025,19521.603445552548,8.507383909151303
6026,19512.426404584516,8.509689750451303
6027,19487.613601207722,8.509757099945302
6028,19525.421964673016,8.503510871245302
6029,19519.11344883893,8.507998305245302
6030,19789.47790082209,8.508208102185302
6031,19664.347852602306,8.5035552085853
6032,19659.796173338313,8.507345003885302
6033,19668.941416467467,8.506486642185301
6034,19677.60460132097,8.505694078885302
6035,19635.510045233135,8.507786262485302
6036,19673.281377717736,8.505487681285302
6037,19682.472124512216,8.508119050085302
6038,19675.901237478796,8.510136606285304
6039,19735.42240492391,8.514544127585303
6040,19734.789561606438,8.514127969205303
6041,19741.275491567936,8.519536915605304
6042,19653.42032075082,8.520814738305303
6043,19694.57265686728,8.528116767805303
6044,19853.80178001053,8.530134074705302
6045,19828.802956826716,8.537123461105303
6046,19858.456818624476,8.544143659405304
6047,19830.61909087524,8.543728343645302
6048,19708.09848031285,8.526355305645303
6049,19628.615594980725,8.529846620245303
6050,19670.165413140676,8.530569320145304
6051,19874.53296347722,8.508086645145303
6052,19942.50503880976,8.509697302845304
6053,19970.407816096613,8.517529124845304
6054,19929.503883612593,8.521486893845303
6055,19993.880525788503,8.521121728985303
6056,20014.916789274892,8.520298451125303
6057,20013.844003144983,8.517186150325303
6058,19988.132331833054,8.515477377725304
6059,19978.458678626517,8.514427167625303
6060,20002.723893207512,8.521813330025303
6061,19989.38853445018,8.523345609525304
6062,19998.953826667603,8.519142266525304
6063,20025.56959635935,8.505629126525303
6064,20091.561802335596,8.505946701725303
6065,20118.383924828973,8.512090644725303
6066,20078.100051795194,8.513169580925304
6067,20092.874506860513,8.514849925725303
6068,20158.668343132988,8.519005352725301
6069,20318.046766470125,8.521736476425303
6070,20268.89515603884,8.522853284325302
6071,20323.22444987526,8.523255528945302
6072,20326.57813065602,8.526588684945303
6073,20298.92661804641,8.523554405745301
6074,20284.172387891722,8.523367372515303
6075,20311.23926297937,8.525991005715301
6076,20335.44934820619,8.525739656855302
6077,20319.719497862454,8.528773694155301
6078,20445.350369839925,8.532036092155302
6079,20412.671480695706,8.531928531935304
6080,20402.40347419228,8.532507153685302
6081,20377.863865220872,8.533016503785301
6082,20440.405599814203,8.538017957785303
6083,20324.650826607445,8.538569622285301
6084,20393.161165711168,8.538046076385303
6085,20452.279940665667,8.536041042285301
6086,20477.90431382618,8.539663855885301
6087,20417.22798436691,8.536674795685302
6088,20457.057481915304,8.536740102265302
6089,20536.966021568864,8.536752138445301
6090,20703.02811365196,8.535448991045303
6091,20787.722450188732,8.533840877045304
6092,20860.659460944134,8.533668826575303
6093,20962.20115322317,8.525293510575302
6094,20973.920719509893,8.531700844575303
6095,20912.44670110556,8.534749672875304
6096,20960.186251352017,8.535759776875302
6097,20935.21970994836,8.538636375275303
6098,20940.31419622248,8.539943099975304
6099,20891.541888460728,8.543264124075304
6100,20932.13293846227,8.538336337075304
6101,20953.046856258654,8.541141046075303
6102,20956.40172527896,8.543938092075305
6103,20952.635459831217,8.548483526075303
6104,20928.819759880033,8.550361901875302
6105,20863.23145485504,8.552508582875303
6106,20933.36588205681,8.559926750175304
6107,20911.222998854108,8.560492083975303
6108,21009.620764948584,8.557149721375303
6109,21035.32980087854,8.557967662875303
6110,21152.979937677595,8.561206447875303
6111,21096.188491176348,8.561885478175302
6112,21107.719923069508,8.564397938075302
6113,21172.485837710898,8.566039184775303
6114,21218.862626581435,8.568937230575305
6115,21274.546519649542,8.568889855505304
6116,21325.868759123703,8.563757557505303
6117,21270.80772676132,8.566936341005302
6118,21369.483110159807,8.569617821705304
6119,21485.833278415896,8.571583049005303
6120,21499.547051105994,8.573426771805304
6121,21438.262663185324,8.572160183005304
6122,21566.408506205706,8.574442254205303
6123,21703.15087143936,8.578182043605302
6124,21631.371057409513,8.573285463405304
6125,21744.546650358334,8.566608179005303
6126,21811.85616389775,8.566099521465304
6127,21800.18730289209,8.558673459465304
6128,21839.547652248417,8.559000494725304
6129,21886.13213901551,8.561245723925303
6130,21984.05152587848,8.564163196925303
6131,21958.126916655983,8.568867420925303
6132,21848.5751425773,8.572624313825303
6133,21819.851517806903,8.571312129425303
6134,21800.77024312332,8.573877002425302
6135,21765.665456915944,8.574690957025304
6136,21722.315290341976,8.575911180525303
6137,21644.754568870467,8.572924521025303
6138,21670.20997988258,8.569019687025303
6139,21728.359461617114,8.574305341025301
6140,21754.00275431876,8.573860150585302
6141,21701.3824756444,8.575434835085304
6142,21654.631849269284,8.575673256685302
6143,21603.769926383622,8.576342313885302
6144,21663.20242458309,8.578319600885301
6145,21685.732999969554,8.575808808085302
6146,21683.919488910826,8.577838546485303
6147,21914.835060343194,8.578933359385303
6148,21852.626691309313,8.579001908395302
6149,21820.054304485097,8.578803187815302
6150,21822.04701483484,8.584763074815303
6151,21903.08692672329,8.5866079692153
6152,21858.58763844528,8.584445956915301
6153,21930.857971978454,8.583632425715301
6154,21893.493748608314,8.5848232143153
6155,21849.200371168743,8.5842298583153
6156,21912.83258398091,8.5894380060153
6157,22122.68069374441,8.5862833138153
6158,22155.57828801355,8.5876433960153
6159,22191.15400078668,8.5919989956153
6160,22260.952980309783,8.5995279931153
6161,22263.99281539441,8.5996140211553
6162,22391.688066412662,8.5991159622953
6163,22416.433962822324,8.6007999092953
6164,22457.96540111994,8.5993378729953
6165,22402.405838764746,8.5956752611953
6166,22379.442850803956,8.5954501673053
6167,22463.3690579864,8.5948896799053
6168,22590.957885305485,8.5922401207053
6169,22657.180287303432,8.6002545617053
6170,22666.475903037135,8.599357875945302
6171,22755.517338854323,8.601837329545301
6172,22696.61908313975,8.6021787910453
6173,22640.512058002623,8.596479719045302
6174,22655.592331411528,8.601171170045301
6175,22703.448976088508,8.604737402045302
6176,22671.11556635472,8.608969598645302
6177,22772.302694959642,8.609577906015302
6178,22810.774888083746,8.616502569715301
6179,22834.900008415494,8.619249497715302
6180,22913.095764649144,8.620318782915302
6181,23080.7280878288,8.6208915671153
6182,23006.564021391205,8.626276271715302
6183,22999.03539341227,8.624778701415302
6184,23095.843724357033,8.625662256115302
6185,23107.700696323256,8.626410360765302
6186,23108.14322762437,8.626218582505302
6187,23035.477861877487,8.626869592505301
6188,23048.02590401966,8.625484726905302
6189,23064.472280867747,8.6281471882053
6190,22925.210865458124,8.6290300848053
6191,22958.794414923683,8.631984297505301
6192,22932.769519432237,8.632748304505302
6193,22928.542846269836,8.634363433505301
6194,22972.90923733493,8.636616161705302
6195,22951.065226046685,8.636293916265302
6196,22944.907432984004,8.635738018565302
6197,22957.698002109453,8.638269573365303
6198,22890.453290735106,8.638245794546302
6199,22861.61986459499,8.640677857046303
6200,22857.109868027695,8.642513255046302
6201,22909.23564422439,8.6507070110463
6202,22899.166593697784,8.650805159626302
6203,22970.580287284058,8.657981961226302
6204,23308.68600429669,8.656607070326302
6205,23287.454443875245,8.6599858232263
6206,23335.5136159319,8.659925707722302
6207,23302.684092938805,8.6617249484223
6208,23412.24874621772,8.671618045422301
6209,23404.994072300375,8.673291406822301
6210,23477.767524634302,8.671172961122302
6211,23432.781163858395,8.667593823722301
6212,23433.844298009226,8.670772175322302
6213,23445.790517981302,8.6706874018023
6214,23387.97070627643,8.6651149123023
6215,23448.788818044188,8.6707929546023
6216,23411.519993111666,8.6728853242023
6217,23208.495081027722,8.6762578400023
6218,23204.972125468823,8.6771136155523
6219,23191.07341691488,8.6767718867823
6220,23132.970065583966,8.6757840575823
6221,23157.831503413283,8.6753550446223
6222,23216.774309835902,8.6820419682223
6223,23304.619275183766,8.688913619622301
6224,23353.02138004329,8.694351080622301
6225,23267.465577857663,8.6954586775223
6226,23343.535378228673,8.7015700158223
6227,23272.001698191456,8.701626478388299
6228,23551.56464743157,8.7010897276183
6229,23667.252029069008,8.7002353664183
6230,23637.677577670445,8.6987090810183
6231,23711.39204630795,8.6979683381183
6232,23736.28090577391,8.6962548854183
6233,23869.657140360774,8.6980546273183
6234,23822.41110447969,8.6985290316183
6235,23918.989646156966,8.703287798618302
6236,24259.946089212724,8.701415971918301
6237,24241.64513891175,8.7021517011183
6238,24291.039129617493,8.7027924651183
6239,24273.739553159336,8.7026305451183
6240,24297.5768071826,8.7070946168183
6241,24197.97212992854,8.7108047758183
6242,24174.07844971794,8.712851533418299
6243,24155.501693959817,8.7160037600183
6244,24305.286819748842,8.711639352018299
6245,24345.110638457358,8.7175407846183
6246,24108.83152863154,8.7099348946183
6247,23732.701185753493,8.7219910266183
6248,23810.613275222742,8.7213837137183
6249,23807.783788472545,8.723149313118299
6250,23920.331317560376,8.7220019981183
6251,23959.161832453054,8.7252606800183
6252,24346.630907034676,8.737188546018299
6253,24386.442442419302,8.7423877865183
6254,24342.358785094762,8.7417357292783
6255,24452.264345139072,8.740443141478298
6256,24537.05231989752,8.7371695984783
6257,24604.66602256615,8.738708837078299
6258,24775.930884790778,8.740093613278301
6259,24803.311868540488,8.743985345778299
6260,24848.964983264268,8.7488176940783
6261,24822.2012241316,8.752210524778299
6262,24901.470710269932,8.7525977973383
6263,24953.894451798024,8.7532824032383
6264,24904.47448657707,8.7545508325383
6265,24962.259912861762,8.7576415119383
6266,25030.791333677465,8.7607614933383
6267,25053.4765571384,8.7663163903383
6268,25011.66815976201,8.7651198933383
6269,25114.001591694065,8.7661032887383
6270,24990.450448095547,8.7669831558383
6271,25012.49841894761,8.7696427118383
6272,25139.64103295211,8.771836921138298
6273,25214.72810524744,8.771357361288299
6274,25230.312355400787,8.7748053639883
6275,25159.430891120646,8.7620158219883
6276,25166.969323843732,8.7641576755883
6277,25143.042435038056,8.7639189478983
6278,24972.227946502797,8.7490133678983
6279,24961.359884066,8.7487122299983
6280,24966.639854186884,8.7553311059983
6281,24885.620176776527,8.7541218111983
6282,24939.011503411573,8.757968916398301
6283,24862.526946836177,8.7585083938483
6284,24783.71652297756,8.757069847948301
6285,24827.81502499814,8.7568186513083
6286,24783.103526583214,8.7645014576083
6287,24844.767843540678,8.7677624238083
6288,24869.429023456712,8.767129209678302
6289,24860.932268631477,8.770802744978301
6290,24878.732082070786,8.7751421875783
6291,24686.25620893347,8.7659857645783
6292,24795.78838220757,8.7656240081783
6293,24873.283894468746,8.767518516778301
6294,24911.973665734495,8.772930478378301
6295,24940.33885498026,8.779683599378302
6296,25051.315718671063,8.783419814578302
6297,24908.50526479666,8.785305280778301
6298,24891.452676670408,8.792855632778302
6299,24908.519969157478,8.793031067508302
6300,24962.02146491537,8.795288635808301
6301,24977.509076247214,8.7936758756083
6302,25056.375531182453,8.796227173608301
6303,25029.808489231033,8.798032747808302
6304,25046.246218494805,8.804468731808303
6305,24857.51140728891,8.787318957808303
6306,24850.728514039412,8.7873276077873
6307,24606.80688413026,8.790083809787301
6308,24633.583105851074,8.793493853487302
6309,24555.666895272036,8.793599162482302
6310,24597.824061742274,8.7951569113823
6311,24491.093955551427,8.7922390223823
6312,24341.10368764351,8.794953338082301
6313,24361.445947189375,8.7931145250823
6314,24368.74637507155,8.7936769304123
6315,24324.578395108558,8.7892569604123
6316,24380.880351291897,8.7899959881123
6317,24399.50674654871,8.7893565992123
6318,24392.427595658806,8.7884405205123
6319,24325.737478990894,8.7885351977623
6320,24336.8866796542,8.790680649462299
6321,24308.72398328104,8.7947524784623
6322,24441.8780453356,8.7985290222623
6323,24413.8275586389,8.7934259222623
6324,24376.222005000734,8.7983269552623
6325,24368.827900739205,8.797884460882301
6326,24374.18680581897,8.7969599797823
6327,24346.2510262758,8.7964215536823
6328,24320.866251827247,8.7998671946823
6329,24349.133339146152,8.8005135720123
6330,24362.741787319457,8.801508951212298
6331,24387.729326237557,8.799791213412298
6332,24468.435914478217,8.796207178012299
6333,24397.570129420943,8.785544824012298
6334,24443.66066240454,8.787368603412299
6335,24440.828012553007,8.787319076492299
6336,24442.33179645398,8.787006743762298
6337,24462.283788368375,8.787118961192299
6338,24518.22970165895,8.785212512592299
6339,24560.27467507898,8.784690876492299
6340,24490.33471981855,8.7838604176923
6341,24494.28345150925,8.787206632892298
6342,24370.654409921503,8.788804904192297
6343,24255.20907731928,8.793187842192298
6344,24613.56332214971,8.792510827262298
6345,24660.600265011628,8.792489004192298
6346,24589.16426676011,8.794962675892297
6347,24540.380441860256,8.794774349512299
6348,24484.71153363254,8.797546076512297
6349,24398.27032852118,8.795539495212298
6350,24396.632652449276,8.799488054212297
6351,24344.333798403597,8.801521722812298
6352,24389.35719284145,8.802099262512298
6353,24434.56908324553,8.8079805920123
6354,24451.273849702997,8.8082082509323
6355,24501.272518667556,8.8067999207323
6356,24475.10862654768,8.8081534629323
6357,24456.34970891099,8.8047897369323
6358,24493.644712875794,8.8049675842123
6359,24414.941180128008,8.804238338262298
6360,24443.581664008063,8.8038401462023
6361,24508.941332575872,8.802746070102298
6362,24713.734345500736,8.804937852302299
6363,24724.112615532133,8.803549940502299
6364,24823.2867548651,8.808142647902297
6365,24874.766888039336,8.8094485256023
6366,24909.8769498831,8.8092138057423
6367,24958.347044302933,8.8119513229423
6368,24900.541897743275,8.812607001042299
6369,24984.872831914217,8.818270132042299
6370,25180.181956404213,8.816762582842298
6371,25280.754539147307,8.819985135842298
6372,25281.074604319932,8.823459565342297
6373,25323.221467506108,8.826208512042298
6374,25395.059465999013,8.829386089642298
6375,25332.627634707856,8.823680038642298
6376,25351.252129346376,8.825798219142298
6377,25372.071544745264,8.828981191042299
6378,25367.981934453568,8.831626943642298
6379,25355.15265471181,8.832554326742297
6380,25370.490975403598,8.8375740707423
6381,25317.477444408916,8.840110273742297
6382,25566.652411861473,8.850418526742299
6383,25530.911057592562,8.851160764542298
6384,25660.877819840454,8.850885706712297
6385,25729.895298862084,8.850731549402298
6386,25782.705224547783,8.856833596402298
6387,25841.643096425018,8.862966629402298
6388,25787.969776307287,8.862605891002298
6389,25689.35377673037,8.863648235802298
6390,25588.031137721235,8.864384488442298
6391,25647.006367917373,8.857752121742298
6392,25756.490239920317,8.859413037342298
6393,25713.687960203275,8.858177811442298
6394,25607.27095231542,8.861821914642299
6395,25661.023072342337,8.862699247142299
6396,25774.520314712994,8.864761335042298
6397,25720.68093474369,8.867011485542298
6398,25727.626971300127,8.871978022042297
6399,25633.30315410882,8.872356746942298
6400,25731.60143744456,8.876423349942296
6401,25775.290670649014,8.879196819942297
6402,25797.887905096388,8.883432621942298
6403,25852.02888246878,8.882908700942298
6404,25874.96324956193,8.882184436042298
6405,25821.966281796493,8.883204811242297
6406,25752.140591498952,8.8844940926423
6407,25749.039963725914,8.883784549292297
6408,25809.98539474,8.882174000792297
6409,25886.03384822698,8.883754009092298
6410,25850.175191364087,8.884424314792298
6411,25847.584038305868,8.888464951792297
6412,25861.744197812324,8.887867219792298
6413,25986.065036610835,8.897726027792299
6414,26009.877646917193,8.898125210752298
6415,26039.09283883099,8.898216017282298
6416,26012.172585694403,8.899264170382299
6417,25976.55938523776,8.902013496582299
6418,26015.779438816266,8.907225979582298
6419,26170.529887930297,8.9108212197823
6420,26139.97349389656,8.911301387812298
6421,26138.564233554356,8.915211535412299
6422,26340.998238907185,8.914773232742299
6423,26401.42449413544,8.9228383047423
6424,26539.230958790784,8.926607394742298
6425,26720.172017214874,8.924846421242298
6426,26617.74834468707,8.9144326352423
6427,26673.485286865536,8.919042452242298
6428,26666.42612391129,8.9202139341423
6429,26795.287681524023,8.927146064642299
6430,26789.75826892699,8.923498489442299
6431,26775.400508282364,8.921981763142298
6432,26869.018787073517,8.9221551716923
6433,26865.549047465673,8.9248646614923
6434,26847.040532521743,8.9249331373323
6435,26850.001817632347,8.923601117632298
6436,26909.159704372083,8.922949732932299
6437,26983.48546748237,8.9208212317323
6438,26927.614204519246,8.926029620132299
6439,26876.752440891247,8.928056769432299
6440,26961.57954073502,8.9285868932323
6441,26934.40121705636,8.9288951425523
6442,26948.441634783558,8.930232542952298
6443,26925.97703925346,8.9277013339523
6444,26793.614052064127,8.928374735452298
6445,26757.452107125348,8.906537525452299
6446,26802.99548472275,8.907861865952299
6447,26802.801230951078,8.910497430652299
6448,26863.33660118116,8.916008339252299
6449,26761.622767821296,8.914402670752299
6450,26891.366420060105,8.918176308052299
6451,26849.395814039777,8.917480567012298
6452,26734.812231638552,8.908085019012299
6453,26700.73133196767,8.910656655312298
6454,26737.123950830053,8.9159973591123
6455,26733.032713393386,8.9233394094123
6456,26695.779320710855,8.9227481874523
6457,26714.725484546,8.9219566292523
6458,26745.364189125983,8.921055449952298
6459,26683.168029247183,8.9230192572523
6460,26714.343239237915,8.925639972252299
6461,26682.338625221233,8.925096595252299
6462,26857.456041006135,8.928772691452298
6463,26898.28519151344,8.936068606452299
6464,26963.06675258583,8.9407510057523
6465,26886.179464621626,8.9428448293523
6466,26805.984110573107,8.9455933023523
6467,26790.946297675913,8.946203393752299
6468,26739.96938523649,8.9473043552523
6469,26674.38989108888,8.948620495552298
6470,26433.282694953537,8.9380535435523
6471,26411.379513883574,8.9363511283523
6472,26481.377466234597,8.930290454052301
6473,26570.72052289982,8.932580535552301
6474,26528.706455877982,8.9368610058523
6475,26658.224330863934,8.9411628338523
6476,26523.06833312655,8.942736793652301
6477,26379.557474128076,8.9438208443523
6478,26391.537669433503,8.9445712834223
6479,26366.97881028376,8.9451024286823
6480,26238.44935979693,8.9465073612823
6481,26116.832651422657,8.9460486449523
6482,26225.080505857022,8.950134324952302
6483,26266.20666137126,8.958266449952301
6484,26199.245860882394,8.9559583632523
6485,26319.75096897126,8.956684622682301
6486,26393.02143668806,8.9624904833823
6487,26432.452779629813,8.9655167571823
6488,26311.49201827869,8.9620891343823
6489,26294.64297286448,8.9654205958823
6490,26331.87705240781,8.969742584582301
6491,26365.872277206465,8.9706001802823
6492,26421.11125010944,8.973869294282302
6493,26381.08825751344,8.979974267882302
6494,26263.842217139067,8.977084662382302
6495,26411.07841443695,8.978505290382301
6496,26406.307051604854,8.980415746182302
6497,26454.30648249654,8.979373561482301
6498,26546.204423228486,8.985055403082303
6499,26519.67420758418,8.979398175882302
6500,26637.44393306302,8.979083275722301
6501,26543.645299296946,8.9802218767223
6502,26645.284675728133,8.984998405722301
6503,26646.113752820216,8.991166435722302
6504,26678.670328996723,8.991877605282301
6505,26738.917596339204,8.9962560352823
6506,26791.47497103254,8.999706391282302
6507,26675.265381044406,9.001144642282302
6508,26747.187578343222,9.005549789682302
6509,26680.76418510098,9.0067190007823
6510,26669.656607305562,9.001444672782302
6511,26656.557372080966,8.9990479337823
6512,26600.701696250228,9.0002151794823
6513,26621.77157871976,9.004283557482301
6514,26659.157001090935,9.0081825419823
6515,26716.839499071662,8.993302281982302
6516,26781.215594023444,9.0016665549823
6517,26786.340975832896,9.0030087975823
6518,26720.599510967513,9.005456633582302
6519,26298.46870904083,9.0037142683823
6520,26316.233646547043,9.0021376442823
6521,26331.33972072218,9.005661652982301
6522,26354.23715883232,9.004082163282302
6523,26360.379229906932,8.999634941482302
6524,26311.219611062956,9.001173041482302
6525,26307.721878303306,9.005247690882301
6526,26267.46822259554,9.008930469882301
6527,26347.679929468402,9.013240892882301
6528,26334.708140902832,9.013522224982301
6529,26262.564458130557,9.0121813004823
6530,26352.446283376587,9.012428161212302
6531,26255.836681589353,9.0098133436123
6532,26261.504336598522,9.008689647212302
6533,26424.857235725463,9.008080923712303
6534,26423.495221607922,9.0116067597123
6535,26484.641514818304,9.011985656892302
6536,26589.77777103831,9.013557491692302
6537,26612.789711804377,9.024889348692302
6538,26551.050110148033,9.024190960952302
6539,26498.37128676859,9.026334000052302
6540,26619.93303141798,9.0341580800523
6541,26666.091606643437,9.040780914052302
6542,26662.36301771793,9.0412595047123
6543,26608.602967282797,9.042627289912302
6544,26598.871325754622,9.044586258312302
6545,26435.693035425633,9.0473088616123
6546,26573.212277231018,9.056422008612302
6547,26658.83502296136,9.061230686912301
6548,26668.142865369355,9.062789318712301
6549,26668.178400397708,9.0631496178123
6550,26601.810824898806,9.0646827246123
6551,26719.97185219599,9.0659257890123
6552,26679.123946394688,9.067965395012301
6553,26302.18644968711,9.067570684932301
6554,26326.11497164868,9.068239644532301
6555,26360.702210967986,9.0706530075323
6556,26298.30934696436,9.0642590198323
6557,26329.6485714734,9.068893517532299
6558,26316.099467283246,9.0656452785323
6559,26430.60581612429,9.065884144782299
6560,26429.114377846945,9.0721601787823
6561,26476.137290724215,9.070668976082299
6562,26414.36692680899,9.0642171425823
6563,26246.003249712117,9.066080549882301
6564,26204.678017357535,9.0672099237823
6565,26296.218719497796,9.068278218682298
6566,26331.157895238117,9.0665000888823
6567,26431.302740431394,9.0659882968823
6568,26409.46859188652,9.0653390390823
6569,26345.825770973617,9.0621867587823
6570,26525.50752219157,9.0649345431823
6571,26561.3038166101,9.066408585182298
6572,26520.52808496886,9.067212475822299
6573,26546.895451700035,9.0688204430223
6574,26551.36152538491,9.0692944129923
6575,26496.765925481013,9.0677947564923
6576,26465.84077361414,9.073385011892299
6577,26356.390164296627,9.072338586392299
6578,26325.48548878062,9.068845173992298
6579,26349.617377655326,9.0714926932923
6580,26264.351349111872,9.073293117792298
6581,26252.948359497997,9.073997965362299
6582,26292.685696358112,9.074807399232299
6583,26216.641846177336,9.078020058432298
6584,26212.924402653975,9.075859856932297
6585,26243.425816536044,9.075119620682297
6586,26235.33630834613,9.073991632582297
6587,26276.180122676702,9.074964682012297
6588,26124.03360360743,9.081897195312298
6589,26185.52477188814,9.083829070512298
6590,26224.873416932485,9.082493408312297
6591,26244.214831206224,9.080931056512298
6592,26252.72955045588,9.083004095812298
6593,26324.24916324758,9.085691922612298
6594,26307.68722240015,9.088346165612297
6595,26398.208112163946,9.086831425012297
6596,26431.639417995437,9.084653304012297
6597,26672.81768718708,9.094575750012297
6598,26731.537220503134,9.099442203012298
6599,26634.90103738363,9.094815746412298
6600,26223.300884803914,9.088353112812298
6601,26263.0005130872,9.091405836612298
6602,26335.69463120809,9.098694582212298
6603,26162.017930561327,9.103999227512297
6604,26253.462931807433,9.103324349382298
6605,26320.216333460496,9.108950850882298
6606,26250.266055198957,9.111932860282298
6607,26379.871688045263,9.113025922382299
6608,26455.332674848283,9.119103299982298
6609,26630.417124726886,9.119334868912297
6610,26574.685536354853,9.122821993912298
6611,26563.78275473593,9.1193494746123
6612,26603.95258670899,9.1220446162123
6613,26670.459289003433,9.1245135996123
6614,26644.46974067542,9.126256511812299
6615,26639.566312014776,9.123752921412299
6616,26589.150226820777,9.1274696577123
6617,26611.828041258526,9.1291480136123
6618,26564.3821323857,9.129305455112299
6619,26708.000591595508,9.1303796607123
6620,26817.013115254187,9.1313779988123
6621,27005.602376229333,9.1190727223123
6622,26986.85148991352,9.122807528912299
6623,27128.134701031453,9.1201082404123
6624,27077.02290797886,9.123901345712298
6625,27091.35408465689,9.127025573712299
6626,27108.356217528377,9.1292243995123
6627,27101.80210310748,9.129533095842298
6628,27172.04333421722,9.131378906842299
6629,27128.62220517881,9.131462808267298
6630,27136.74344986862,9.137740101267298
6631,27067.132340699198,9.142889654267298
6632,26800.14109167238,9.138082409767298
6633,26913.798005669083,9.140410623967298
6634,26970.33926341436,9.143176784267299
6635,26902.170937998104,9.147323555267299
6636,26910.52750824245,9.148892456667298
6637,27023.229497120687,9.156358974067299
6638,27101.02242987291,9.157444412567298
6639,27066.015356254484,9.156485272067298
6640,27147.054611424355,9.158368730667299
6641,27094.693823130947,9.160095438567298
6642,27107.943625056196,9.1606110112673
6643,26854.7121402122,9.160046441307298
6644,26834.558884527545,9.165311864307299
6645,26781.22329080741,9.1703426763073
6646,26788.692911426628,9.1696738016073
6647,26797.493165281026,9.175854414907299
6648,26741.003307398052,9.175752416717298
6649,26785.91847794798,9.176674718847298
6650,26796.496744212363,9.174351163047298
6651,26894.241181175814,9.1789650480473
6652,26981.984250839254,9.176402840647299
6653,27011.223159351946,9.174686888247301
6654,27113.309316735707,9.1761445655473
6655,27160.92816702358,9.1816336165473
6656,27164.13339637828,9.1769675145473
6657,27231.68316131176,9.178179153347301
6658,27447.17071073751,9.1862404023473
6659,27460.744991718366,9.188482532347301
6660,27474.14746699179,9.1906119973473
6661,27528.96448220694,9.1900773358873
6662,27540.1244006674,9.1921633170873
6663,27504.665912158925,9.1937257400873
6664,27607.532840081753,9.1995645044873
6665,27621.106448850238,9.2058014604873
6666,27671.05825312426,9.2103786924873
6667,27576.660145198024,9.209785374587302
6668,27608.916139889294,9.208675823987301
6669,27571.210949576016,9.2182484579873
6670,27637.665480902037,9.227872938987302
6671,27739.424620782534,9.231511940387302
6672,27709.944430761214,9.2339755882873
6673,27747.383342223602,9.235977035887302
6674,27827.74858805058,9.2425146448873
6675,27854.2047208246,9.238250343287302
6676,27878.204210008313,9.245781334287301
6677,28109.181571753405,9.243667019687301
6678,28245.407281114272,9.2431734409573
6679,27994.954802826116,9.2348115359573
6680,27990.751671386417,9.2357912933573
6681,27973.69133147503,9.2349107549873
6682,28028.369620493868,9.2330134379873
6683,27924.78083049012,9.234913938387301
6684,28138.482615862365,9.238571752987301
6685,28024.358501791987,9.2405400694873
6686,28016.26772236464,9.2427354328873
6687,28040.152780168686,9.2476630358873
6688,27991.126303109988,9.2577830758873
6689,28048.471843929008,9.2562530270873
6690,28186.413908704868,9.2588335875873
6691,28299.80390576164,9.2526734615873
6692,28514.25418809853,9.255001927987301
6693,28518.091258328153,9.2556204382273
6694,28479.464424853093,9.2584434718273
6695,28420.3571476045,9.2508742621273
6696,28399.767037661375,9.251168391987301
6697,28386.605336026372,9.2508839401873
6698,28447.516053391137,9.251012187337302
6699,28368.993984958368,9.253179419637302
6700,28396.656920073434,9.2536520435373
6701,28270.974264993525,9.255265640237301
6702,28383.93207350828,9.257926890537302
6703,28435.299114020178,9.256735735737301
6704,28237.212763673204,9.256438557247302
6705,28290.278121798474,9.258088125847301
6706,28310.953812424843,9.255401371547302
6707,28439.953551110724,9.254224169447301
6708,28309.439549813666,9.252594582647301
6709,28360.752628457765,9.254872999347302
6710,28225.301418657476,9.259658823347301
6711,28211.393126186747,9.261036718147302
6712,28138.929217672692,9.256664988147303
6713,28099.071482459596,9.258749968647303
6714,28180.974009738027,9.258994665767304
6715,28240.020017991792,9.257523201467304
6716,28298.599404171902,9.263923710467303
6717,28278.76782211568,9.264520932127303
6718,28271.33509582248,9.262771892127303
6719,28512.297452196533,9.250509499127302
6720,28570.479503816,9.256105630727301
6721,28617.306905424226,9.256893439027301
6722,28515.82793192611,9.256726603067303
6723,28613.79043157293,9.253545709967302
6724,28664.61011716753,9.258096437967303
6725,28631.98969912744,9.256619879667301
6726,28614.381181506822,9.254917893167303
6727,28453.727426611742,9.260994430167303
6728,28360.094540902155,9.253325569167302
6729,28406.376181774125,9.244256283167303
6730,28518.683241479033,9.248749513167303
6731,28430.439927566378,9.249454746467302
6732,28372.120938581727,9.252413837467302
6733,28189.108518794903,9.247704939467303
6734,28276.914011814162,9.249675788667304
6735,28275.550644363855,9.249086624567303
6736,28371.713343442647,9.246265071967303
6737,28330.666848042983,9.248981981167303
6738,28408.610575304654,9.249655793517302
6739,28497.3075500449,9.254819638517302
6740,28559.469023375812,9.254470422387303
6741,28604.198729530715,9.257347993087302
6742,28658.47841459236,9.258842014987302
6743,28734.465731024582,9.259586404237304
6744,28770.5376460241,9.260507484477303
6745,28762.88388203849,9.265046727877303
6746,28626.788425466453,9.252784787877303
6747,28706.076671157818,9.259912388577302
6748,28890.32916763004,9.260326816497303
6749,29012.07041461281,9.261148935447302
6750,29026.653012673938,9.264985170947302
6751,29131.586810261604,9.266391633447302
6752,29203.866122507327,9.272114757447303
6753,29088.89631315237,9.266916888447303
6754,29033.278573203905,9.266871186062303
6755,29012.519026191152,9.268638408562303
6756,29041.697514233685,9.262473347562302
6757,28763.526319348595,9.258551996562304
6758,28759.0024336362,9.261968019762303
6759,28691.128976325534,9.256218320062302
6760,28481.959313092175,9.254157536762303
6761,28546.672440861097,9.255013076462303
6762,28650.495923477683,9.253972199062304
6763,28713.390208391298,9.261796600062302
6764,28802.518432225832,9.265550986462301
6765,28756.42933349103,9.264974492462303
6766,28738.405791080582,9.260947882462302
6767,28774.32284946943,9.261750480862302
6768,28863.627813314586,9.269172568062302
6769,29123.472132022274,9.268564073762303
6770,29071.184112267692,9.268693615992301
6771,29094.145527714056,9.276683388992303
6772,29028.3670046838,9.273495044592302
6773,28982.258781959066,9.265783752392302
6774,28996.830116852998,9.271918075392303
6775,29072.819897082096,9.272487498932303
6776,29157.28368092255,9.273161014132302
6777,29211.53714308865,9.280571890132304
6778,29231.206205816285,9.281567575232303
6779,29430.744031768776,9.286189320832303
6780,29425.867745085612,9.289323431832303
6781,29443.685832764382,9.289356327630303
6782,29552.292530753053,9.289750962390304
6783,29478.860819914113,9.286806605590304
6784,29535.01753389598,9.287320026090303
6785,29491.029496461837,9.283382774690303
6786,29536.984388623994,9.286259153990304
6787,29463.57107049862,9.287326714890304
6788,29464.00426718199,9.289250128090304
6789,29537.001779714,9.295317357090305
6790,29539.93589863201,9.294983393630304
6791,29666.871460911098,9.297778269630303
6792,29844.716493598324,9.300238856630305
6793,29862.179634032258,9.304541450030303
6794,29714.237020932927,9.305876426230304
6795,29716.291192286713,9.305664571680303
6796,29662.694663648494,9.308502746680304
6797,29769.454320591718,9.300129214680304
6798,29755.740598732682,9.298090332380305
6799,29787.63738091488,9.299360069180304
6800,29656.19420919876,9.301227490480304
6801,29446.716732403867,9.305673613780304
6802,29528.84463539293,9.306883625580305
6803,29567.0681361216,9.310089493980303
6804,29566.70459438317,9.309749011910304
6805,29553.00353485566,9.311536242710304
6806,29608.045968475722,9.311236347730304
6807,29599.50357940669,9.312265014730304
6808,29521.518382995702,9.312755904380303
6809,29536.897003949736,9.310569293080302
6810,29178.137422405216,9.306982979080303
6811,29324.33456749459,9.307991522780304
6812,29301.925306896628,9.308126061080305
6813,29323.71790180685,9.309597894480305
6814,29325.22949976037,9.306943326880305
6815,29229.233003225105,9.306148784180305
6816,29256.803845543734,9.304654766280304
6817,29346.822510800284,9.305041923680305
6818,29393.740423409065,9.311340237680305
6819,29455.265269817166,9.307239614180304
6820,29421.761902639733,9.306210186180305
6821,29522.83134200188,9.307790566980305
6822,29577.68985237144,9.307706268580304
6823,29599.24518658826,9.306242754780305
6824,29661.43048943443,9.305984882650305
6825,29752.198568907937,9.306425940720306
6826,29737.533421636992,9.310745612220305
6827,30017.36304612146,9.306489289220305
6828,29998.905173270847,9.307135461820305
6829,29969.718056470905,9.310833964020304
6830,30132.372119872314,9.320493958020304
6831,30165.497992500437,9.322211410820305
6832,30208.591530033787,9.321759556770306
6833,30271.088302743374,9.321990410390306
6834,30388.149386150202,9.325509421090306
6835,30499.375549624332,9.326444689590305
6836,30451.14123553342,9.328944342590304
6837,30423.78579568433,9.329201165290305
6838,30325.530557869384,9.322969617990307
6839,30284.454848105124,9.325855688590305
6840,30272.544078008956,9.322967043290305
6841,30386.134788540476,9.324941987990305
6842,30791.465407137028,9.329808712990307
6843,30836.917203441975,9.331051265090306
6844,30834.704775204973,9.333288173390304
6845,30831.123457605434,9.334879590490306
6846,30909.37790832819,9.337417505490304
6847,30935.920335143124,9.338455243190305
6848,31000.36074506214,9.332487315590305
6849,31025.9656976219,9.333584471790305
6850,31074.198446713664,9.340224309590305
6851,31439.186628335032,9.320199649590304
6852,31572.030597508925,9.320232026234304
6853,31698.058209602892,9.321073650234304
6854,31701.923295086934,9.321615118534304
6855,31651.733796055967,9.324120552934303
6856,31736.108823030903,9.323704131054305
6857,31773.14003496523,9.322092312754304
6858,31857.38848570262,9.323215218654305
6859,31798.81138481543,9.327443638254305
6860,31845.054650457623,9.328576301554305
6861,31987.338354635867,9.332528062954305
6862,32141.75902183382,9.333561627054305
6863,31986.576134360963,9.335377129854304
6864,32133.39339928752,9.337937276754305
6865,32076.87440422499,9.337722821074305
6866,32094.889629172954,9.341852271074305
6867,32000.874919496786,9.344793117174305
6868,31899.1465957949,9.346103905374303
6869,31841.02660270062,9.349388299874303
6870,31937.669827535887,9.351186950974302
6871,32086.297714484914,9.350042443274303
6872,32003.164196298778,9.352892064274304
6873,32072.890085392104,9.352955332134304
6874,32089.249454404246,9.352749342764302
6875,32115.794074325342,9.359540225164302
6876,32124.6023190103,9.365937703864303
6877,32393.26409465805,9.365267773264303
6878,32246.175427022663,9.368752527364302
6879,32252.521039023337,9.373396665364302
6880,32125.207482627426,9.371521634464301
6881,32232.874742853048,9.372686623764302
6882,32166.396479036892,9.371799697364303
6883,32429.072065477783,9.376471203364304
6884,32524.87229846117,9.379512637964304
6885,32545.116868562956,9.376983037564303
6886,32488.862894416576,9.382545514564303
6887,32520.343363436034,9.387724676564304
6888,32513.225958485884,9.381512989264301
6889,32502.768702634876,9.381500768536803
6890,32502.440932981775,9.379796547736802
6891,32372.71900436626,9.370898923736803
6892,32501.87714062871,9.374126755336803
6893,32584.91120074735,9.373306053536801
6894,32651.924514500024,9.379459069936802
6895,32668.111861501246,9.383626144936802
6896,32693.4368596796,9.385417101136802
6897,32904.70892352659,9.385026221236801
6898,32921.64704362525,9.391497318236802
6899,32981.35780852698,9.3891694190368
6900,32909.28242699777,9.389368518336802
6901,32886.002656314035,9.392791512936801
6902,32832.11759592415,9.391685230636801
6903,33037.11457477688,9.392883342736802
6904,33040.282274085504,9.3931585714368
6905,32881.700142953785,9.3933155925868
6906,32866.04661888687,9.3926940267368
6907,32981.79116260107,9.3999281041368
6908,32979.75224278338,9.4023995124368
6909,33039.44717407296,9.4013227070368
6910,33170.28984409421,9.4092414660368
6911,33246.542797690345,9.408728855236799
6912,33231.09020854347,9.411260412136798
6913,33304.0964280461,9.420377798136798
6914,33405.77413417779,9.428601257136798
6915,33318.01230498717,9.421825247136798
6916,33362.14414796972,9.421550315856798
6917,33224.026492597324,9.415642035256798
6918,33268.20121470273,9.418887021056799
6919,33368.812349329346,9.427435628056799
6920,33443.77091151438,9.427238335546798
6921,33342.621396924485,9.430021177546799
6922,33429.054530775546,9.429443940346799
6923,33487.64771393883,9.431517225346798
6924,33508.32175328272,9.436264863846798
6925,33727.84743523409,9.433603251046797
6926,33747.09642570677,9.4358256009468
6927,33954.790760720476,9.437280418746798
6928,34074.98174576223,9.436970334286798
6929,34134.32923166681,9.441573868786799
6930,34313.59500077939,9.440365622686798
6931,34344.64596068747,9.439409227486799
6932,34374.35410176749,9.439315487541798
6933,34471.7092333904,9.4379359732418
6934,34525.45063842676,9.442642021241799
6935,34575.488370584484,9.446902298641799
6936,34629.41302833251,9.449593955441799
6937,34650.481099184806,9.452744882441799
6938,34900.38809592942,9.4548160917418
6939,35026.01254195626,9.454610472101798
6940,35272.18842280381,9.4504446807018
6941,35296.492939396885,9.458978645701798
6942,35393.62954448087,9.460424298301799
6943,35409.76647705438,9.4679942121018
6944,35476.74084576186,9.4667977256018
6945,35439.87354793888,9.4662773306018
6946,35416.48189389641,9.4566151986018
6947,35549.75070111429,9.4575472687018
6948,35690.48486933115,9.457318646791801
6949,35796.790887955394,9.4583739845918
6950,35895.94934467437,9.4598942113918
6951,35725.9074327446,9.4641486907918
6952,35740.67306103687,9.4687247684918
6953,35800.53985713411,9.4717125394918
6954,35788.788339592145,9.4742269424918
6955,35756.84989520383,9.474185132598802
6956,35770.393036309004,9.4701616299988
6957,35846.130329774816,9.469077423798801
6958,35814.74670356671,9.472297462298801
6959,35832.75072659394,9.4738710034988
6960,35923.25896243204,9.474154128398801
6961,36026.43628115497,9.471046877998802
6962,35991.146340516,9.469107807898801
6963,36341.10589204655,9.467610987198801
6964,36305.09161262212,9.467668937728801
6965,36387.06625856774,9.471188341228801
6966,36114.060504553374,9.471787472678802
6967,36217.56038282396,9.474759300678802
6968,36271.89054435082,9.4819276630788
6969,36422.71666419529,9.4845584507788
6970,36342.514789091365,9.482583171278801
6971,36319.8434924881,9.484489648878801
6972,36229.057779728995,9.484979912618801
6973,36326.51293074285,9.4849360844038
6974,36399.565377511964,9.4926489394038
6975,36449.34886288118,9.4958576910038
6976,36403.04919777095,9.496728908343801
6977,36468.90575385787,9.502125016043802
6978,36572.33198632133,9.5027471005438
6979,36499.73866853955,9.497924346543801
6980,36557.614205411286,9.4991129987438
6981,36503.238380796065,9.4941015300438
6982,36363.02860260094,9.495274814343801
6983,36319.831044592305,9.4955973102438
6984,36306.44418538154,9.4938262205438
6985,36412.90381806508,9.499278358543801
6986,36490.7750886865,9.5018435429438
6987,36499.892766071825,9.5041263019438
6988,36308.91554514847,9.4993045139438
6989,36376.60875445268,9.4995084234538
6990,36340.98719677784,9.5006241300538
6991,36349.116679247854,9.5046337466538
6992,36082.34772759652,9.509898075653801
6993,36232.688600008885,9.5145925132538
6994,36230.888571416304,9.5151681416138
6995,36329.78195927586,9.5197583740138
6996,36390.349936359584,9.520644970413802
6997,36396.35632009509,9.5200597119138
6998,36435.676948943,9.522340849413801
6999,36551.96904519987,9.5248691869138
7000,36829.41023805579,9.5335247979138
7001,36893.51883152894,9.5393442369138
7002,36840.11815993653,9.543128787513801
7003,36922.31474110748,9.5432006982738
7004,36962.150843084324,9.5428968986738
7005,37143.504970877206,9.5522692856738
7006,37418.55188231645,9.561162789673801
7007,37490.58368356977,9.565826426073802
7008,37612.75026711943,9.568367285073801
7009,37794.63379223314,9.5696178328738
7010,37794.92536199689,9.565312661573799
7011,37710.17405538058,9.5606004999738
7012,37853.07750285387,9.5603985250638
7013,37919.3031653336,9.5655457404638
7014,37996.9642112937,9.5724739134638
7015,37948.40006335346,9.569967614063799
7016,38023.68995471795,9.569348388513799
7017,38103.73224798405,9.5709302901138
7018,38157.16746652606,9.577334784513798
7019,38128.67493722129,9.575349537713798
7020,38159.021913732664,9.5751802336938
7021,38279.604487850396,9.576226316093798
7022,38270.05910098715,9.5770789777938
7023,38219.00151878121,9.5756462540938
7024,38313.3194790803,9.562849291093798
7025,38286.060107814075,9.5674291513938
7026,38578.423910329315,9.574980294393798
7027,38633.78057688639,9.575813616793798
7028,38536.210164320204,9.576046642493798
7029,38555.083919500416,9.580602487493799
7030,38848.526643934194,9.586650671893798
7031,38994.181300565004,9.588456354593799
7032,39123.26995459676,9.590936529193797
7033,39287.18925702485,9.595803573193798
7034,39139.28676356071,9.597326831493797
7035,39123.55989363195,9.603035556193797
7036,39250.51558335893,9.610190545193797
7037,39494.8814432778,9.616561787193797
7038,39516.13494112868,9.613335466193798
7039,39499.684438563985,9.613207054093799
7040,39548.37604716862,9.616142223093798
7041,39949.89421750271,9.624361247093798
7042,40013.53506215943,9.623786274263797
7043,40051.38966853786,9.622528541263797
7044,39958.94314702827,9.623383576993797
7045,40067.62419986054,9.622078768093797
7046,40232.184424655585,9.626973001093798
7047,40275.00183269412,9.628402234293798
7048,40387.56916193395,9.627615741593797
7049,40498.73842584891,9.629280086793798
7050,40337.02586984856,9.626915587993798
7051,40402.88571723138,9.626730446563798
7052,40681.11608478991,9.625277919863798
7053,40624.72134249041,9.625214097463799
7054,40444.57117819602,9.619254527963799
7055,40397.581555086574,9.618917587883798
7056,40455.18964155617,9.613429080883797
7057,40520.989509909334,9.615389669083799
7058,40537.544739855286,9.6135138465838
7059,40586.009170405014,9.6164012655838
7060,40388.29515727955,9.6074527475838
7061,40505.218310518445,9.609470178783798
7062,40437.107777349374,9.613369502083799
7063,40359.75975037965,9.615733993883797
7064,40338.28996047491,9.615087204083798
7065,40324.96502404361,9.613728650083797
7066,40248.7105676056,9.617260662583798
7067,40143.20243672883,9.617371255583798
7068,40234.94671114347,9.615830831983796
7069,40230.150420632075,9.619270238183798
7070,40303.96670006233,9.619388891373799
7071,40567.538520694055,9.615770965373798
7072,40592.684290785044,9.617811109373797
7073,40421.06913807226,9.624136373873798
7074,40493.683794083336,9.624371656073798
7075,40506.86532880719,9.625704268573799
7076,40509.83665320377,9.624411617173799
7077,40517.63644672516,9.621679048973798
7078,40545.33648568522,9.621264526403799
7079,40529.97622716025,9.620736153603797
7080,40629.00009453985,9.6227589287038
7081,40685.150774371,9.621745002803799
7082,40783.840915482026,9.6267584238038
7083,40839.189375627255,9.630258599903799
7084,40800.74667889121,9.632633760903799
7085,40678.93018661409,9.629900506303798
7086,40919.994828625735,9.628583721903798
7087,41079.16150028261,9.625931162903798
7088,41087.11915950084,9.6348934089038
7089,41239.55666929526,9.639085158603798
7090,41323.09518560513,9.6435425523038
7091,41353.3177321126,9.648175291703799
7092,41393.93952206002,9.6519369541038
7093,41342.266494597054,9.6499707711038
7094,41372.79201182827,9.649623318833799
7095,41377.0625834084,9.648344125533798
7096,41494.43238673893,9.649622543333798
7097,41562.864606284595,9.650572254733799
7098,41501.0096497616,9.647970512233798
7099,41613.20353320009,9.649365265033797
7100,41567.57622018238,9.649996113233797
7101,41669.54883379797,9.652426960833798
7102,41736.32691515267,9.647786433833797
7103,41693.84670081474,9.646865384333799
7104,41653.860342217864,9.651519616333799
7105,41607.53276462597,9.650249992333798
7106,41624.23690918326,9.6528908341338
7107,41579.15824771603,9.636161103133798
7108,41528.627504173324,9.639619929433799
7109,41580.441800940396,9.640167708433799
7110,41551.866656875485,9.639224260383799
7111,41777.45383516974,9.636727912383797
7112,41905.61954359435,9.637656933683798
7113,41467.544734162264,9.632330699383798
7114,41275.062136379296,9.633202046983799
7115,41336.52304419639,9.633477614213799
7116,41457.194763498905,9.641766588213798
7117,41438.77298538826,9.644176034713798
7118,41435.71612293808,9.645175404813799
7119,41190.51144697306,9.646088974413798
7120,41199.62107046081,9.646242264183797
7121,41266.54767954978,9.647372610583798
7122,41153.55430101924,9.647512756553798
7123,41090.66619662456,9.649992628553798
7124,40891.64113055191,9.646212186253798
7125,41053.92255257666,9.6450175732538
7126,41090.46754744764,9.644870280393798
7127,41114.87697398904,9.6460139520938
7128,41171.00762898006,9.6459876077138
7129,41284.055459311414,9.647444011013798
7130,41369.89692106132,9.645625971913798
7131,41371.374528718145,9.644460762613798
7132,41527.74414232951,9.643549226813798
7133,41737.36732858662,9.644205433113799
7134,41723.05489916732,9.642293513013797
7135,41917.372099979766,9.653514030013799
7136,41961.234962112336,9.655508457013799
7137,42064.623055913806,9.653565906413798
7138,41994.53148540786,9.639047455413799
7139,42107.87583454261,9.6449401550138
7140,41969.37320294458,9.647463362613799
7141,41832.99589453821,9.6480259369838
7142,41822.993484660954,9.653316689683798
7143,41837.0125700609,9.653395245693797
7144,41822.645955823325,9.653795890893798
7145,41671.67533798868,9.645940406893798
7146,41528.97622812656,9.657468100893798
7147,41302.837995523834,9.661202054593797
7148,41275.839317463986,9.660923622293797
7149,41241.303627059584,9.662699483893798
7150,41329.20379093728,9.668617390693797
7151,41324.233569819815,9.669953938093798
7152,41221.09810146744,9.670149887893798
7153,41339.319691436605,9.673425027393797
7154,41717.267398146585,9.6711062665938
7155,41916.75871588343,9.677270575593798
7156,42043.54861148075,9.685887521593799
7157,42155.16777095081,9.693475997093799
7158,42315.0725913049,9.6994309993938
7159,42225.314172455764,9.699995775593798
7160,42547.837709253996,9.7079873670938
7161,42524.21282494396,9.7076426013438
7162,42436.04420218773,9.695565383343798
7163,42489.54658220162,9.694858012743799
7164,42621.40667804777,9.695748504143799
7165,42685.00829315318,9.699366519143798
7166,42811.874788124725,9.706265468543798
7167,42717.97811467629,9.709818192243798
7168,42818.20490170458,9.715667815243798
7169,42732.70222600054,9.7191122424438
7170,42936.10118821813,9.722586178343798
7171,43047.928929272406,9.7210946106438
7172,42933.347430321126,9.726111131643798
7173,43122.00347119889,9.733712362943798
7174,43148.55277023744,9.735262677743798
7175,43153.39037152573,9.7358184469438
7176,43238.100377572235,9.735124076343798
7177,43330.78703963701,9.736565937743798
7178,43415.53906926224,9.743319212443799
7179,43434.441001913976,9.748106612443799
7180,43595.39043295255,9.7518708597438
7181,43390.667277275046,9.7551891956438
7182,43599.72481393698,9.7569602226438
7183,43709.433000817655,9.7589523546438
7184,44146.623141902965,9.753922447643799
7185,44143.92245280775,9.752349243643799
7186,44000.01563172583,9.7563450286438
7187,43970.673358901506,9.7569206680438
7188,43866.22324485644,9.752474152743801
7189,43873.01827724618,9.755597577243801
7190,43960.92912718112,9.756961811043801
7191,44261.74329370511,9.7560345855938
7192,44310.48700325561,9.7554019074338
7193,44381.61226062495,9.7602443662338
7194,44396.426112276204,9.7644460517338
7195,44666.33360767225,9.750996461733802
7196,44790.47704005097,9.751990524933802
7197,44828.1325777395,9.751231195173801
7198,44931.08033937615,9.760116736173801
7199,44898.95442372985,9.7615894238738
7200,44963.80692697892,9.7665952333738
7201,44939.485143204845,9.766239306013802
7202,45098.277119739774,9.771343743013801
7203,45877.15471673819,9.767420663013802
7204,45839.36480245315,9.770016805713801
7205,45637.2877384815,9.762775397713801
7206,45820.34034630257,9.770493808713802
7207,45940.84462024342,9.776862055113801
7208,45969.73195412728,9.776214981413801
7209,46194.957024227704,9.7735984579138
7210,46005.217691686186,9.7732178293138
7211,46308.95287987806,9.775020181813801
7212,46240.015524893846,9.778734825813801
7213,46948.69125130879,9.7813858760138
7214,46975.63505357435,9.780571975753801
7215,46994.761905871674,9.783174765753802
7216,46972.5700948583,9.7728743902538
7217,46733.71873769566,9.773258222833801
7218,46791.44446074906,9.775649102833802
7219,46768.88755143069,9.776701390633802
7220,46742.243886773074,9.7712385566338
7221,46718.363070575135,9.769683137233802
7222,46740.68466996948,9.762968588833802
7223,46590.08152391658,9.756476073233802
7224,46818.43824267807,9.755880489183802
7225,46954.7929410834,9.759097476183802
7226,46962.59046717395,9.759073790642802
7227,46976.682485672085,9.757971400042802
7228,47129.74201589561,9.752928547042803
7229,47297.475598912584,9.753359389412804
7230,47866.5289806116,9.756517832812804
7231,47757.92025715335,9.757687573712804
7232,47645.45861706796,9.757442713032804
7233,47516.32808936109,9.756015669032804
7234,47174.07743388272,9.758527572432804
7235,47219.01121673797,9.757336585032803
7236,46834.45883388467,9.753029950032804
7237,46871.14442940986,9.753431365432803
7238,46983.78671045038,9.755574481832804
7239,47126.38032776728,9.754817410632803
7240,47305.509127322446,9.760473372232804
7241,47289.13292178357,9.741577124232805
7242,47167.62239763316,9.752201838232804
7243,47391.13781261679,9.759287459632805
7244,47561.38721943745,9.760351343632804
7245,47636.941060862715,9.766782750632803
7246,47763.57134015752,9.768204640532804
7247,47980.23971472267,9.766300091132804
7248,47828.341909441995,9.766502079512804
7249,47834.11209566169,9.773236942512803
7250,47753.2169203827,9.774413938812803
7251,47615.669604936,9.773436206812804
7252,47708.415796640984,9.776354473312804
7253,47828.30777070586,9.778499177212804
7254,47591.14127790757,9.781215302012804
7255,47407.75775260948,9.784435244012805
7256,47484.1248662988,9.786175730812804
7257,47441.0231605299,9.785107692112804
7258,47818.61160097966,9.794881357112803
7259,47712.99850206225,9.792880499312805
7260,47639.82793261752,9.794298720612804
7261,47372.404712187104,9.796013075612805
7262,47318.68307881616,9.796946224042804
7263,47312.60737694356,9.797783302842804
7264,47406.84436336636,9.803091466242805
7265,47207.757831887495,9.805196536042804
7266,47232.95164448333,9.807399726742805
7267,47228.9058143783,9.813393235042803
7268,47189.54148485169,9.818007097442804
7269,47245.91411582845,9.817804610192804
7270,47393.35771415156,9.820079635692803
7271,47540.27029842192,9.808109183692803
7272,47427.86076832612,9.809455185992803
7273,47445.27373097556,9.810856546292804
7274,47426.46482176726,9.811613280922804
7275,47267.09145915978,9.814120048822804
7276,47436.617671436456,9.813692281162805
7277,47154.400359704174,9.814989257962804
7278,46964.26966786662,9.811781129262805
7279,46945.784187077246,9.807906747262805
7280,46955.2028061499,9.807054295722804
7281,47112.089670631416,9.811063675722805
7282,47242.72390081921,9.813335714022806
7283,46788.91464135855,9.815084166322805
7284,46795.927376518,9.819473029322804
7285,46792.6666615682,9.818870791562805
7286,46814.88412385144,9.826689984062806
7287,46994.3152566977,9.827052686042805
7288,47013.46862778921,9.825484687242806
7289,46834.69243819053,9.826531347142806
7290,46660.303207989586,9.831471611142806
7291,46832.225908775705,9.835414353142806
7292,46841.47319216857,9.836823386142807
7293,46865.75848886158,9.841196751142807
7294,46662.67448834694,9.841442643642807
7295,46146.9559034666,9.834096714642806
7296,46173.547225703776,9.838056891642806
7297,46209.34243706666,9.840924520642805
7298,46208.275863245435,9.847631519342805
7299,46323.19891354685,9.854803813342805
7300,46723.346534382676,9.855825357942805
7301,46832.99356667197,9.859110575242806
7302,46961.2034668275,9.862016474242807
7303,46858.30604131656,9.863080830242806
7304,46959.05996500373,9.866675699542807
7305,46826.65377689486,9.867864363042806
7306,47106.33846929393,9.877261204042806
7307,46914.47077262678,9.878859726042805
7308,46949.08847739086,9.879421659442805
7309,46931.67411491996,9.874100262942806
7310,46749.41073464399,9.871385265342806
7311,46482.38262119573,9.870628887742805
7312,46391.59496525288,9.876216136742805
7313,46404.76608184518,9.879694523742806
7314,46546.55297679371,9.884188973742805
7315,46699.53211444378,9.883616940742806
7316,46698.23585414249,9.885270123342806
7317,46839.59770899517,9.884413802142806
7318,46916.1347030143,9.887024099142806
7319,47063.54205956176,9.892629315742807
7320,47044.59811791361,9.901044987742807
7321,46805.27984801328,9.900185803442806
7322,46839.812685194054,9.900269418342807
7323,47027.138988810584,9.898429189342806
7324,47099.0890301086,9.901344731642808
7325,46913.26682760001,9.902394714142808
7326,46999.284380586134,9.904995802142807
7327,46745.75620665094,9.906932434542806
7328,46517.58102246178,9.909022146842807
7329,46410.08261412536,9.909695696212808
7330,46535.54435955356,9.908204144112807
7331,46543.99177496717,9.907927945062806
7332,46577.472304598494,9.907542096762807
7333,46476.61405157726,9.909205937762806
7334,46647.071820702666,9.910227821462808
7335,46608.090021495365,9.912424445862808
7336,45327.77543647952,9.915439905162806
7337,45344.678005292575,9.895978957162807
7338,45309.07633873369,9.896522107512808
7339,45516.84580683617,9.898642543512807
7340,45526.810709751604,9.899510132412807
7341,45898.557469681116,9.897111118412809
7342,46071.31639037912,9.898547489512808
7343,45799.734908878956,9.896449253312808
7344,45988.92046926361,9.899175214012807
7345,46131.841364134496,9.899059705772807
7346,46011.38365297444,9.899963896472808
7347,45956.61560363927,9.904160827172808
7348,46030.85206843378,9.903368207512807
7349,46013.20621724425,9.908339317512807
7350,46094.997332453444,9.910458497112806
7351,46170.30268350048,9.909962366812806
7352,46129.25156391435,9.912139174812808
7353,46161.72920022146,9.912146076524307
7354,46108.2638960962,9.918328948324307
7355,46299.550899000475,9.921476930824307
7356,46246.215497038516,9.921043875344306
7357,46403.56449932374,9.927010074344306
7358,46750.81621929582,9.922677694944307
7359,46692.50992435521,9.925217137944307
7360,46803.87842899302,9.932196769644307
7361,46934.12270331606,9.933161244844307
7362,46774.79707966941,9.929968432844307
7363,47522.609522179,9.925680469544307
7364,47636.29405913015,9.929393561144305
7365,47771.27300841721,9.929685731144307
7366,47904.37888029518,9.937465582144306
7367,48007.15807967527,9.938810723944306
7368,47908.653152154744,9.936493761744305
7369,49059.65634033721,9.935376414044306
7370,48829.22333074528,9.941462084644305
7371,48796.70184727642,9.943620616644306
7372,48763.63977369089,9.942985423684306
7373,48673.905621099395,9.943244644924306
7374,48475.727331993905,9.945908360924307
7375,48541.581995380235,9.946191241924307
7376,48702.23313757243,9.951583279224305
7377,48644.115077672104,9.951649077164305
7378,48348.56110563712,9.946896646164305
7379,48616.62641498516,9.949365472364306
7380,48636.88032664463,9.948656253924305
7381,48556.520075170745,9.947851607164306
7382,48551.01833787615,9.945825987164305
7383,48779.931563368016,9.947161317864307
7384,48681.697449393236,9.948236137264306
7385,48555.463782748346,9.950287929164306
7386,48955.803435970716,9.953583125364306
7387,49037.69291477922,9.954025233414306
7388,49180.85179011768,9.958958737414306
7389,49331.12074994213,9.961220223414305
7390,49315.57371474603,9.958931296114304
7391,49236.323178467166,9.960884971114305
7392,49169.289312924,9.964013335514306
7393,49278.37611135036,9.964380811244306
7394,49443.79164038292,9.972193728244306
7395,49935.83662560272,9.970015537044306
7396,50021.317719545,9.970648177944305
7397,50121.75070133904,9.975178077944307
7398,49876.82205537668,9.973604417944305
7399,49806.32096290644,9.973627514802306
7400,50003.686463791404,9.980729410802306
7401,49651.321596100206,9.978005322502305
7402,49361.31650353269,9.970416129502306
7403,49459.09505200032,9.969551268202306
7404,49551.11806063675,9.968014008302305
7405,49333.04431845332,9.969934245602307
7406,49330.01817130183,9.968897398402305
7407,49304.164244649226,9.965085609202305
7408,49154.75866897904,9.964740790902304
7409,49254.600979156574,9.964407898112306
7410,49530.93623423237,9.965035438742305
7411,49594.36843882751,9.964692823942304
7412,49499.524282692146,9.962274757142305
7413,49545.30141106908,9.959006891242305
7414,49712.13399651462,9.965648908242304
7415,49725.45602121577,9.959724515742305
7416,50031.44673656429,9.956802069542306
7417,49959.509451144564,9.956050296642305
7418,50035.46167435111,9.962619970642304
7419,49942.98836066262,9.959625603242305
7420,49843.88808703419,9.963062799842305
7421,50027.71696184321,9.968549926142305
7422,50396.44251764279,9.967781725182306
7423,50494.34088804172,9.974858239182305
7424,50575.40414439356,9.974629288802305
7425,50619.17719562359,9.972505352502305
7426,50880.73558045951,9.974775809102304
7427,50910.69535835465,9.972354835802305
7428,51112.39340213608,9.978359029802306
7429,51049.245742130435,9.975305991802305
7430,51164.754068998,9.978575419002304
7431,51380.85551970922,9.985552816502306
7432,51470.92521402753,9.991612883102306
7433,51431.54725916231,9.993327228702306
7434,51451.73366057656,10.000638021702304
7435,51312.82052949869,10.001915499102305
7436,51338.89528087414,9.999640510102305
7437,51336.38720734542,10.000526672002305
7438,51601.77938819961,9.998883593502306
7439,51653.69631513507,10.000609560702305
7440,51532.836531613655,10.003530268702304
7441,51622.53136607829,10.002881870052304
7442,51575.897205095294,10.002322133192305
7443,51601.56309211648,9.999817462692306
7444,51477.74365019178,9.998788049992305
7445,51427.54713455896,9.998725857726305
7446,51370.43175728162,9.999351846426304
7447,51430.3535576873,10.006158797926306
7448,51507.21419472333,10.009627359626306
7449,51830.40225198435,10.011452668526307
7450,51884.05190653841,10.012056381526307
7451,51929.95726575246,10.011322287576307
7452,51954.214936948716,10.016241953876307
7453,51997.44965884791,10.015021671676307
7454,51974.58488478626,10.017621484276306
7455,51988.08965635165,10.018951867876305
7456,51852.61491248273,10.012978829576305
7457,51696.119199128836,10.016706068576305
7458,51655.945369457404,10.022285775576306
7459,51758.66130555459,10.028042902976306
7460,51610.8297698935,10.025202734676306
7461,51585.565811965294,10.026312745476305
7462,51828.75938998473,10.021563749176305
7463,51905.335905158834,10.027899738776306
7464,51797.444835510745,10.027164897076306
7465,52010.273507426595,10.027196096470306
7466,52031.805771060725,10.029787156270306
7467,52321.39081531999,10.031397547670306
7468,52418.11517302185,10.032065667570306
7469,52374.26416975647,10.038043462570306
7470,52323.19639731871,10.030691753070306
7471,52242.22042208978,10.030016951870305
7472,52248.447601563974,10.034759712870304
7473,52277.53181173306,10.031281737170305
7474,52432.52573318589,10.040434308170305
7475,52508.99557282727,10.040346985710304
7476,52826.52040955991,10.040091913130304
7477,52770.977660406585,10.040106915922305
7478,52856.26388228898,10.040369000922304
7479,52621.80390839113,10.042171785622305
7480,52778.162821016565,10.051020808622305
7481,52854.1815206112,10.051947874352305
7482,53248.213936452776,10.038210580352304
7483,53264.16482977933,10.038845692252304
7484,53267.48364638533,10.040007954852303
7485,53113.13996726903,10.040573590592302
7486,53313.008792055014,10.046429564592302
7487,53284.28227147881,10.039678049192302
7488,53212.49488364944,10.040027178192302
7489,53118.44747671579,10.037446504792301
7490,52857.40547177996,10.0420645962923
7491,52829.99332530083,10.0434957180923
7492,52754.63958130125,10.0435817277523
7493,52353.73158408109,10.0471584055523
7494,52452.73397211719,10.0473583862923
7495,52812.71495578683,10.0378919752923
7496,52943.228430434036,10.0384675518923
7497,53014.674115389615,10.0397992072923
7498,53184.20653435544,10.0396849104673
7499,53173.75841880098,10.0419741388673
7500,53177.21885905615,10.0421207980273
7501,53508.35207146101,10.0434370815273
7502,53359.257169769364,10.0394691165273
7503,53369.62733223202,10.0377641653273
7504,53413.070148039085,10.0370590672973
7505,53539.207126866415,10.0442526552973
7506,53629.202930858046,10.0423045201973
7507,53742.61748655339,10.0399356748973
7508,53767.087405858125,10.040178026717301
7509,54225.1173947094,10.050290802217301
7510,54569.42438674209,10.052039478417301
7511,54500.05587088522,10.052315128887301
7512,54203.39320976066,10.053002577427302
7513,53937.73240621528,10.058913745127303
7514,53779.81516377097,10.063605916127303
7515,53751.94439303022,10.068474638627302
7516,53778.81703421874,10.069461161227302
7517,53935.24689428106,10.072533463527302
7518,53963.63232974388,10.076800935827302
7519,54087.565558515984,10.072706653227302
7520,54312.7242728741,10.073431311477302
7521,54420.0209606205,10.070465059077302
7522,54435.05711989789,10.075256160077302
7523,54502.55078794947,10.074733075177303
7524,54881.08907621762,10.078242112577303
7525,54987.763561977,10.082604915577303
7526,54859.405856442885,10.086240759077302
7527,54904.76469393529,10.090042243077303
7528,55062.14779636848,10.087772110577303
7529,55106.10003257912,10.092682086077303
7530,55075.968307490446,10.089807444377303
7531,54882.15484595904,10.090640896237304
7532,54825.36144751165,10.084620109237303
7533,54892.04237121689,10.086832374937304
7534,54810.7441276187,10.083248521837303
7535,55242.7778146517,10.074542880837303
7536,54599.41788305449,10.080036611837302
7537,54749.444651109676,10.082728584837302
7538,54612.66411353781,10.080460454637302
7539,54767.69685143074,10.086309982637303
7540,54896.330830902865,10.092053565637302
7541,55065.5384611582,10.092910945637302
7542,55142.0303090016,10.092320471637303
7543,55118.16007787239,10.092811887337303
7544,54869.45247108401,10.094969590837303
7545,55041.9711489561,10.094388100377303
7546,55159.847806932754,10.093191672077303
7547,55200.903902755344,10.091857639377302
7548,54986.45987840124,10.093454329977302
7549,54954.34520476783,10.100640920977302
7550,55750.31685498481,10.110285204977302
7551,55857.222017951586,10.111914445077302
7552,55872.22823659696,10.116111770077302
7553,56048.769844888026,10.1187356866773
7554,56016.25072751371,10.117033066177301
7555,56250.23482482621,10.119560476177302
7556,56433.71625079624,10.124088223177301
7557,56531.99894238323,10.125377212877302
7558,56710.804380602494,10.122554187677302
7559,56800.575406242104,10.123125541737302
7560,56874.933028146304,10.124110360637301
7561,56818.24275665071,10.124215865951301
7562,56857.622088658405,10.130631318951302
7563,56889.78630674136,10.137380965951301
7564,56949.10758527076,10.135400058251301
7565,56858.41471340844,10.135416931895302
7566,56799.86904229594,10.134254110495302
7567,56992.27763307894,10.139890159895302
7568,57163.23042093625,10.139487354995302
7569,56997.2205227007,10.1356240779953
7570,56999.67504644551,10.154412871995302
7571,57127.67487902204,10.162597910995302
7572,57284.65010410776,10.162335294645302
7573,57502.11440217008,10.161761861405303
7574,57957.08878446917,10.167850072405303
7575,58100.46592855863,10.176359521405303
7576,58060.5641117966,10.176501622715303
7577,57993.00763210926,10.175664793515303
7578,58139.18088102013,10.175428798035302
7579,57991.21982844937,10.177662007035302
7580,58040.93857177368,10.178016162385301
7581,58168.69042121068,10.1810480115853
7582,57970.83791559819,10.185021491585301
7583,58110.78559367025,10.183697843585302
7584,57939.4867070634,10.186385125285302
7585,58434.91885666992,10.185772605955302
7586,58384.71620593994,10.186275289655303
7587,58378.13484076802,10.186254475061302
7588,58451.7705681745,10.190903888061301
7589,58477.08724872699,10.198314763561301
7590,58656.92172988424,10.196774508661301
7591,58526.75967428876,10.196055795061302
7592,58724.90515620039,10.1981946404613
7593,59267.06939505172,10.1952060160613
7594,59355.504450387496,10.198016835361301
7595,59534.30421789843,10.1973395673613
7596,59779.112807226666,10.202756448661301
7597,59730.06864816003,10.2026532355913
7598,59947.98993311438,10.2008932383913
7599,59965.70905184615,10.2020937882913
7600,60160.84661986806,10.2034165508913
7601,60172.76202480965,10.2086670895913
7602,59896.33541433265,10.2089323982513
7603,59956.52953635777,10.2109252655513
7604,59918.267577341445,10.2156094945513
7605,59614.58500216908,10.2173336789513
7606,59998.049739507864,10.2174688619113
7607,59854.213144973626,10.2196014516113
7608,59755.80278101174,10.2218224310113
7609,59840.455163780905,10.229434691511301
7610,59712.05994528179,10.229863942971301
7611,59653.6593532515,10.2380276069713
7612,59811.89643529876,10.240210094371301
7613,59917.07799980657,10.242705661371302
7614,59958.708531798504,10.246605599071302
7615,59949.5713708421,10.247355439571301
7616,59869.89260535661,10.246753855271301
7617,59987.76538987535,10.247818291671301
7618,60375.85899750236,10.2516557092713
7619,60499.15145843328,10.252601557471301
7620,60471.107037450274,10.2521974813713
7621,60480.47523767971,10.251059086571301
7622,61062.14342617623,10.248137150571301
7623,61515.508957862534,10.248082346545301
7624,61857.209690655705,10.248349538975301
7625,61878.68867391406,10.2485433145953
7626,61956.49085924705,10.2527321850953
7627,61768.46063546365,10.2486951177953
7628,61679.78278819026,10.2479463245453
7629,61820.98165193568,10.254700649745299
7630,61904.708818068706,10.256192768245299
7631,62205.331084078105,10.253093645645299
7632,61983.68163308943,10.2512626425453
7633,61965.867919683646,10.254312141645299
7634,61881.48799968694,10.2560761082453
7635,61938.62967820736,10.253467075145299
7636,61900.13402890606,10.253835854725299
7637,62410.87692488916,10.2664221517253
7638,62520.77200660874,10.2669363115253
7639,62517.06872716245,10.2668906882733
7640,62487.31796070731,10.2674409567233
7641,62334.5252518198,10.2713833984233
7642,62594.28897047867,10.2713396728573
7643,62539.53447223488,10.2771124851573
7644,62368.61786451294,10.2793643258573
7645,62466.90603506814,10.2802640168573
7646,62809.359608657345,10.284285328457301
7647,63067.85523387899,10.2910691337573
7648,63067.806082425326,10.2941444244573
7649,63083.84686174639,10.2918789918573
7650,63336.527759422635,10.2868683492573
7651,63301.839267882104,10.2903640589573
7652,63355.87268606119,10.2904207260073
7653,63235.58445323779,10.2905554332573
7654,63145.42676135268,10.2910985885573
7655,63464.785325507066,10.2981651825573
7656,63382.42782247462,10.2971543848573
7657,63471.1624671752,10.296955295247301
7658,63194.15715791323,10.296871678982301
7659,63380.91704339926,10.298978360182302
7660,63305.168760127395,10.296597209582302
7661,63246.07919017379,10.297412961432302
7662,63642.54198103333,10.300690960332302
7663,63448.147313059235,10.304770386932303
7664,63250.28610565974,10.306433937332303
7665,63466.54321709982,10.306264554172303
7666,63475.6517506947,10.305908875372303
7667,63733.17813822297,10.304064719872303
7668,63772.601096686405,10.303379216072303
7669,63843.16660219767,10.302502567142303
7670,63513.87248690686,10.299433873142304
7671,63463.026545206885,10.308837895142304
7672,63399.513116326,10.307841260642304
7673,63487.97823558819,10.307412967942303
7674,63579.67284325823,10.309330682242303
7675,63574.10265164491,10.304227950942304
7676,63693.36763007493,10.303638141342304
7677,63706.00062929778,10.306552306942304
7678,63693.714379204815,10.307095424842304
7679,63708.846268813715,10.305941617442304
7680,63588.08714456918,10.306964236242305
7681,63550.63130674086,10.309936566942305
7682,63728.83394974125,10.310951870442304
7683,63861.01701508486,10.310769673392304
7684,63839.66125430067,10.312510140692304
7685,63778.610661024635,10.311948043292304
7686,63693.35079564046,10.311590760332304
7687,63852.66926694621,10.311803652752305
7688,63623.6310321096,10.308972271952305
7689,63779.29613254192,10.312508833452306
7690,63882.70119922099,10.311230058752306
7691,64592.442545216116,10.317206679752307
7692,64706.25976431654,10.324511061352306
7693,64817.26398059294,10.325569444352306
7694,64885.68412515535,10.327126002052307
7695,64968.81452815704,10.327409656922306
7696,64658.51450427415,10.332594511922306
7697,64689.518296894545,10.339198078422307
7698,64668.96026878605,10.344573916822307
7699,64898.24726853257,10.349676831822308
7700,64643.45925482865,10.348920952492307
7701,64519.62917514592,10.345707854692307
7702,64634.62225214627,10.354521094692307
7703,64538.90219003355,10.355530597392308
7704,64589.321792031384,10.355144416422307
7705,64787.673997439524,10.357504705622308
7706,64809.97434242809,10.360999006022308
7707,64894.6250219618,10.365030636022308
7708,64599.872467008805,10.364799548672307
7709,64746.925756216384,10.366451826572307
7710,64838.56677439127,10.370327425372308
7711,64879.868280073184,10.372853639272307
7712,64973.91276507888,10.380378108672307
7713,65121.0135736312,10.384497180672307
7714,65430.73514439326,10.392883837672308
7715,65406.8781456881,10.392481141272308
7716,66159.0223170906,10.386538013272308
7717,66002.22202039353,10.388601238572308
7718,65813.66903079834,10.387965751572308
7719,65644.67935838574,10.390188786872308
7720,65513.04140672816,10.388049666472307
7721,64505.12208545091,10.386023813772308
7722,64511.44654820038,10.387925906872308
7723,64665.43158428902,10.389591704572307
7724,64556.9181531163,10.390878378772307
7725,64831.10197184716,10.389923469972306
7726,64724.5459940484,10.393899426172306
7727,64951.43519748943,10.392109241772305
7728,65036.822776888584,10.396512896272306
7729,64950.05857592835,10.397644918472306
7730,65102.50701521565,10.405036388472306
7731,64850.151195892184,10.405093756575306
7732,64724.58210104716,10.402980749575306
7733,64525.005470253134,10.405556658375307
7734,64469.760197486336,10.411666189375307
7735,64468.37043575971,10.413235562175307
7736,64439.12645795699,10.413480986075307
7737,64521.51891788608,10.420789969275306
7738,64392.60734909726,10.420196161025306
7739,64482.382633645386,10.416750842325305
7740,64743.55324217829,10.415965109565304
7741,64779.72481146482,10.415394872765305
7742,64849.070418576106,10.418054942365304
7743,65097.69123604171,10.418783561995303
7744,64896.25525775871,10.416030163995304
7745,64988.83482130219,10.419333838995303
7746,63740.39124576946,10.423741035995304
7747,63270.34028014318,10.425232916695304
7748,62232.04767568447,10.384410196695304
7749,62346.941807645926,10.383227908395304
7750,62495.757747985364,10.388633614795303
7751,62069.71281818774,10.388652400386302
7752,62193.44674239027,10.390393585386303
7753,62046.9738613626,10.388420990386303
7754,62274.795284376276,10.387773208856302
7755,62195.23102558246,10.388855953856302
7756,62450.554577012525,10.387535121356303
7757,63104.63970305695,10.386646377216303
7758,63242.00496143483,10.393664058216304
7759,63490.65030170265,10.396010484016305
7760,63286.00039970716,10.395947310336306
7761,63335.75380085642,10.396573316536305
7762,63260.61677205276,10.395217678036305
7763,63763.95505677017,10.392986396736305
7764,63789.10340888635,10.395154483136304
7765,63634.386848840135,10.395740913836304
7766,63656.273066404385,10.399998476836304
7767,63693.34598968495,10.400393787206303
7768,63684.66637258798,10.402193703906303
7769,63852.629585372364,10.399199611906303
7770,64140.25694797115,10.402058543106303
7771,63971.94381865124,10.401663562186304
7772,63969.93724587405,10.407381948886304
7773,63756.62633640978,10.398041035886303
7774,63945.73811737415,10.399637530486302
7775,64046.7966318235,10.399427097536302
7776,63880.825032898305,10.401000280836302
7777,63907.56040257304,10.399310530736301
7778,63889.13356054478,10.4019198500363
7779,63592.80032347631,10.4049939856363
7780,64008.91434341216,10.4041302767363
7781,64109.7415565376,10.4074724709363
7782,64579.6720205176,10.4069931678363
7783,65601.56144124834,10.421262607336299
7784,65620.19037569221,10.420826339666299
7785,65333.84338033731,10.429165020166298
7786,65277.5449154542,10.427507293166299
7787,65438.8505464231,10.427957915836298
7788,65563.77054405284,10.432872998836299
7789,65991.94530335783,10.435463819836299
7790,65909.47493834043,10.437488590036299
7791,65565.6817183709,10.438720221336299
7792,65288.74316269568,10.425377158336298
7793,65392.20535258757,10.431646931836298
7794,65349.306999983324,10.433805597136297
7795,65310.87294672368,10.440415186436297
7796,65120.70252333315,10.438239859736298
7797,64785.86150882215,10.439643813536298
7798,64943.30006034454,10.439834639246298
7799,65037.12980256657,10.432841679246298
7800,65009.805601686094,10.422133099246299
7801,65035.54269312998,10.424758288546299
7802,65211.621839965876,10.427579706546299
7803,65429.36278013097,10.419861154546298
7804,65361.28267757653,10.4145569358463
7805,65519.77663754532,10.4156991426463
7806,65528.602260876425,10.4115678326463
7807,65340.69178574711,10.4171192056463
7808,65374.38660573286,10.4101446868463
7809,65248.28340834543,10.4122415048463
7810,65224.08743047298,10.4165709813463
7811,65233.02985114091,10.4103885643463
7812,65756.99354978277,10.4134020473463
7813,65767.5418605827,10.4131510009963
7814,65905.82966612492,10.4170211539963
7815,65929.33319159113,10.4205429141963
7816,66177.23982636268,10.4172687087963
7817,66344.76265819144,10.4179320680363
7818,66028.77184191725,10.4198433904363
7819,65994.11602034555,10.4148421044363
7820,66354.55493551627,10.4125617454363
7821,66339.49586150648,10.4125174341563
7822,66348.55884699168,10.411587238016299
7823,66075.25765480024,10.4014256820163
7824,66095.51732124756,10.406040403516299
7825,66082.6249094187,10.402149980516299
7826,65874.88408059085,10.403470216616299
7827,66039.68102517424,10.402668607366298
7828,66303.21537050672,10.410598570366298
7829,66768.16005786184,10.410920918666298
7830,66900.19358693824,10.408180101666298
7831,66188.77371712544,10.398867653666299
7832,66377.28622830428,10.403834620966299
7833,66377.35501122946,10.4038094356173
7834,66341.44490531368,10.4096999606173
7835,66154.61987334046,10.410676774017299
7836,66195.67261621632,10.4097325973173
7837,66430.88219135288,10.4161611799173
7838,66594.03587335235,10.417301610117299
7839,66785.9750348825,10.4175480157173
7840,66791.09451713809,10.419909797417299
7841,66534.91604516147,10.4171040170173
7842,66646.28659890279,10.4227817212173
7843,66813.58626625163,10.4197910662173
7844,66726.16523194611,10.4194437633173
7845,66472.82469924976,10.421460659917301
7846,66672.10874535411,10.425876777917301
7847,66875.46291070634,10.427776962317301
7848,67068.06324075723,10.431677955017301
7849,67073.42187907874,10.432416742717301
7850,67150.67005064116,10.4374639127173
7851,66924.83039444158,10.4349320129173
7852,66960.75238750433,10.4372252453173
7853,67319.91323695608,10.4401095215173
7854,67401.91981056862,10.4388875457173
7855,67618.48399877182,10.4446168140173
7856,67620.89385642494,10.4444793252173
7857,67397.8699174452,10.4425930341173
7858,67388.2062605592,10.4432872243873
7859,67829.54526273254,10.444428920187299
7860,67992.80435801632,10.444088027747298
7861,68298.43546764005,10.444575292447299
7862,68267.41227134653,10.445902952147298
7863,68143.76056564433,10.441703452447298
7864,67953.73255804312,10.435581856147298
7865,67945.1882385068,10.435206687017297
7866,67724.79329673291,10.435880459417298
7867,67899.57058952404,10.443777760417298
7868,67465.3531072023,10.442185920317298
7869,67596.80237856071,10.447412324317298
7870,67615.86742126165,10.448001866317298
7871,67628.06972621355,10.448341615647298
7872,67813.27474066052,10.449155382497297
7873,67770.31489345136,10.452187336497298
7874,67627.86284364067,10.452196442562299
7875,67660.39260512935,10.450609583062299
7876,67755.93504713442,10.4492016315623
7877,67682.15820451391,10.4481461040623
7878,67596.6511242239,10.4490563112223
7879,67928.79765912806,10.4422941762223
7880,67915.87497500669,10.4447757292223
7881,67851.05709625184,10.4451503695223
7882,68366.25774496165,10.4446711156223
7883,68411.10817383441,10.4415775144223
7884,68663.72643875031,10.463405244422301
7885,68425.95084106468,10.4646688845223
7886,68470.49811530922,10.4718263602223
7887,68434.10843860485,10.4691469322223
7888,68378.77491380139,10.4670840102223
7889,68401.12296144864,10.470193066022299
7890,68339.92676612061,10.467773460122299
7891,68287.19170466112,10.466631130922298
7892,68251.80245278141,10.4640172839223
7893,68349.7005859102,10.463856221462299
7894,68282.25452988077,10.463049169362298
7895,68159.66291900737,10.467027447362298
7896,67451.36290155788,10.462118998762298
7897,66924.65744062883,10.464138254162298
7898,66801.18546982277,10.476782259162299
7899,66856.06545601613,10.477348266062299
7900,66925.19129157999,10.476965162422298
7901,66617.07841890416,10.470338549022298
7902,66916.0753190351,10.474254435022297
7903,66986.23222687274,10.478772144022297
7904,66921.88472300438,10.478863638972298
7905,67931.23632468318,10.479368135172297
7906,67930.354437637,10.484177520172297
7907,68048.16803490453,10.490477378172297
7908,67938.62827215946,10.491418901522298
7909,67967.62111098821,10.492403073422299
7910,68042.30200278452,10.488015544422298
7911,67810.49646132636,10.489536342122298
7912,69049.03863343134,10.502314068122297
7913,69503.78314542453,10.506292742922298
7914,69566.86066438336,10.500194483922298
7915,69672.06075632307,10.502937217722298
7916,69702.1135015339,10.501131860922298
7917,69958.28180294727,10.502095194562298
7918,69929.96257854019,10.503275851762298
7919,70025.76427762603,10.506537026562299
7920,70463.01738327656,10.504143737762298
7921,70947.5005860659,10.504393510242299
7922,70267.80387799373,10.507334341042299
7923,70418.0218831959,10.509366106042298
7924,70494.26951735512,10.510298575772298
7925,70506.05643062136,10.516720948272297
7926,70508.96326806456,10.514562535572297
7927,70507.17241295127,10.506682837572297
7928,70789.90441164789,10.507862303172297
7929,70860.18638433742,10.519071166172298
7930,70950.927586463,10.521850437172297
7931,71542.26312586745,10.519638598672298
7932,71868.84132331003,10.521929054672299
7933,71743.09232540404,10.519907885872298
7934,71934.00568740116,10.519184239372299
7935,72114.65628218275,10.525213539772299
7936,72250.05412384578,10.5290561422723
7937,70653.64315469493,10.5275698290723
7938,70789.35607847397,10.5289695274723
7939,70386.85768908482,10.5182052284723
7940,70445.53264524639,10.517169699272301
7941,71018.54125718797,10.527721153772301
7942,71085.95467003161,10.5278177456623
7943,70863.62762438174,10.5280996410323
7944,71034.265652356,10.5272472835323
7945,70993.98731290936,10.530182752532301
7946,69778.09182163187,10.530445383372301
7947,69915.67068255374,10.534734920372301
7948,70010.43445950412,10.536258266672302
7949,69905.45862974998,10.531240166972303
7950,69960.75485416471,10.537047060972302
7951,70526.60090248258,10.538899980272301
7952,70692.48178107772,10.546312303972302
7953,70917.84654995028,10.543199528472302
7954,71242.04221625738,10.539568190472302
7955,71397.04331378116,10.540519978372302
7956,71761.72745916291,10.537941802472302
7957,71786.87408385707,10.541327019472302
7958,71999.02899145955,10.540651834242302
7959,72261.78658220252,10.542752415242303
7960,72777.7096157636,10.547737757242302
7961,72975.89088065135,10.554892566242302
7962,73143.73023379342,10.5578701418423
7963,73428.8869395514,10.5542051956423
7964,73672.32155766133,10.5541242046323
7965,73805.83409716126,10.5528415721323
7966,73962.2647137631,10.551048016832299
7967,74342.32257718347,10.5546051193323
7968,74192.8152227163,10.5572074551323
7969,74370.05851960667,10.5568645333323
7970,74350.49565791973,10.5574171299723
7971,74441.68480847763,10.5594885939723
7972,74682.79755460468,10.5573854333723
7973,73933.00396250913,10.541559452372299
7974,74346.92184060896,10.532555330372299
7975,74602.01544511339,10.532038267172299
7976,74823.67938409763,10.540294596172298
7977,74678.98621337698,10.546083633472298
7978,74939.1476380181,10.546310407672298
7979,75082.74441403647,10.545622415002297
7980,76384.56710363846,10.530876241002296
7981,76503.72690610483,10.535345897002296
7982,76136.48673141988,10.530640867002296
7983,75926.80632923343,10.532381150702296
7984,75999.63196058471,10.532841391862297
7985,76177.21975338965,10.536067405862298
7986,76442.48175984515,10.537362171862297
7987,76253.82460438766,10.534750023462296
7988,76238.12336771032,10.539558632862295
7989,76455.94544465166,10.539395463892296
7990,76703.32828958695,10.546137478892296
7991,76225.98571315,10.546607125712296
7992,76273.07680079144,10.548330862512296
7993,76312.27661639168,10.551861281712297
7994,76199.42415208058,10.547371062712298
7995,76614.42995975338,10.553214595712298
7996,75405.90965116014,10.551265920212298
7997,75440.98661629578,10.551536449252298
7998,75239.70294237435,10.547913224452298
7999,75639.825124472,10.549216908452298
8000,75498.5871904871,10.551031925552298
8001,75763.8920193222,10.547389235152298
8002,75645.07525778096,10.545231727452299
8003,75851.12692825716,10.544704547052298
8004,75926.60756035594,10.549158321052298
8005,75960.44495685487,10.548746790352299
8006,75815.03071711946,10.550139766652299
8007,74752.27184094345,10.553326482852299
8008,74885.89132502802,10.559704091852298
8009,74995.81589056585,10.566137181552298
8010,75503.0002716212,10.566143707475298
8011,75181.1897227975,10.572117212475298
8012,75194.31351892956,10.566902384875299
8013,76193.29967578239,10.569718405375298
8014,75956.1026193349,10.574630352375298
8015,75872.95766657438,10.573430363175298
8016,75731.23313495009,10.576300492375298
8017,76059.7920296688,10.577510630375297
8018,76276.76694652216,10.581791194375297
8019,76527.18467842072,10.580042511075296
8020,76196.73713440656,10.583689608975297
8021,76249.94147182214,10.585207663175296
8022,76476.47901856073,10.584859829175297
8023,76416.53545420585,10.585169541575297
8024,76971.74824421719,10.592357670575296
8025,76908.74378171218,10.590385173875296
8026,77237.50828056192,10.595631760475296
8027,77202.21680705635,10.593970648775295
8028,77519.88048290415,10.595265230675295
8029,77281.87882956571,10.596315907875296
8030,77289.5935101219,10.599650064075295
8031,77430.71451527988,10.598181568275296
8032,77701.92833796526,10.599339453775295
8033,78075.28734686002,10.597732575775295
8034,78242.92375664851,10.599019558475295
8035,78679.35095503302,10.606478593175295
8036,78216.70488423218,10.625469512175295
8037,78206.80802366365,10.626235823305295
8038,78237.11218184151,10.632010083305296
8039,78129.50586700535,10.633021048505297
8040,78602.19472155893,10.637013291505298
8041,78701.18304787973,10.637422668005298
8042,78546.03380221322,10.638047087135298
8043,78547.64329268353,10.638832269775298
8044,78673.10680707902,10.646815241775299
8045,78864.01215155986,10.649366725975298
8046,78997.09585818253,10.649692697605298
8047,78504.59320388043,10.651705992305297
8048,78842.32035636649,10.656650321005298
8049,78520.51099768735,10.659318475205298
8050,79100.60317990535,10.661330992205299
8051,79085.51403348039,10.6539397412053
8052,79449.60278242933,10.660712210905299
8053,79600.85596479136,10.661935707505299
8054,79139.90627330211,10.664111438505298
8055,79131.6726682493,10.663083625405298
8056,78891.8429269399,10.665764397605297
8057,79062.94028186837,10.668383500405298
8058,78996.63927027951,10.655490993405298
8059,78935.31771273367,10.651854728705297
8060,78819.640948913,10.650541827305297
8061,78778.21361755802,10.652310853005297
8062,79023.15057936964,10.649476391805296
8063,78972.61672069778,10.648775266905295
8064,78985.05812043734,10.652180586905295
8065,79537.44064570402,10.653080098765296
8066,79674.23076664402,10.655787020165295
8067,79721.58452424117,10.655060840825294
8068,80098.59905847815,10.656246826025294
8069,80119.48328395562,10.656290436922294
8070,80170.83917249636,10.657025534372295
8071,80322.32546856138,10.654878149172294
8072,80345.93415666843,10.663474671172294
8073,80755.4849417204,10.663569262812294
8074,80945.69203400485,10.666918556512293
8075,80945.46031930394,10.668061132112292
8076,80990.16993722034,10.669078713412292
8077,81094.0769398607,10.668057237212292
8078,80988.48346646127,10.671735677112292
8079,81142.49648756445,10.679398634112292
8080,81349.08250854842,10.680292332412293
8081,81518.55810967655,10.679498789012293
8082,81585.03052665654,10.676225272812292
8083,81594.89453377004,10.677958022312293
8084,81552.16029297007,10.679601153912293
8085,81638.12816837904,10.678521011112293
8086,81605.3575403943,10.676982727612293
8087,81635.07491312193,10.683048555912293
8088,81624.29776074519,10.681985255112293
8089,81570.66423858359,10.681329977612293
8090,81680.87481167498,10.690263787612293
8091,81782.27397242379,10.688101847612293
8092,81891.31409021199,10.684696353012292
8093,81989.30082271052,10.684285444612293
8094,81949.22552160887,10.683118859112293
8095,82101.0771414832,10.683192578067294
8096,82099.91530919001,10.691432405067294
8097,82069.38551317526,10.692728503367293
8098,82467.14882392978,10.696992079367293
8099,82359.74631422397,10.697820830967293
8100,82354.55955930508,10.693463863167294
8101,82437.44107274918,10.691139847767294
8102,82471.78540102446,10.694820293067295
8103,82696.339792741,10.695126399587295
8104,82924.57719188808,10.696047022547296
8105,82852.34330094252,10.696483179967295
8106,82765.12661103539,10.697789561267294
8107,82909.27965006488,10.705409757567294
8108,82937.13582655518,10.702354822067294
8109,83003.64612639253,10.703667778867294
8110,82960.81886790652,10.708437213867294
8111,83092.4974736052,10.715095255867293
8112,83215.67717372472,10.716522817267293
8113,83246.0115581782,10.716871744337293
8114,83094.10654220136,10.717803026397293
8115,83364.67354185991,10.723347756397294
8116,83708.87525810441,10.724118774397294
8117,83873.22419939924,10.722249399197294
8118,83931.8810536494,10.724071923997293
8119,84097.52234151233,10.723000081797293
8120,84127.45669059962,10.726614767297294
8121,83812.15867663972,10.731891894797293
8122,84001.87597959474,10.732304580247293
8123,84023.62083961382,10.738134510247294
8124,84346.0004666324,10.741421916647294
8125,84100.51575922409,10.742431952547294
8126,84307.78703094673,10.742288681987294
8127,83975.73787781435,10.743005992457293
8128,84026.49975018366,10.745150524457294
8129,83998.14025026256,10.745502022967294
8130,84202.86297882599,10.747027714567293
8131,84074.5329403005,10.745283053867293
8132,84506.13880334815,10.746675222367294
8133,84542.72946539898,10.748956871667295
8134,84463.39557835426,10.751888025667295
8135,84165.33201754432,10.746090627667295
8136,83880.3166160838,10.747606380967294
8137,84190.37161711072,10.745708144967294
8138,84113.10110470794,10.748074812367294
8139,84049.43658820921,10.742781243367293
8140,83830.71349544404,10.747588627167293
8141,83797.63372823731,10.747139571167292
8142,83836.32628506758,10.747207337777292
8143,83780.37144521822,10.750420618077293
8144,83626.58646584144,10.752380405477293
8145,84028.00495233372,10.752433990140293
8146,84193.35647888498,10.759455566740293
8147,84046.03634132794,10.759550137540293
8148,83778.18654860587,10.754485464240293
8149,83505.46218639486,10.750978790540293
8150,83925.01653396757,10.751290766870293
8151,83540.80128730129,10.752413546570292
8152,83067.62080042833,10.753099598010293
8153,83607.56897466366,10.753611414480293
8154,83603.91929400488,10.760822389980293
8155,83876.0568566659,10.760563346240293
8156,83280.04005509883,10.756383984940292
8157,83499.45895933647,10.760106347940292
8158,83986.60473934085,10.761997284440293
8159,84143.08024982,10.765059080040293
8160,84386.33228247878,10.764738831180294
8161,84566.91857787709,10.767833983780294
8162,84684.33665762996,10.769684454980293
8163,84842.3349683046,10.775248308280293
8164,84965.88000938429,10.775102215520294
8165,84993.30985880148,10.775863490180294
8166,83918.12927528519,10.771352638180295
8167,83535.46481283668,10.778843838180295
8168,83456.89247735038,10.783775254180295
8169,83556.1465828315,10.780559781780294
8170,83742.09010857607,10.785943832980294
8171,83863.10961325707,10.784506676480294
8172,84173.9069851613,10.778412933480295
8173,84521.08916678197,10.779551525480295
8174,84761.1063914595,10.783049838480295
8175,84729.88369707193,10.783572277440294
8176,84437.45701697108,10.786247369740295
8177,84412.50809578387,10.790635349140295
8178,84265.76545924015,10.792493642940295
8179,84039.19059047155,10.795481994640294
8180,84131.42878736265,10.796793032140295
8181,83655.56933645501,10.802872756140294
8182,83961.7768954222,10.802248962440293
8183,84147.16229061257,10.805511656240293
8184,84626.55704682485,10.806928014840294
8185,84811.6624668231,10.808488166040293
8186,85382.70329154868,10.793187950040293
8187,85556.8180054338,10.793550589560294
8188,85716.30103049363,10.798628442860293
8189,85588.6160312888,10.803153545560294
8190,85407.72679364044,10.802782095440294
8191,85866.56899322105,10.801906182600295
8192,85967.26834224862,10.800624615600295
8193,85935.17113871711,10.804353787000295
8194,85553.75729151914,10.804802847030295
8195,85651.49104635348,10.807453189630296
8196,85825.55109855205,10.806644494630296
8197,85734.96106214005,10.801204041130296
8198,85947.58837811506,10.803450905130296
8199,85998.45486482835,10.803354509635296
8200,85886.84785027278,10.803469655625296
8201,85734.93518753366,10.802781774825297
8202,86146.73318153748,10.806404522825297
8203,86179.40658455661,10.810084722725296
8204,85966.38220862304,10.809679245395296
8205,85796.00664784975,10.809881311255296
8206,85934.3202519401,10.812155457555296
8207,86069.54599986947,10.813317025755296
8208,86003.50320190241,10.813044454255296
8209,85858.6088342844,10.812188442155296
8210,86022.94809290793,10.816368653755296
8211,86067.6986731107,10.816500493525297
8212,85835.45030722508,10.816019208105297
8213,86196.12413991675,10.824981493105298
8214,86048.51132929474,10.828912977105299
8215,86081.73930269666,10.8312890276053
8216,85757.07539462262,10.8328999580053
8217,85695.02545537474,10.8276780454053
8218,86027.74204757689,10.8359812184053
8219,86338.9905645522,10.857449826405299
8220,86123.40989288945,10.859271134005299
8221,85997.60223675419,10.8642870004053
8222,86243.69873715423,10.8760753954053
8223,86342.3710153164,10.880919877005299
8224,86473.14155271086,10.882340223105299
8225,86990.46859209337,10.880685089105299
8226,87465.92792496708,10.8825315206053
8227,87514.68738437418,10.8830099839053
8228,87514.14516868914,10.8783543579053
8229,87689.40355121698,10.877129152205299
8230,87785.60239587139,10.876171997205299
8231,88333.64870169925,10.875873276685299
8232,88475.73933815722,10.883637598685299
8233,88804.95411368065,10.887790116685299
8234,89299.25365106012,10.887025839985299
8235,89682.66571176318,10.887851791185298
8236,89939.13313217163,10.885081878585298
8237,89776.80399642403,10.886306473285298
8238,89773.67957259991,10.886140264625299
8239,89684.44649217096,10.8869872494253
8240,89279.87385550242,10.8875262865953
8241,89262.52032732702,10.8876904811653
8242,89431.2998199061,10.8744440511653
8243,89101.52848396386,10.8754326828653
8244,88771.02712470874,10.8770134189653
8245,89243.49092534468,10.8743323396653
8246,89469.11851449203,10.877552213565298
8247,90116.55719190947,10.880682784065298
8248,90301.74011139521,10.884600170365298
8249,90504.06348989968,10.876937729665297
8250,90359.00499785185,10.882696893465297
8251,90428.18907031073,10.881289454765298
8252,90609.03682160213,10.877788051765299
8253,90767.58319134061,10.8772066786653
8254,91040.80298396114,10.8812912932653
8255,90845.43736861966,10.879485585565298
8256,91624.13793087578,10.885199223065298
8257,91704.4932618946,10.886414386765297
8258,91789.12233532885,10.886365192269297
8259,92197.4317158195,10.888679861569297
8260,91776.56528382329,10.894380202969298
8261,91614.88584942976,10.893255460169298
8262,91835.66891097485,10.894022866709298
8263,91762.26479856782,10.895169215709299
8264,91733.56517573682,10.8943603449393
8265,91893.31125371033,10.8948291389093
8266,91895.69576687069,10.8975914400093
8267,91366.08102269594,10.9029282196093
8268,91590.85893243056,10.9113645436093
8269,91683.36819122368,10.913347048309301
8270,92614.733136894,10.9128102513093
8271,92933.3872404977,10.912340028379301
8272,93139.57250609802,10.9147769093793
8273,93156.35779572936,10.9147491182193
8274,93411.41724841787,10.920493948219299
8275,93807.56783892472,10.9216133918193
8276,93995.51328981045,10.9223411626693
8277,94166.64023356735,10.9240533600693
8278,94674.29613173218,10.9276718914693
8279,95028.73614265969,10.9320952474693
8280,95059.88218154252,10.931391264809301
8281,95639.63976000343,10.938509282209301
8282,95746.14483752125,10.936631490809301
8283,96032.26169211858,10.9417522628093
8284,95809.60049309146,10.9380736052093
8285,96329.98161949606,10.9432007385093
8286,96370.09543906563,10.9427844101093
8287,95871.26526419263,10.942422628979301
8288,95727.7105556596,10.9434262556793
8289,95683.67085680953,10.945334773679301
8290,95599.15629301,10.950579255979301
8291,95566.54533386888,10.952692560979301
8292,95800.25736294773,10.961759326979301
8293,95944.55470913586,10.9614726663793
8294,95838.4666082692,10.9651304233793
8295,96066.34765314093,10.9680238460793
8296,96385.96452263587,10.975680732079299
8297,96192.49943392674,10.9834086726793
8298,96305.50800791496,10.9824738954793
8299,96379.69525140135,10.9861719778793
8300,96977.84049718291,10.9831370529793
8301,97469.12597011666,10.9780297679793
8302,97438.97929773676,10.9821602519793
8303,96823.0824859669,10.9907318664793
8304,96930.92589424294,10.9924048419793
8305,97002.6890997376,11.0056856589793
8306,96765.69282814849,11.0053799438193
8307,96817.99695911589,11.0101984138193
8308,96827.89722281286,11.0164130778193
8309,96702.77402571107,11.017019332259299
8310,96761.74438882296,11.023239026259299
8311,97103.20684086347,11.027088617359299
8312,97360.43211909804,11.031774573859298
8313,97680.60852063108,11.033438325259299
8314,97519.48892832878,11.027153279459299
8315,97861.81341392835,11.026369780829299
8316,98061.95615730599,11.029063952229299
8317,98462.47384088382,11.0299050288293
8318,98585.17020402009,11.0311582272293
8319,98374.1304089419,11.0317408163293
8320,98341.31787120763,11.0314010479993
8321,98478.51178843621,11.0346672823993
8322,98722.97320150868,11.0420952709993
8323,98543.3170460259,11.0428465089693
8324,98965.77490687177,11.041453888269299
8325,99251.42482075712,11.043371158469299
8326,98916.47319655195,11.0403113334693
8327,99076.13381103108,11.0398578412693
8328,99746.7117982656,11.043992840869299
8329,99738.236247349,11.0481070668693
8330,100102.4513620358,11.0505985361693
8331,99601.83139498797,11.0478136199693
8332,99646.5323303833,11.0485403661293
8333,99713.8831027165,11.0523548527293
8334,99683.5861581255,11.0527538573693
8335,99472.87848262997,11.0541817137693
8336,99360.34580993134,11.0591790257693
8337,99478.32695026037,11.059767782969299
8338,99759.3696079753,11.0647010489693
8339,99656.38533717788,11.0651537639993
8340,99969.95228010125,11.0590790759993
8341,99606.08201768096,11.0601605079993
8342,99393.93535645607,11.0397220509993
8343,99407.91859423957,11.0449354239993
8344,99388.89077542958,11.0446275877493
8345,99653.27006513118,11.0441508259493
8346,100029.04812671861,11.0501890642493
8347,100003.43255603597,11.0516796122493
8348,100215.97383138393,11.0511704464493
8349,100338.63484616163,11.0600894134493
8350,100657.8383323296,11.061696046149299
8351,100713.60628168478,11.0605276400493
8352,101123.7205061213,11.065814296049298
8353,101338.09366212232,11.067523801849298
8354,101694.31512992678,11.062597970849298
8355,101568.40568989993,11.061152104549299
8356,101351.40513647602,11.063655823249299
8357,101192.16752494483,11.0622188417493
8358,101167.60511571617,11.0627902931893
8359,100969.67155623192,11.0636598096893
8360,100955.11747476782,11.0610195246893
8361,100864.08541145154,11.0624114602893
8362,101047.02189711368,11.0674879696893
8363,101150.05978785503,11.0715977506893
8364,101546.2928940608,11.071755623729299
8365,101591.65231924217,11.0705628967293
8366,101917.41523788084,11.076890032729299
8367,102222.291798971,11.078427409029299
8368,103664.77171856069,11.0698649120293
8369,103596.68194523291,11.069278240389298
8370,103495.97446079078,11.069833222439298
8371,103688.8006258992,11.073825637439299
8372,104369.36095933712,11.0752821012393
8373,104513.3711290797,11.082596211239299
8374,104459.3067802481,11.080880753839299
8375,104692.09298743689,11.079926239939299
8376,104663.99827591416,11.078489912839299
8377,104862.2836240631,11.073230180539298
8378,105036.89023197466,11.067148700939297
8379,105342.24518134272,11.070844402139297
8380,106379.16555976399,11.072201546039297
8381,106885.92622470351,11.069909898039297
8382,107140.6670678855,11.065948849439296
8383,107223.07581193012,11.065451770339296
8384,107454.96798360626,11.064831718469296
8385,107494.96914419864,11.064278973169296
8386,108009.85665252618,11.070281443169296
8387,107963.90814700468,11.059394695169296
8388,108061.24894640956,11.067031804769295
8389,107741.90280992027,11.068582619369295
8390,107798.71721623903,11.065892707869295
8391,107885.80181165929,11.073599915869295
8392,107463.74124854004,11.073140086369294
8393,107635.20997496764,11.072653931299294
8394,107864.15664309572,11.072908639349295
8395,107988.10185696893,11.074708482049296
8396,108171.03374470987,11.063789345049296
8397,108664.50066549302,11.063703427109296
8398,108751.51927803768,11.069656847509295
8399,108838.99829869764,11.069633965641295
8400,108605.09697869183,11.070876017141295
8401,108668.2093554379,11.069891437541294
8402,108812.99750836364,11.070988060541294
8403,108441.21777197176,11.066251557841294
8404,108313.87836220508,11.062984390441294
8405,108457.04524205616,11.065456695641293
8406,108873.72470477883,11.069530918941293
8407,108403.67332928789,11.070505239981292
8408,108615.75518638018,11.073081572481293
8409,108280.79704662923,11.077332776481292
8410,108067.04022836572,11.075986209181291
8411,107208.19936375995,11.063942779181291
8412,107375.39350961403,11.066299693181291
8413,107544.54237503621,11.072495341181291
8414,107515.32669129939,11.076698934181291
8415,107705.44893564988,11.07871639708129
8416,108034.1416889933,11.08174703308129
8417,108616.50286275793,11.07458812908129
8418,108133.45036518322,11.07694895958129
8419,108953.11392176429,11.07474436558129
8420,108829.69048329511,11.07806844308129
8421,108357.83916141423,11.06615726208129
8422,108751.39306701571,11.06625097069629
8423,108715.47287665322,11.065803117256289
8424,108643.40999160927,11.063808767756289
8425,108883.25253068501,11.05925834975629
8426,108984.72355579966,11.05898357435629
8427,108748.58758679868,11.05327408175629
8428,108814.10283083231,11.057181993256291
8429,108848.20536652488,11.057846392056291
8430,109214.41848108558,11.057786364386292
8431,109395.48923747614,11.060200352986293
8432,109217.60886823223,11.060261146346292
8433,109109.41185423183,11.061012886246292
8434,107757.64553092269,11.057209746246292
8435,107836.80892659815,11.062978548246292
8436,107761.11974022829,11.063118123906293
8437,107698.29869285003,11.063729881106292
8438,108111.60375172105,11.069215333106293
8439,107706.04763320285,11.079939600106293
8440,107659.14244863746,11.080818489106294
8441,107645.22195249399,11.084517738506294
8442,107750.83089284088,11.085677866906295
8443,107330.51054694854,11.088439381306294
8444,107381.47270478,11.094568815306294
8445,108345.53207690593,11.087825861006294
8446,108685.82394074414,11.091575540806295
8447,109019.41540519611,11.099465591806295
8448,109106.07293908563,11.100082864306295
8449,109618.94148435573,11.102606511006295
8450,110140.5929241422,11.099361835806295
8451,110470.6791265561,11.100836942606294
8452,109955.75032477375,11.100159062936294
8453,110277.23740819281,11.100963666736295
8454,110709.07634297182,11.108191546236295
8455,111606.59416062984,11.111923009836294
8456,111607.23280466638,11.111176718336294
8457,111293.27870119517,11.113599161036294
8458,111532.5241707613,11.118317057736295
8459,111723.76380369456,11.119538954536296
8460,112165.12886777234,11.119091485096297
8461,112288.29215767053,11.119185201060297
8462,112660.56537292045,11.122992528760298
8463,112240.6000426091,11.136448748760298
8464,112193.10465599613,11.143752427160297
8465,112457.15983398895,11.147518969160297
8466,112549.22032386377,11.154369310160297
8467,112837.759304747,11.155189643060297
8468,112941.600941671,11.159265301060296
8469,113073.65393302769,11.164830381060296
8470,113425.52268054325,11.165025592440296
8471,113266.50455536817,11.166929699340296
8472,113709.84748234569,11.167674149240296
8473,113808.77353731435,11.166234621040296
8474,113904.52377199588,11.165700329200297
8475,113610.0423516871,11.174661113200296
8476,113826.30722450458,11.174383023980296
8477,114254.66692082488,11.174521205330295
8478,114358.49965406959,11.183140252330295
8479,114526.3806647299,11.185735951530296
8480,114616.93096363614,11.190232003030296
8481,114741.72811309951,11.193703373630296
8482,114777.44182019989,11.193706047719296
8483,114792.95640752705,11.196689232219295
8484,114961.0779700593,11.195466183419295
8485,115283.6466839301,11.202729667819295
8486,115520.23398557251,11.204707750119296
8487,115789.86408012274,11.208414443719295
8488,116285.28482732033,11.215556545119295
8489,116257.22400314444,11.215558041783796
8490,117408.22992821706,11.217404594883796
8491,116699.80410801242,11.218914965983796
8492,116826.34429634242,11.221886925283796
8493,116349.3586415381,11.226783859883795
8494,116404.29273176164,11.228449834183795
8495,116814.6507478538,11.229820114583795
8496,116687.46554940478,11.233511971283795
8497,116191.78553890469,11.235697100883796
8498,116467.51989335335,11.241585589883796
8499,116890.74650860601,11.241849410953796
8500,117028.17080965468,11.240393171653796
8501,117795.82031435533,11.243411400253796
8502,117464.9494891266,11.244558575853796
8503,117577.69174270178,11.244229517793796
8504,117695.37612444194,11.247667637793796
8505,117299.3075270126,11.249551107293795
8506,117751.29837975798,11.252138236893796
8507,117800.67750919487,11.254981813393796
8508,117909.13792412524,11.259801538393797
8509,117513.90741349485,11.256541212093797
8510,117602.57285175475,11.254834770093797
8511,117601.73277416939,11.256982587393797
8512,117582.7183591741,11.256305574893796
8513,117808.97539991794,11.261257998193797
8514,118036.84701003472,11.261555123423797
8515,118365.5564583246,11.262545656623796
8516,118371.9871572126,11.260112627423796
8517,119042.188633399,11.259552138753795
8518,118818.98841048671,11.261847750753795
8519,119228.9681376073,11.260698021053795
8520,119210.62500289413,11.265501659453795
8521,118952.66768255775,11.266858183753795
8522,118973.2428493571,11.266132432013796
8523,119092.6353301196,11.267650518413797
8524,119268.65822283154,11.274357601813797
8525,119094.62174263189,11.267925068113797
8526,119593.7539001973,11.275011212413798
8527,119735.93365208407,11.272695173113798
8528,120090.43817767211,11.271086386813797
8529,119850.58755002175,11.267709278013797
8530,119157.95218802794,11.267127839913798
8531,119410.22077365748,11.271716233913798
8532,119501.16020654843,11.278012907913798
8533,119618.43393682943,11.275489879613797
8534,119566.28675065513,11.275265744813797
8535,119411.64131756008,11.273947988713797
8536,120139.96652039174,11.276359858513796
8537,120230.7444833325,11.282302910013795
8538,119857.864423245,11.282049329243796
8539,120235.44655277225,11.281210459293796
8540,120516.72657081582,11.270934810293795
8541,120657.98285213878,11.275376927293795
8542,120429.66192010888,11.278079560293795
8543,120897.34520122752,11.276639978693796
8544,120458.48776560866,11.277016914833796
8545,120485.33532208156,11.277412506583795
8546,120410.99274961767,11.278146325783796
8547,119224.47065377746,11.288675478783796
8548,118960.04293876338,11.288072019943796
8549,117912.16329629003,11.290219263543795
8550,117816.6779557054,11.290480182963796
8551,118446.60445265411,11.299172100963796
8552,118099.39611713843,11.315663668963795
8553,118300.50333901799,11.318464014663796
8554,118226.11783983633,11.320492561463796
8555,117289.49086944661,11.321844320563796
8556,117479.61064803714,11.323679095263797
8557,117575.80673607922,11.324061865433798
8558,117609.4253205357,11.316220294433798
8559,117504.10586846419,11.316983719573798
8560,117488.07290675999,11.320876714273798
8561,117562.13960844498,11.321251965073797
8562,117824.8265311487,11.320879924673797
8563,118504.92933926012,11.314735938673797
8564,118829.48693053021,11.312696739873797
8565,118442.66013719629,11.308905790873796
8566,118487.94975596463,11.313452100273796
8567,118736.8714683854,11.320001162973796
8568,118991.0457303995,11.314854362473795
8569,118185.20913261331,11.319699672973796
8570,119107.495008326,11.318487406773796
8571,119058.73199728626,11.320508881973796
8572,118873.74795705457,11.319847563073795
8573,118540.39918552758,11.320907022473795
8574,118572.33901414755,11.325873696473796
8575,118212.83093113876,11.326313102613796
8576,117630.6671387367,11.317344899613795
8577,118141.00049501673,11.317847046813796
8578,117958.95720456546,11.321220746313797
8579,118304.03219111866,11.320587852553796
8580,118359.56004008568,11.320978682883796
8581,118644.41679807917,11.324127411583795
8582,118351.27681714181,11.323347425433795
8583,118909.76920200324,11.326072871433794
8584,118810.65337891117,11.326503340483795
8585,119442.64704580249,11.331507711083795
8586,119749.67752331961,11.331970717113794
8587,119905.95091236237,11.335945368613794
8588,120181.80498425399,11.329432183613795
8589,119941.3765962926,11.332045363913794
8590,120199.26472105122,11.339973751913794
8591,120473.04378829901,11.345842992413793
8592,120822.51425861333,11.347932336813793
8593,120803.32368520349,11.348181488333793
8594,120524.63237447558,11.352074313833793
8595,120939.78904034526,11.356242275833793
8596,121093.27727015219,11.355853505963793
8597,121086.96014944607,11.352328942663794
8598,121526.02047403489,11.351531383763794
8599,121526.48433135689,11.353105507663793
8600,120303.18196942261,11.353012262573793
8601,120113.77922624837,11.353613698573794
8602,119561.85460899706,11.351599487573793
8603,119724.95409994131,11.357048402173794
8604,119980.32395501282,11.363340612173793
8605,120201.21983742867,11.362685085413794
8606,119613.7536844489,11.357775632413794
8607,120409.82622832473,11.362261736413794
8608,121302.97887781491,11.362635560043794
8609,121432.89902622742,11.367429651043794
8610,121086.4701881335,11.368866023543795
8611,120937.85398242927,11.371618549243795
8612,121398.05752834116,11.371668164493794
8613,121802.78279755433,11.373769889693794
8614,122408.97929137321,11.371225938993794
8615,122397.54027385789,11.371538314363793
8616,123173.86696655702,11.372836751063794
8617,123333.07921596407,11.369427285063793
8618,123688.27577077829,11.366482397663793
8619,123533.73391226311,11.369420216563793
8620,123806.34683444974,11.371253578863792
8621,123869.38159787703,11.366320741863792
8622,123734.81353108198,11.365872690463792
8623,123776.87286630893,11.366256004213792
8624,123456.69224825004,11.365705483013793
8625,123349.62890103,11.373028185613792
8626,123323.30434975926,11.374158586813792
8627,122871.55015796133,11.375014538613792
8628,122972.7918366235,11.376332264713792
8629,122980.17777261716,11.376598139643791
8630,123030.26464504008,11.379015684243791
8631,123373.02880779514,11.382055633843791
8632,123487.94522494092,11.378693720743792
8633,123226.79584504351,11.378595572178792
8634,122917.34013873244,11.378636693504792
8635,123112.42807554855,11.384909225104792
8636,123317.0147573079,11.385541196734792
8637,123651.62117207814,11.387424258034791
8638,124348.46424809561,11.387476835444792
8639,123119.59440496619,11.389204404944792
8640,122770.85921264265,11.390679129144791
8641,123704.55622478916,11.393793716144792
8642,124248.16887070022,11.389922974644792
8643,123491.51733986058,11.392917259844792
8644,123329.89482804731,11.392599710074792
8645,123050.11166255582,11.393142571674792
8646,123705.26088733987,11.385460324674792
8647,124216.8436721058,11.388858814674792
8648,124074.3856967356,11.387991561174793
8649,124337.65801907604,11.391644411774793
8650,123900.53472078062,11.394558489374793
8651,124149.16131470489,11.396625646374794
8652,124235.33627681297,11.402010662974794
8653,124603.54397258752,11.401406913574794
8654,124459.95494797011,11.402804009174794
8655,124778.89889109874,11.402566391624793
8656,125271.05698995142,11.401556587524793
8657,125534.56904281679,11.405566420124792
8658,125352.56613732342,11.403226396724792
8659,125220.49009827248,11.409041203724792
8660,125169.05808351721,11.408729696024793
8661,125051.45495676789,11.409636446584793
8662,125217.07774312164,11.410679573384794
8663,124754.57247625658,11.413523212684794
8664,124926.96211209235,11.415359644684793
8665,121639.50148356796,11.414144289084794
8666,121545.35234520634,11.412442557284793
8667,119823.96568489059,11.414026771484792
8668,119673.57717780994,11.418089312484792
8669,119818.66950655183,11.415514810684792
8670,120499.79280007361,11.418226768484793
8671,120401.6497134061,11.418566829384792
8672,120865.27332654133,11.426675820384792
8673,120918.89926854313,11.427042265144792
8674,121376.70238078397,11.426324261194791
8675,121787.9189288918,11.434238616194792
8676,122787.15604275315,11.434442422814792
8677,122653.93086108365,11.437798353614792
8678,123388.67187837575,11.440452766414792
8679,123692.38495055203,11.443642145114792
8680,124077.10189970773,11.451710611114791
8681,124386.84080523366,11.452655484914791
8682,124409.76839971414,11.452656977883091
8683,124714.57202126902,11.457102711383092
8684,125358.75664576517,11.460054405583092
8685,125460.48384769337,11.466475666083092
8686,125847.41690230949,11.468101723983091
8687,126312.81178751063,11.468520218783091
8688,126922.73991438633,11.47190021398309
8689,127080.66352083253,11.470440476083091
8690,127163.28180416304,11.47277402888309
8691,127775.88970620341,11.47185076448309
8692,128097.30736290879,11.47335128018309
8693,128427.87445446674,11.47885429318309
8694,128944.446991415,11.48251439368309
8695,129241.12421895844,11.48510792588309
8696,129127.50901871141,11.482976831183091
8697,129339.70238193296,11.48586894118309
8698,130003.91711105681,11.49027977918309
8699,130307.14560554836,11.49594462418309
8700,130487.44517878049,11.49503415625309
8701,131176.88180658495,11.49781956825309
8702,131443.16297980404,11.50134074985309
8703,132006.6369483881,11.50619347735309
8704,132427.84640529775,11.51653191885309
8705,132585.38802740877,11.51796680135309
8706,133225.7466142593,11.51997227505309
8707,133906.46769658301,11.521367124953091
8708,134205.32548066566,11.528279881653091
8709,134146.80176854573,11.531442858253092
8710,134561.750746041,11.530909705553093
8711,134082.29827977644,11.532524759753093
8712,134236.90588286865,11.525145802553093
8713,134246.41290701,11.528763230553093
8714,134681.86529820357,11.530835699553093
8715,134936.77828419005,11.537050820253093
8716,134449.68636259946,11.540034698353093
8717,134365.43004624033,11.538817712153094
8718,134294.52735710368,11.535271861853094
8719,134322.11946503434,11.536101676453093
8720,134611.18411820158,11.537989936353092
8721,134621.80824533306,11.537062651293093
8722,135217.3057543926,11.540943322993092
8723,135950.96178126294,11.545279433993093
8724,135530.00451473758,11.546742181293093
8725,135407.07636516853,11.549076023093093
8726,135718.14923529685,11.548887058933094
8727,136217.17937345,11.549420292733094
8728,135683.6714411503,11.548864395733094
8729,135262.1561404002,11.546465715533094
8730,135035.77065606846,11.544608778133094
8731,135725.54987395083,11.523850034133094
8732,135999.46311660876,11.524334840003094
8733,136288.72480829395,11.534128043003093
8734,136737.33729965857,11.543453909003093
8735,137404.71600762382,11.546497534303093
8736,137389.2383323207,11.550432314903093
8737,137790.35232745303,11.549990742003093
8738,137850.86144773956,11.544582315003092
8739,139101.8569125709,11.544002580203092
8740,139038.11600160226,11.544983544903092
8741,138643.15323404645,11.544780124583092
8742,137918.25868582903,11.546758455383092
8743,138120.5778202409,11.550139057183092
8744,138500.1352398996,11.555821671183091
8745,138892.0000850901,11.555701266657092
8746,138925.6326023511,11.558400300257093
8747,139587.94958065785,11.564216849757093
8748,140252.06405556644,11.561758909057094
8749,140166.5887675224,11.566323328457093
8750,140771.88192179066,11.569980306057094
8751,140692.4635740381,11.570366206897093
8752,141063.54890882454,11.576049072497094
8753,141387.4097704377,11.578883031197094
8754,141797.96252840172,11.586673464397094
8755,141940.55912541467,11.585984865557094
8756,141904.2290092266,11.590804181557095
8757,141652.1342590655,11.587985927257096
8758,141502.8946982174,11.589093739457097
8759,141306.7643987666,11.591671743457097
8760,141217.2675334438,11.591163927157096
8761,141300.85665226504,11.593082441557096
8762,141008.93999084758,11.598653517557096
8763,140413.28692434158,11.614649375557097
8764,140231.61809347823,11.614643272105496
8765,140479.95580850774,11.614622954517497
8766,140457.46647633755,11.615461134017497
8767,141425.7278595904,11.618517036217497
8768,141067.61656136502,11.618573254777496
8769,141167.10683261396,11.619644550677496
8770,140184.39807784665,11.615232641377496
8771,140878.58821718203,11.607859299377496
8772,141386.49331134235,11.611883323977496
8773,141414.09911464874,11.618451305577496
8774,141299.99473241577,11.616009402277497
8775,141299.04836891865,11.615999285378496
8776,141265.57118231524,11.615622165418497
8777,141503.4781976771,11.615441789338497
8778,141563.00958403127,11.620940038338498
8779,142039.43026650167,11.627510896738498
8780,141721.3534445057,11.629628395038498
8781,141691.8961935118,11.632205787238497
8782,141464.9140789549,11.622465010238498
8783,141535.8562860225,11.620302914338499
8784,141855.43311064443,11.619147663538499
8785,142210.6367603533,11.617931551038499
8786,142096.61416888874,11.616829777338499
8787,141467.41675569655,11.615328661138498
8788,141575.8683313102,11.617170479938498
8789,142789.04114947267,11.614925885438497
8790,145717.2097336071,11.624296137938497
8791,146297.42602388587,11.627188993538498
8792,146453.76294984345,11.633065795538498
8793,147729.68409612263,11.629600646638497
8794,147589.09185352988,11.634501624138498
8795,148230.93497081526,11.638547845138497
8796,148389.72061539523,11.637030729238496
8797,148380.05347397603,11.636294503138496
8798,148241.72768260146,11.634945511838495
8799,147466.55201687186,11.634814077688496
8800,147514.17533264917,11.623222794688497
8801,147963.6695526682,11.625119700688497
8802,148069.87887342786,11.630669402988497
8803,148768.45215792337,11.625756138588496
8804,148770.8679058702,11.626791101688497
8805,148615.00608282484,11.628808122888497
8806,147196.00934726017,11.627468070988497
8807,146975.69969642762,11.628218062388497
8808,147088.24142948177,11.632713325988497
8809,146539.05394398575,11.633365977638498
8810,146858.13839639278,11.632419328038498
8811,146676.40657547629,11.634260501338499
8812,146815.07463506504,11.637311208138499
8813,147267.12805711338,11.638062164838498
8814,146671.62102604625,11.636558152038498
8815,146822.39962846696,11.644882048038498
8816,146653.13922775546,11.6424636755385
8817,146641.74979592854,11.645838111738499
8818,145603.6820875534,11.6447436928385
8819,145880.18157242943,11.6441072087385
8820,145888.09439283848,11.647673375738501
8821,146458.38554262952,11.6461525216385
8822,146895.46730739818,11.6530283616385
8823,147248.13970361208,11.657478480638499
8824,147370.63758085435,11.6581866367885
8825,146796.85965621006,11.6600243282885
8826,146563.55894496274,11.658049379888501
8827,146632.39710492938,11.6510637548885
8828,146870.97720887038,11.650980152913501
8829,147319.10182725213,11.652081437113502
8830,146976.49748161683,11.654532253113501
8831,146424.5086234024,11.6517226999135
8832,146848.0447359348,11.6513500345935
8833,146779.47187396823,11.6472002101935
8834,148076.39826102788,11.6491086860935
8835,147660.81859162753,11.648998484323501
8836,148000.43627424206,11.650960743323502
8837,147624.17994511733,11.652669869523502
8838,148004.2497634479,11.653513329723502
8839,147339.45611470044,11.653491247570502
8840,147001.0408109785,11.656804815570501
8841,147718.05745356902,11.655289833570501
8842,146608.15803467194,11.658608978770502
8843,146627.154673861,11.658184419750501
8844,146234.5728572163,11.658800993950502
8845,145499.29124013663,11.6618970131505
8846,145417.69659802754,11.667106029750501
8847,145990.7766885754,11.665182542150502
8848,145378.12938701274,11.662602712950502
8849,145795.34145961746,11.662280567920503
8850,145341.03082676383,11.654670227320503
8851,145633.96212807402,11.660158033920503
8852,145654.5221104466,11.661680875820503
8853,145082.28648025714,11.662404539650502
8854,145412.64237207227,11.665911034150502
8855,145431.01528124788,11.668024227450502
8856,145289.4705171863,11.669152468850502
8857,145449.26224507947,11.669594924490502
8858,145197.87793620836,11.672228785090502
8859,145154.63422575424,11.670306299990502
8860,145151.18279735895,11.670196825000502
8861,145833.86625906007,11.675889093700503
8862,145196.80129559492,11.676588472830502
8863,146057.43685172175,11.680032700730502
8864,146576.27211305234,11.684385818730501
8865,146949.5453729714,11.690045842730502
8866,147707.8108756878,11.692159643730502
8867,147880.5139647985,11.694003364030502
8868,147830.16792255716,11.695275166730502
8869,148018.37788606476,11.700310740730503
8870,147717.87726606155,11.699668477530503
8871,147895.53897514107,11.705719200530503
8872,148312.2385754353,11.710033085730503
8873,148242.94714206655,11.708779832630503
8874,147861.27165929187,11.711973114430503
8875,148241.91130057754,11.715518915430502
8876,148595.3181196217,11.722835084430502
8877,148740.59546774253,11.722337884490502
8878,148643.88446197374,11.721882448990502
8879,148905.7156551546,11.721110569090502
8880,149701.76702565135,11.732045612090502
8881,149731.69196576253,11.733406507890502
8882,149556.01687742982,11.733374861636502
8883,149767.25731833515,11.739871421036502
8884,150154.53474792538,11.740945788836502
8885,149767.263604553,11.740487069136503
8886,149932.6287392671,11.739937906636502
8887,148557.62823688393,11.739408261536502
8888,148199.21588949097,11.743269259536502
8889,147819.80378549086,11.745011273236502
8890,148220.40461857736,11.746037660336501
8891,148203.15974218413,11.746505784506502
8892,148155.89317210065,11.748607865906502
8893,148358.4780291295,11.755664996206502
8894,149463.9437076659,11.754547026806502
8895,149021.7537483695,11.751963553106503
8896,148837.38726840407,11.749882803106503
8897,148876.8530540122,11.749887088470903
8898,149009.6498968201,11.752485377470903
8899,149318.45950689656,11.754476348870902
8900,148465.67217480214,11.755716181970902
8901,149168.46195957717,11.748753763370901
8902,149448.07651116623,11.748419474940901
8903,149546.39636820907,11.751863409940901
8904,150005.62783884062,11.7582936819409
8905,150286.2258161803,11.760220453640901
8906,150485.28280776934,11.754879773140901
8907,150405.31943551952,11.756086923140902
8908,150551.1001222741,11.753099241040902
8909,151048.99883638008,11.754487842640902
8910,151877.32325452135,11.760055968440902
8911,151897.967592791,11.758851149140902
8912,151529.39364528054,11.752244772440902
8913,151737.4954015728,11.753473164940901
8914,151264.15146822005,11.755748279940901
8915,151832.30434057623,11.757370295340902
8916,152768.68006403567,11.756818303140902
8917,153034.45042293242,11.763230273740902
8918,153170.74960738802,11.763729036840902
8919,153290.54563007073,11.765994117440902
8920,153543.27405112598,11.766327157370903
8921,152914.183550257,11.769943136670902
8922,152728.18771344904,11.771836474070902
8923,154011.92815335837,11.773567344270901
8924,152950.19152854267,11.769596428770901
8925,153177.37551431885,11.768986835540902
8926,153597.8813848475,11.774290205540902
8927,153436.30002318087,11.778362851240903
8928,150439.70642203005,11.772075277240903
8929,149748.80958803173,11.774582159640904
8930,149702.77550713968,11.773277939040904
8931,149059.14842413753,11.776267716140904
8932,149305.61000479295,11.780574477140904
8933,149379.55065189674,11.786353931140905
8934,149699.7144685171,11.789138766340905
8935,150185.94842249315,11.794228046040905
8936,148475.13327581066,11.811097820040905
8937,147822.53021834925,11.812882101140906
8938,148751.3367226338,11.813221892200906
8939,148875.72057630814,11.812418449640905
8940,148992.27409761617,11.811754224790905
8941,148902.7998789965,11.811617710920904
8942,149081.16381256504,11.811222406130904
8943,148537.32650554494,11.812059355460903
8944,148831.74944049577,11.818641373460903
8945,148131.04027702875,11.821209937560903
8946,148891.08888308558,11.820659191110904
8947,148692.7932295408,11.827526965410904
8948,148554.38234966242,11.829418634510905
8949,149195.75277810515,11.829681090760905
8950,149029.93508175132,11.830937556860905
8951,148921.3983534875,11.832888192860905
8952,148950.0118086567,11.831949115510904
8953,148525.30614169635,11.836785789510904
8954,147680.0772155654,11.842862007510904
8955,148131.48027462466,11.845477478610904
8956,148924.47237984734,11.851278088110904
8957,149614.55606824506,11.853729806410904
8958,149981.70145134645,11.859588970410904
8959,150819.67330441636,11.859574211305905
8960,150519.80734077215,11.860077023105905
8961,150809.3250555533,11.864871475405906
8962,150949.18303722987,11.868481065605906
8963,151340.51529223289,11.868471768910906
8964,152816.90679264918,11.866629934010906
8965,152240.6030624851,11.867158296710906
8966,152330.17036543525,11.866178695710907
8967,152370.10848296096,11.866991649160907
8968,152616.78101535345,11.872406111760906
8969,152792.56854917458,11.876699839460906
8970,152651.78652161456,11.877999447260907
8971,153839.0218541783,11.876597559560906
8972,153823.55316053922,11.869680671960907
8973,152631.44400472508,11.870095290510907
8974,152258.05788747023,11.870554005010908
8975,152367.24172207166,11.874765085710907
8976,152620.8550760908,11.881747695710906
8977,152747.87506474304,11.884128817210906
8978,152473.50175525717,11.885463989210905
8979,152610.79642080492,11.883562447210904
8980,152931.54173646925,11.880925551210904
8981,153161.6051729903,11.879554485210903
8982,153822.50812872715,11.884669218910902
8983,154076.45778369333,11.884051012810902
8984,154689.8321099194,11.886827548510903
8985,155156.21932400364,11.891239443810903
8986,155717.37002962083,11.898894571210903
8987,156106.95174983374,11.904739320710902
8988,156030.3863010336,11.903510563710903
8989,156560.8363612863,11.904889370610903
8990,157459.59724826328,11.905526001910903
8991,158248.5547012,11.906816210710904
8992,158079.5919122779,11.909321760210904
8993,158268.83474585324,11.910694295710904
8994,158222.406667063,11.917776077210904
8995,158486.1160313662,11.917822153610905
8996,158942.68350007103,11.920603672310905
8997,158896.80410956967,11.919263003210906
8998,158755.25978984966,11.919632666510907
8999,158082.26481005904,11.921117195010908
9000,158232.51332404467,11.920689320310908
9001,158052.34815457906,11.920818730940908
9002,158704.76400253095,11.929940377940909
9003,159031.9222245925,11.931568498740909
9004,159455.55583239225,11.932346999080908
9005,160004.94392472936,11.928650012580908
9006,160351.21638405486,11.929874677880909
9007,160594.58559429256,11.93257259198091
9008,160785.44792321758,11.931713069840908
9009,160053.99060814542,11.931492471270909
9010,160063.4710564011,11.930228887770909
9011,161297.8320459563,11.93155989067091
9012,160835.63517284088,11.93452307017091
9013,161359.4798924759,11.93130232827091
9014,160462.71361052885,11.93440911347091
9015,160796.23760724632,11.93960549047091
9016,161612.4295007702,11.93715470327091
9017,162287.9009970583,11.932254321270909
9018,162085.52535545098,11.938742497770908
9019,161675.50922349148,11.939488720770909
9020,161736.44543105652,11.939690212470909
9021,161889.7455579311,11.939237742570908
9022,162463.33225872504,11.945892758570908
9023,162660.92815661407,11.946015787430907
9024,162759.4542068498,11.947169107630907
9025,162581.46066304052,11.947193537793908
9026,163373.58908019424,11.950913506293908
9027,163391.40285194488,11.948958577293908
9028,163344.77197493677,11.950431888393908
9029,163415.88598354644,11.953721744393908
9030,163112.99887134737,11.954072658533908
9031,163461.89031740473,11.957573143133908
9032,163401.79295842824,11.961301788733909
9033,163463.4630533035,11.96346527323391
9034,163971.53971512173,11.97029651783391
9035,163609.55739023033,11.972034598033911
9036,163641.19907615005,11.97313831153391
9037,162689.7671186159,11.97376284653391
9038,162452.4399392706,11.97601102293391
9039,161629.55253774003,11.97744573633391
9040,161586.98316038493,11.97222284483391
9041,161733.83524307745,11.97341645843391
9042,162283.3745493333,11.97542367843391
9043,161740.69545574777,11.97497666528391
9044,162219.5011269856,11.97267989198391
9045,162593.96659564337,11.97640843628391
9046,162953.9800102391,11.98127384698391
9047,163237.7801892584,11.982360426283911
9048,163394.80723550674,11.987879307883912
9049,163739.75228424944,11.98717339494391
9050,164128.22828507866,11.98779653154391
9051,164823.97916962687,11.989874417643911
9052,165039.50302127146,11.990221571883911
9053,165896.78867183172,11.990249159171912
9054,166099.647712941,11.989839177971911
9055,165807.44454828583,11.984845803471911
9056,165478.59191173094,11.97673554247191
9057,165578.86819861326,11.97700437915191
9058,164666.09769927655,11.974663831851911
9059,164034.8438905682,11.978459756851912
9060,163716.4818176555,11.976896467151912
9061,164315.89114422776,11.976686703471913
9062,165782.00789875668,11.969345015871912
9063,165696.58661375535,11.969658605671912
9064,165189.56765165785,11.946945573671911
9065,165869.45322230287,11.946193342071911
9066,166717.63712113068,11.949301014371912
9067,166905.26598475827,11.934754936371911
9068,166464.45345481645,11.929316183371911
9069,166595.32737531507,11.929347555467912
9070,166428.65158239665,11.923817673467912
9071,166458.60411462924,11.927788458067912
9072,165578.1630093994,11.920809542067913
9073,164696.01976414063,11.922078666767913
9074,165817.71473184344,11.921551946927913
9075,165535.92329492132,11.922063821227914
9076,166693.1729002145,11.922299763677914
9077,166082.47729221583,11.926062901677914
9078,165889.8140950206,11.927926730977914
9079,166300.45931678466,11.930519608277914
9080,166460.91779063607,11.926707650477914
9081,166475.45769070834,11.929611605077914
9082,167348.6679129488,11.935033316077915
9083,167539.85953211805,11.934763916277914
9084,167482.09355777228,11.933266568577913
9085,167517.01258780956,11.934678886177913
9086,167607.29906456696,11.938645816477914
9087,167878.944119411,11.933879840477914
9088,168270.8305698872,11.935182828077915
9089,167979.10688532598,11.936116809477914
9090,167914.81228080046,11.942500289077914
9091,168623.10584034858,11.948574723677915
9092,169063.11581221153,11.950694061077915
9093,169248.30288313024,11.955078465077914
9094,169564.11632359918,11.962893866077914
9095,168744.89281498123,11.965716317377915
9096,169437.10432782912,11.975154129377914
9097,169795.96957323886,11.978164955777915
9098,169859.83314841677,11.980572609077916
9099,169863.90246922875,11.981329414977916
9100,170207.63542717797,11.986199209477915
9101,170626.21940564044,11.988682837277915
9102,170786.24406349918,11.988681236683615
9103,170973.41815284768,11.987822619683614
9104,172279.51103952795,11.987047434033615
9105,170879.36134196652,11.983915196933614
9106,170206.09204453643,11.978191847933614
9107,170217.23850790047,11.982052437933614
9108,170625.24817325702,11.990417242933614
9109,170666.72939604116,11.990731273263613
9110,171308.1735571404,11.985540342963613
9111,170873.21153476453,11.979177574563613
9112,170303.3085355985,11.982291950763612
9113,170479.88879832847,11.980558239863612
9114,170263.53483426114,11.982545202163612
9115,170042.24064489958,11.980106015063612
9116,169536.6636751809,11.979900120103611
9117,169155.22450882508,11.982307426103612
9118,168554.11035870752,11.969521364103612
9119,168257.4336169717,11.969487677787612
9120,167892.10007080293,11.970928646887613
9121,168523.70249538956,11.975674403187613
9122,168527.48414014123,11.976001412547612
9123,168659.37308523103,11.982699507547613
9124,168884.3092843227,11.981526882747612
9125,169303.95115830496,11.985580687347612
9126,168847.94427315064,11.986076994747613
9127,168773.0557826724,11.985449225587613
9128,169113.5627980965,11.987975955587613
9129,169297.5586588252,11.987470053827613
9130,169424.89121944876,11.990607357327614
9131,169744.7236677779,11.995666435627614
9132,169767.28853833568,11.997286772727614
9133,169925.3911164785,11.998650564527614
9134,169968.36194454227,11.999271249827613
9135,170773.01834511547,11.997415668427614
9136,169890.75400783055,11.999798277927614
9137,169937.79027798196,12.003540907327613
9138,170158.69920907592,11.998401208627612
9139,169847.8154880978,11.999200696527613
9140,170448.28275035787,11.998468532527612
9141,170956.08067211387,12.000819311327612
9142,170839.1703048733,12.003168176727613
9143,170916.15548160175,12.003970344427612
9144,170957.31427273186,12.003872825262613
9145,170481.06976353927,12.003106840862614
9146,170630.37212855348,12.003248512632615
9147,170403.13506221914,11.998922329632615
9148,170993.73409520937,12.004423960332614
9149,170836.06498628578,12.004745265132614
9150,171456.93849482934,12.004717717425613
9151,171514.17343218814,12.007864585625613
9152,171654.63215168795,12.008820085425613
9153,171049.95893532003,12.004815323825614
9154,170560.28156017893,12.006977687425614
9155,170511.05694701194,12.010354619725614
9156,171379.2589401723,12.013237806525614
9157,171364.4092787126,12.008792654525614
9158,171351.8425216638,12.007443090825614
9159,169985.15856035816,12.000240978825614
9160,169938.13566283716,12.002922879825615
9161,169976.85374059487,12.00292287644957
9162,169793.27244941142,12.00696207544957
9163,169396.74078961246,12.00736948594957
9164,168737.46061692951,12.00831060894957
9165,170334.80956942315,12.01130240074957
9166,170360.93931587113,12.018609451449569
9167,169931.85210389312,12.018022033449569
9168,170072.6560731734,12.016936683449568
9169,170646.10742908076,12.020939337449569
9170,170426.24227443655,12.022774404449569
9171,169877.5860050101,12.02136570114957
9172,170554.76078703895,12.02959278814957
9173,170444.80837957308,12.02952419262957
9174,170007.1323771993,12.031165126729569
9175,170730.79384925836,12.032227935029569
9176,168897.75104690468,12.025550433029569
9177,169216.34361785455,12.03213860302957
9178,169461.0244097025,12.03469194232957
9179,169108.181493596,12.03241781882957
9180,169615.955916572,12.03394516722957
9181,168886.58780029582,12.03218852202957
9182,169207.91027381588,12.03086292022957
9183,169267.72878962223,12.03095638516957
9184,169596.51168388594,12.02776925566957
9185,170081.7102593641,12.02586056646957
9186,169952.00899838618,12.02499068056957
9187,170540.97962302298,12.02550664712957
9188,169743.9714305774,12.018784425129569
9189,170954.05320259786,12.026401484729568
9190,172427.28300663462,12.022397594429568
9191,172341.80712112572,12.014268164429568
9192,172563.0891069619,12.017667212229568
9193,172308.93173546565,12.02111154322957
9194,171830.4734434269,12.02400332562957
9195,171837.81966698208,12.02316996852957
9196,172136.95765849593,12.026638599529571
9197,171558.4111964623,12.022352260029571
9198,171151.3912162489,12.022586218649572
9199,170955.42747727875,12.020832138849572
9200,169828.5295935428,12.008178287849573
9201,169350.78949136497,12.007086927549572
9202,169021.69777373713,12.007371767669573
9203,168552.21955654517,12.005474643469574
9204,168531.04805440767,12.005316293079574
9205,167960.05765047047,12.010979907079573
9206,167412.94892564134,12.012602791979573
9207,167660.93432840199,12.012076419279573
9208,167947.68611537304,12.019014776279572
9209,168376.22176716043,12.019628889779572
9210,168321.61894622908,12.022381862579572
9211,168327.44020466376,12.022373321158572
9212,168566.77091971677,12.026403645658572
9213,168874.4282691528,12.032526148658572
9214,168433.77427676626,12.033331412298573
9215,169388.5044919082,12.036816207898573
9216,169176.1614849328,12.038700944398572
9217,169020.972272191,12.040656715098573
9218,168237.04336859714,12.026128542098572
9219,168329.05627895187,12.027926708598573
9220,169647.5823216694,12.037674342598573
9221,170247.1182856691,12.040845118298572
9222,170465.28971238152,12.041011756108572
9223,170566.4173761304,12.043314490708573
9224,171701.1179726475,12.051967075708573
9225,171889.6381423116,12.050932903308572
9226,172080.73899148294,12.050915483094572
9227,173650.631745383,12.052963738294572
9228,174665.2347913095,12.058867626794573
9229,174897.59600538583,12.059883143294574
9230,174387.1856348956,12.053575336294573
9231,174988.72516360952,12.053624563764574
9232,175773.51704806543,12.053063369864574
9233,176182.45232501053,12.060821774464575
9234,176659.10024278105,12.063953636064575
9235,176350.7258133246,12.064739916904575
9236,176589.50365560656,12.064737407834274
9237,176605.17468495262,12.057794061834274
9238,176759.97496619527,12.056579678034273
9239,177156.42849996715,12.063582171434273
9240,177687.481024969,12.068775137134272
9241,172141.92635023457,12.067719473334272
9242,171896.5817410574,12.072662771334272
9243,171511.09530232922,12.073471822534271
9244,172548.99555310674,12.075023762734272
9245,172492.12529703495,12.076884099334272
9246,172377.26022929157,12.081291321734271
9247,172443.58297486635,12.083675307734271
9248,172895.51599520692,12.08314977206427
9249,172518.24523690584,12.08264935021427
9250,172419.7168064562,12.09018160781427
9251,172687.13699402363,12.090632858514269
9252,172410.11159810927,12.091956898014269
9253,171966.84030474335,12.08359771901427
9254,172542.62786507327,12.09177166601427
9255,173308.6909063148,12.09203827593427
9256,173638.0253388898,12.08665452093427
9257,174131.881922332,12.086592720084269
9258,174051.41448614746,12.092657009284268
9259,174197.67167202668,12.092688669274269
9260,172638.53587995263,12.091302194074268
9261,172623.27227686482,12.092959145874268
9262,173064.92097831465,12.097851351874267
9263,172586.70309093012,12.098300369494266
9264,173819.32129389973,12.106708625494266
9265,173681.48191160022,12.108415795694265
9266,173212.56435008638,12.108434786904265
9267,173758.63703453622,12.113083596204266
9268,173633.69691175252,12.114775012604266
9269,173719.8484653353,12.113927739204266
9270,174085.95773014863,12.123626548204266
9271,173983.08665580789,12.124774183804266
9272,174333.73964992672,12.130406859104266
9273,175361.2292916455,12.131673936004265
9274,175677.50587714536,12.131580009794265
9275,175806.97817868547,12.130850430294265
9276,176586.2138474409,12.129490813694265
9277,176394.2005145345,12.129334418324264
9278,176417.74921438875,12.128115400324264
9279,175723.80654006609,12.122570577624264
9280,175917.0258305224,12.121184846124265
9281,175696.16566366632,12.122685304024266
9282,175897.19930720306,12.125418922724267
9283,175828.78916616674,12.131223750124267
9284,175673.18439774212,12.134808252624268
9285,176603.48328325278,12.136167964424267
9286,176654.59051229907,12.136973513164268
9287,176163.3310019287,12.136819421164267
9288,176450.23331571373,12.138605359664266
9289,175657.2096795685,12.137776149364267
9290,175584.0856910654,12.139261665764268
9291,176076.32549142334,12.146571867164267
9292,175725.013111881,12.151052124164268
9293,176315.42726060026,12.158710999164269
9294,176240.22455219802,12.15825283272427
9295,177239.18146219465,12.15693324472427
9296,176817.28764208083,12.15760449502427
9297,176421.6841751269,12.156703600724269
9298,176960.11274635003,12.16114982672427
9299,177494.07399554402,12.16175813162427
9300,177656.74353373717,12.16016142442427
9301,177741.46436789323,12.16444581002427
9302,177572.5257983862,12.16465292068427
9303,177927.4226035919,12.16816306668427
9304,178081.72884418195,12.164737387984271
9305,177869.54229166702,12.16672101598427
9306,178143.14415646752,12.16392640498427
9307,178074.71351923185,12.15950861678427
9308,178511.21109396138,12.16055648228427
9309,178936.48581391913,12.15804382748427
9310,179108.57928001895,12.16452824648427
9311,178853.37432526142,12.16868263748427
9312,179491.97434037604,12.16612450948427
9313,178830.44356603044,12.17337613548427
9314,179239.23395469767,12.17719470398427
9315,179744.34330798965,12.17813232288427
9316,178663.54236912215,12.18606058488427
9317,179312.59668147968,12.19402816288427
9318,180002.489972924,12.196865135084272
9319,179914.12981063864,12.200114163584272
9320,181192.29700150673,12.208005490584272
9321,181491.88828159161,12.213126093584272
9322,181236.15762643656,12.212766188184272
9323,181105.16335770776,12.210978158384272
9324,181303.67785254025,12.207583201684272
9325,181848.24230455287,12.211091796084272
9326,181331.25126135212,12.211039307122272
9327,181586.54433857294,12.210366042022272
9328,181856.09703417198,12.210851376222273
9329,182401.59834767398,12.212336781722273
9330,181507.2982679064,12.218380526722273
9331,181928.77763576535,12.214058810422273
9332,182004.28332349085,12.213718931962273
9333,181358.25375070778,12.205622784962273
9334,181462.01191978616,12.206727099662272
9335,181261.78820567616,12.205606486162273
9336,180488.6648075059,12.208113669862273
9337,180564.04295278774,12.193175650862273
9338,180495.90024974587,12.190517398862273
9339,180614.76625804548,12.193611963562272
9340,181349.46955931184,12.195133829862272
9341,181760.61746001898,12.198668825162272
9342,181787.29729403878,12.196525901462273
9343,182075.5201994982,12.199897457062272
9344,182516.02537401,12.195289175062273
9345,182523.15549431782,12.193690256362274
9346,182385.79757136005,12.187257169362274
9347,183506.34964808365,12.187468614312275
9348,183860.01035197687,12.192185156312275
9349,184177.78647399478,12.197310739012275
9350,184055.1415522004,12.196741099412275
9351,186730.82623944248,12.202536850212276
9352,186513.19058382552,12.201685123212275
9353,187630.7574783792,12.206758574612275
9354,187656.17247726733,12.207414113112275
9355,187534.806861061,12.204872134312275
9356,186904.7793641107,12.207023891112275
9357,187122.35432062554,12.216040750112276
9358,187946.6444587793,12.215496117112275
9359,188021.1424809462,12.221700291512276
9360,187752.0561544994,12.224063617112275
9361,187592.1133752789,12.223676934912275
9362,188268.43456934637,12.215703099912275
9363,188657.9387657992,12.223105933912276
9364,187435.28396233253,12.221034767512275
9365,187276.91990965628,12.222500951812275
9366,187049.5595487476,12.191371786812276
9367,187161.54503516198,12.193962583812276
9368,187071.03369326683,12.194901539512276
9369,186956.604541912,12.194261023112276
9370,186657.3116589209,12.197622224912276
9371,186710.02725822086,12.196383251112277
9372,187555.26177787356,12.190358931412277
9373,188332.4947213416,12.185408027112278
9374,189105.32683138739,12.187956898112278
9375,188850.61224347528,12.187667626552278
9376,188873.70951373788,12.192932005552278
9377,188943.369949278,12.192522773882278
9378,188464.37923423285,12.190539573482278
9379,188208.43953754098,12.191147427182278
9380,187829.0838966076,12.183904449582277
9381,189391.02191055907,12.185985841882276
9382,188976.41985034736,12.187787774782276
9383,189070.58326083046,12.192515538782276
9384,189090.84572646313,12.198093009782276
9385,188346.4007962907,12.203994002782276
9386,189022.35280563735,12.205685742982276
9387,189474.8907290312,12.197906984982275
9388,189561.14707175907,12.196068264982275
9389,189514.03183821554,12.196624262642274
9390,191289.25203607322,12.195391498042275
9391,191144.59738208028,12.200225762542274
9392,190715.14459592424,12.201720836242274
9393,192105.41604269674,12.199168163942273
9394,192373.75780151648,12.198409224142273
9395,192387.11588706172,12.202775125142272
9396,193163.51564058097,12.206013436842273
9397,193418.79523085486,12.206058079442274
9398,193593.0473066236,12.207071669042273
9399,193821.87885733592,12.209164424442273
9400,193299.87033043717,12.208151966342273
9401,193816.3091880693,12.210393606942272
9402,194169.40620161526,12.214175183342272
9403,193874.12822262343,12.213371665842272
9404,195009.36477215134,12.214825927942272
9405,194681.8762439428,12.217907548642271
9406,195542.99818067375,12.215304163042271
9407,195484.9803873477,12.21529897848587
9408,195898.30851268722,12.21910981028587
9409,196322.58661686064,12.22289285628587
9410,197338.2897106464,12.222565181645871
9411,197130.8083315138,12.223646115245872
9412,198006.78776086753,12.228166472845873
9413,197701.08349718922,12.227508509645872
9414,198185.45714210015,12.228159115185873
9415,198312.0158778943,12.226332428485874
9416,198276.11783340413,12.225144302785873
9417,197769.75324487902,12.226091300915874
9418,197374.4475022376,12.227797747115874
9419,196654.14477233528,12.228849462615873
9420,196996.35714306412,12.227385478715872
9421,196526.59917672913,12.226517664775873
9422,196670.78095552043,12.230774648575872
9423,195891.6681424001,12.230124078075873
9424,196035.52133777813,12.230284103075872
9425,196054.60181225103,12.234322335075872
9426,198242.8256473489,12.232143277475872
9427,199052.63093772097,12.232781054175872
9428,199325.35905828452,12.235819614475872
9429,199009.3128750641,12.233748467475872
9430,199719.80816252748,12.235084751375872
9431,200084.6651157223,12.237004741575872
9432,200377.34452197404,12.238624301175872
9433,200584.67331725667,12.241347032975872
9434,200829.18430900224,12.243794006475872
9435,200377.965675773,12.243133853835872
9436,199914.41942532407,12.244368845235872
9437,199329.62376818852,12.245517775835872
9438,199077.06157375604,12.242799757235872
9439,199056.9867941655,12.242592685545873
9440,199476.64854723442,12.244054193845873
9441,200105.130407991,12.250591699245874
9442,199732.87935626894,12.250422097865874
9443,199719.0328963782,12.251546511665873
9444,199198.62233612506,12.254773281265873
9445,201139.4581380442,12.255561076615873
9446,201164.5166589523,12.261220131615874
9447,202584.86699243743,12.262338344415873
9448,202557.32543998625,12.266236034615874
9449,203203.7870428493,12.266886176815873
9450,202869.86028852503,12.268800268215873
9451,202867.50986145088,12.273558998215874
9452,202915.38829177924,12.273150953285874
9453,203248.18551831035,12.274509815485874
9454,203093.2981450798,12.279867350485874
9455,204180.2317457694,12.283998307485874
9456,204723.07053690264,12.288684456485873
9457,205326.5589364773,12.294212987085873
9458,205534.32986703256,12.295838592985872
9459,205473.3850330747,12.297955226285872
9460,205556.88981331582,12.297641291785872
9461,204916.98073192558,12.293168975085873
9462,205257.17472305597,12.293964130735873
9463,204924.90586594024,12.302281276235872
9464,205193.1111114103,12.302249101281872
9465,205457.53017718598,12.30315384008187
9466,205802.6309858072,12.30872524408187
9467,205426.79664957194,12.31242158538187
9468,205942.12094418515,12.31137505168187
9469,203867.86737130865,12.299312661681869
9470,204446.67984629524,12.307490468681868
9471,204070.1475337688,12.304264021981869
9472,203471.1498169397,12.307688828981869
9473,203590.80228200654,12.30541264568187
9474,203764.1520220833,12.307472890681868
9475,204098.179743795,12.307144352061869
9476,204429.5121164965,12.30768804106187
9477,204769.34520931912,12.30654230456187
9478,205949.3802858244,12.306458382091868
9479,205418.03315013016,12.307973916691868
9480,206123.32740101914,12.314943272691869
9481,206745.3635751727,12.31936427119187
9482,206481.049696341,12.31981571642187
9483,206835.16506823615,12.326321429421869
9484,206650.09067926498,12.33579504042187
9485,207878.41571851115,12.33949312982187
9486,207499.6596859839,12.34238027632187
9487,207924.5003407154,12.34484504232187
9488,207960.27760591925,12.34427162072187
9489,207526.3837509789,12.34642717332187
9490,206934.91803431508,12.34787300772187
9491,206747.58132225653,12.35598408172187
9492,207101.9765930179,12.36359638132187
9493,207892.10331441218,12.36499335832187
9494,208390.64036564238,12.37135552232187
9495,208358.48039254386,12.37415907732187
9496,208280.33364841048,12.379349636021871
9497,207999.70162144044,12.38059867722187
9498,207943.5480959135,12.38663872822187
9499,208038.7918075902,12.391345570221869
9500,208553.9169720432,12.39099740910187
9501,208554.74041423283,12.39412154610187
9502,210369.42505516007,12.39695359010187
9503,209344.60732961027,12.393717188701869
9504,209158.11651717697,12.39716821310187
9505,208601.02686479455,12.39888613080187
9506,209343.09595974302,12.396159358801869
9507,209263.36934360611,12.397096864541869
9508,208985.28090526603,12.400374863841868
9509,208266.84388748382,12.40296719534187
9510,207163.65566501286,12.402588093181869
9511,207511.92658665025,12.40346978255187
9512,209588.33253021754,12.39711006055187
9513,209965.2370310663,12.403325310551871
9514,209549.09034054072,12.393694988551871
9515,207491.4611858762,12.39427455725187
9516,207117.01385760916,12.394409261611871
9517,208102.97569941197,12.389811818911872
9518,209110.2473761589,12.396410874511872
9519,209572.19512385028,12.402026664511872
9520,209001.1525970046,12.402391126711873
9521,208213.66812669486,12.401651977311873
9522,206588.92211410755,12.378472152311874
9523,206450.2630176429,12.372806769011873
9524,207127.34968725135,12.372877138491873
9525,206720.10345244454,12.371567355891873
9526,207334.82278631892,12.374657489991874
9527,205844.93403191495,12.378705423491875
9528,205756.8936596017,12.379948468091875
9529,205050.90908326086,12.378766482991875
9530,203421.65206892893,12.385228874991874
9531,204005.73781801786,12.383782569591874
9532,204287.14863691322,12.380229731791875
9533,203977.53973707164,12.383735573191876
9534,204864.34698143895,12.389716068191875
9535,205124.06330662314,12.394439586191876
9536,205026.51958184637,12.394858195551876
9537,204477.6339215884,12.388377685551877
9538,206716.84988319903,12.391899849251876
9539,206641.36902803511,12.391013084151876
9540,207148.5402433235,12.391407398751875
9541,206409.98617830596,12.393234086551875
9542,206453.52361952467,12.393419508571874
9543,206352.82480472384,12.395027995371874
9544,204072.87165049315,12.403997810371875
9545,204130.6781953451,12.404882846471875
9546,204654.96853152764,12.411386234471875
9547,204982.52717905058,12.407550878171875
9548,205050.296690141,12.411902992171875
9549,205575.00448746805,12.417893960771876
9550,205650.85361380674,12.416950137971876
9551,205370.16117501096,12.417379251951875
9552,205574.9142809997,12.417412428775874
9553,205686.64275238183,12.419392746775873
9554,205265.67360907007,12.422860391775874
9555,205331.1049716741,12.423928510775873
9556,205123.175955963,12.425693435775873
9557,204722.12031204833,12.424448977975873
9558,204122.68542733442,12.424874909945872
9559,203692.69598947593,12.415000807945873
9560,203124.9297923802,12.415514921345872
9561,201672.06877891862,12.418419000945873
9562,201969.69768855657,12.419686514245873
9563,200842.5890877116,12.421375586345873
9564,200871.2675375804,12.419501193645873
9565,201804.2739189479,12.430383533645873
9566,201628.36033422782,12.430172753255873
9567,201424.06697120372,12.430150382188872
9568,200665.39865063038,12.431221202788873
9569,201049.7507271545,12.432798796288873
9570,201278.6091968828,12.435462653788873
9571,200758.60085792956,12.435682019108873
9572,200744.95047160008,12.434303571108872
9573,201068.85716669238,12.430620524708871
9574,202137.77661019794,12.439042921708872
9575,201725.98385627204,12.434128794408872
9576,201834.50361007496,12.441381462008872
9577,202394.02922098277,12.443618852508871
9578,202700.0740090669,12.44238173370887
9579,203079.7223086126,12.448801992708871
9580,203852.88584336414,12.445509806008872
9581,204408.31548422383,12.44603693673887
9582,204325.64254715847,12.45109288973887
9583,203964.48451009218,12.44928120153887
9584,203118.5197212329,12.44885637027887
9585,202414.37963606793,12.45114346077887
9586,202592.63930053887,12.451643523028869
9587,202821.4194695807,12.452950450328869
9588,203966.61477607084,12.45592207322887
9589,203905.73735007847,12.45289146782887
9590,204832.55580741644,12.45435745022887
9591,204780.48437093326,12.45426270096287
9592,205583.16161640012,12.45263699526287
9593,204968.5295764406,12.45102597646287
9594,204411.90912573755,12.453169050262868
9595,203611.4852980211,12.456381444962869
9596,204221.38493286385,12.458863760962869
9597,204635.56726306456,12.45894423180287
9598,206109.89565989797,12.459787237752868
9599,206099.76088449877,12.459132197252869
9600,206339.47669115214,12.459628242822868
9601,207020.23298625083,12.467998921822868
9602,206455.16689218796,12.468475531522868
9603,206736.28264753852,12.468988724372869
9604,207089.1162567207,12.465899045872868
9605,207084.75485804447,12.464001613572869
9606,207811.38983283346,12.46451846917287
9607,208082.3534623265,12.469541380572869
9608,208323.60183321658,12.471727116472868
9609,209076.38564730494,12.471921943912868
9610,209279.8912762872,12.472022854402868
9611,210187.8485896152,12.474132134002868
9612,209720.49466816787,12.477719644202867
9613,208943.8477076731,12.471050946602867
9614,209217.93475187282,12.475619614202866
9615,208514.6191644756,12.477568603402867
9616,208455.7654836763,12.486376417402868
9617,208805.44046215553,12.485087848902868
9618,208904.36448886228,12.481974887402869
9619,209440.74921526317,12.476906085102868
9620,209911.92105250768,12.479372011702868
9621,209385.41069401684,12.473212528702868
9622,208418.86322391438,12.484890336702868
9623,208455.46634908847,12.484787128002868
9624,208693.07443747978,12.485906419302868
9625,208310.8092043633,12.489479494502868
9626,207844.7263507414,12.491856308602868
9627,208423.21995405923,12.498294320802868
9628,208402.1546723664,12.497876272942868
9629,208755.19227798638,12.500089054442869
9630,208799.46913319052,12.498322808742868
9631,208719.9725354684,12.502547579442869
9632,208683.92378266627,12.501297675442869
9633,208807.14295840872,12.50144002008287
9634,209272.91984381105,12.50379374538287
9635,207934.89519662719,12.49634083178287
9636,207393.53037576194,12.49646013995287
9637,207154.35818359893,12.50203111795287
9638,207719.19432998323,12.50234565128287
9639,207153.50192975395,12.506692544882869
9640,208218.57488600627,12.507229974982868
9641,209341.4218063397,12.506001748182868
9642,208602.2772929555,12.507361601682868
9643,209393.0642865885,12.513509227982869
9644,209859.00684302225,12.51642112678287
9645,209556.52360449708,12.51618150898287
9646,208498.19538971462,12.52075264038287
9647,207103.87359086037,12.53293580838287
9648,206870.1771656927,12.53642253688287
9649,206684.23416183225,12.540222499682871
9650,205358.08156312656,12.541163067382872
9651,205298.52177435678,12.541324909182872
9652,205710.48668089637,12.544670646182873
9653,205909.2598488376,12.547042816182872
9654,207249.2731443976,12.547828347782872
9655,206940.34495303206,12.549807333082871
9656,207329.83312920976,12.55413787408287
9657,206938.2145248986,12.55971080448287
9658,203953.88300078674,12.561646954482871
9659,204760.05987623314,12.564033825282872
9660,204726.54630990422,12.562423146782871
9661,204545.25826099273,12.560116306682872
9662,205032.06239384878,12.565703552682871
9663,205339.32918344994,12.571071078982872
9664,206486.36555925314,12.576645946582872
9665,207403.26805903262,12.578350071982872
9666,207511.36536474086,12.583228910482871
9667,207895.92200309728,12.585760175182871
9668,208746.2230807074,12.592449789182872
9669,209180.3415372985,12.593350966582872
9670,211755.80044263558,12.592801301982872
9671,212017.01070914144,12.593638163182872
9672,211256.886686296,12.591961236882872
9673,212175.20811982188,12.594920184682872
9674,212404.14656973953,12.598493738582873
9675,212203.443597681,12.602370760582872
9676,213194.67304476653,12.607648254582871
9677,213248.52296622994,12.609303020482871
9678,213235.26572139174,12.60971700012287
9679,214557.9087614336,12.61430851772287
9680,214878.38710826484,12.622089939722871
9681,213411.87456288736,12.62517860092287
9682,213650.75885197433,12.62444697416287
9683,214313.93146976823,12.632958408162871
9684,214436.76518669177,12.63164572286287
9685,211961.8439045999,12.63083368699287
9686,212312.79345357438,12.63007530112287
9687,211217.55342887907,12.62683291042287
9688,210673.2674646138,12.62751280617287
9689,211406.28358901633,12.63334898747287
9690,211833.38713295426,12.638207294972869
9691,211659.66418210027,12.64171530467287
9692,211202.68345321305,12.64230815797287
9693,210902.24294730127,12.64611368617287
9694,211560.056175121,12.64634194286287
9695,211265.74948041432,12.64640013931887
9696,211239.3249266615,12.64659271629887
9697,211797.38624865914,12.64870442129887
9698,212122.9557052483,12.65041018839887
9699,213440.0649799575,12.65130588764887
9700,213339.82843276294,12.64341759964887
9701,214486.59166579947,12.640582257448871
9702,213469.86615169625,12.65048276244887
9703,213177.16002829868,12.64447035644887
9704,213501.80238773627,12.64410346037887
9705,213127.61327892213,12.64581639307887
9706,212585.92792388482,12.64497079362887
9707,212904.7547959941,12.64588423888887
9708,213337.64828549238,12.65372055688887
9709,212706.74699159418,12.659038982888871
9710,212799.26698179936,12.661027854188871
9711,213349.45725218847,12.664328408188872
9712,213467.58209629217,12.667445975588873
9713,213152.76725738056,12.664887996188872
9714,212943.30601895347,12.665853532388873
9715,212965.68446735007,12.662033619288874
9716,214533.62564215044,12.674381555288873
9717,215567.8611439955,12.675577628088872
9718,214792.61418628192,12.672930614188871
9719,214962.3358137497,12.673250942188872
9720,216291.87807572007,12.673024741658873
9721,215579.27707921865,12.672782865398872
9722,215058.98466444257,12.676187765098872
9723,214571.78698674613,12.675641902498873
9724,215502.8898430655,12.677365319798872
9725,215569.5745099212,12.683982802098871
9726,215035.854962099,12.685769565498871
9727,215849.3281826836,12.69445451449887
9728,216293.02430591758,12.694166361798871
9729,216547.29421083623,12.69618064579887
9730,215653.90539455626,12.697076965298871
9731,215888.49705548,12.700047854298871
9732,216061.87488381375,12.69864456559887
9733,216522.74728649875,12.69742664779887
9734,216394.6790550063,12.701524318798871
9735,216871.0809862435,12.704570699798872
9736,217378.43981978568,12.704998055798871
9737,217811.84806184677,12.71166706479887
9738,217744.20757911884,12.71128322261887
9739,217954.21837035692,12.70934297491887
9740,217976.96885014253,12.71233143541887
9741,219330.04202927198,12.70841696041887
9742,220254.66598487366,12.70841754409617
9743,218744.08944456562,12.71207917239617
9744,218375.40472532864,12.71294624509617
9745,218289.58203388198,12.72050051009617
9746,218757.692342232,12.71837621639617
9747,219278.66610537661,12.71812255587617
9748,219528.37231774812,12.719859543276169
9749,219246.0041903356,12.719189769026169
9750,218320.1109942055,12.71744955772617
9751,219212.6426872497,12.71759441452617
9752,219451.72268135,12.72505879452617
9753,218369.53919430697,12.71947193892617
9754,219289.48169407964,12.718455613926169
9755,218358.8502464817,12.718472210880169
9756,218911.77505517012,12.725758991380168
9757,221279.63383223084,12.731786687380168
9758,221738.663208577,12.736139298380168
9759,221340.34462396224,12.736419875550169
9760,221039.02179483863,12.741722440250168
9761,221029.46494948192,12.737061595950168
9762,221521.32091161318,12.733778283450167
9763,222206.33798221208,12.733447018450168
9764,221751.40374726165,12.732315438450168
9765,222691.54077683712,12.731622063550168
9766,222196.69255947994,12.726787955950167
9767,222693.45737174017,12.726961515160166
9768,222748.88003892344,12.727089960220166
9769,223980.42852555987,12.727760020620165
9770,224433.29312052095,12.727696751250166
9771,224737.6349001505,12.731724426650166
9772,224818.32773454313,12.725399377350165
9773,224824.73121923467,12.718774382350166
9774,225244.36444422044,12.723047855350165
9775,225825.07286412086,12.720421807350165
9776,225522.72421025086,12.719422621050166
9777,225745.58854024493,12.722174430350165
9778,226274.83652112284,12.723186643150164
9779,226920.78001595457,12.725111167450164
9780,226338.25916996135,12.725097116586165
9781,225443.62137124565,12.729706326086164
9782,225359.45857816047,12.733634204086165
9783,225182.17376833188,12.732858730186166
9784,224802.96696518778,12.739478463486167
9785,225118.33461743197,12.745930149486167
9786,224922.9917934658,12.748833426086167
9787,225637.91312164918,12.748731387216166
9788,226346.52007511017,12.749989996316167
9789,226570.946656098,12.756925610316166
9790,226298.02364391828,12.754080190316166
9791,227901.5812155337,12.763288766316167
9792,227996.91126186794,12.762368805066167
9793,227225.58758800616,12.755608186466167
9794,227532.27646305517,12.755289521496167
9795,226898.68257745102,12.749106441096167
9796,227576.4328903469,12.747062465096167
9797,227260.71305547396,12.748553983296167
9798,227129.94600715616,12.748559448326167
9799,227344.4630956518,12.751949941326167
9800,227308.49344131263,12.751293311066167
9801,226790.41608280665,12.758864387566167
9802,226336.25766080935,12.744114054066166
9803,226815.33621620433,12.744210640306166
9804,227351.03285068198,12.740521125306167
9805,229550.67671494005,12.739996562176167
9806,230231.60831308507,12.741317523376166
9807,230260.26907242578,12.740286538476166
9808,230233.55505198508,12.741581491776167
9809,229836.65625527178,12.729488521776167
9810,230872.31654676062,12.728803644736168
9811,230745.79403837008,12.730590340836168
9812,231085.76905343763,12.730739588686168
9813,231208.11550740534,12.733624174986168
9814,232308.2315815675,12.736298245186168
9815,232815.03854159353,12.742631060786168
9816,232782.19788740002,12.743975030386169
9817,233344.43025861235,12.74407364414617
9818,233652.1784272144,12.74774500904617
9819,235399.64031194936,12.75241849404617
9820,232110.93973224753,12.760511414046169
9821,233201.15413906664,12.762084981946169
9822,232981.06831111677,12.763490294546168
9823,234088.777895413,12.765379674446168
9824,234224.3567713232,12.768528858146167
9825,234721.7106442863,12.774131753446166
9826,234910.05845697512,12.777244213446167
9827,234867.81669300422,12.778969409346168
9828,234773.4295367751,12.777453488946168
9829,235160.23129883807,12.775645073246169
9830,235335.61939615427,12.778470396246169
9831,236484.21729409584,12.78355491724617
9832,237034.94951966108,12.786151895846169
9833,237910.40174455068,12.784641414846169
9834,238437.75408380388,12.784951895046168
9835,238559.25712299862,12.789121934046168
9836,238556.35610645323,12.788815204906168
9837,238438.10720365404,12.788703922976168
9838,238606.54585545728,12.793523062376169
9839,239186.3928327533,12.793702782346168
9840,239536.24206316506,12.793695207812169
9841,239060.865479532,12.79049827781217
9842,239457.96451071405,12.784667340812168
9843,239951.2064674325,12.786761410512169
9844,239723.1306621292,12.789461348512168
9845,240130.11025117157,12.789340981996167
9846,240051.55067705645,12.793682120496166
9847,241214.96507839224,12.794924814596166
9848,240462.41925333114,12.794632916126167
9849,241282.99350781942,12.795120764976167
9850,242531.84233634756,12.797723045976166
9851,243144.1475629858,12.803635736376167
9852,244699.415796112,12.807472646176167
9853,245210.2675723067,12.806596248936167
9854,243904.58996249238,12.807076526456166
9855,242768.39957683877,12.812998949156166
9856,242703.9151990578,12.815120043556165
9857,242953.15085910427,12.814083176256165
9858,242365.48776035226,12.813791411256165
9859,241974.66977585637,12.816290979756165
9860,242078.01599583926,12.816149258596164
9861,242425.0374704197,12.815352005396164
9862,242503.68443380122,12.821558551396164
9863,242583.01429548443,12.830676785396165
9864,241675.44870110397,12.827946932696165
9865,241081.5966107948,12.812890206196165
9866,240473.9552199529,12.806651413596166
9867,239852.3019583514,12.801963896596165
9868,240481.1846922452,12.803479993396165
9869,241335.97470251203,12.805580047596164
9870,241766.33958929445,12.811750408896165
9871,242493.789119653,12.821693609896165
9872,242920.46792657772,12.818900789896166
9873,244499.73810009356,12.821516628696166
9874,243405.54272540892,12.813929084996166
9875,244131.71039974413,12.817001311696167
9876,245283.15321747374,12.807510198696168
9877,244716.19347296923,12.808268357896168
9878,244981.11546651972,12.811623313596169
9879,244977.9917980598,12.818600817596169
9880,244655.6026961797,12.821287173096168
9881,245985.26821987063,12.824374982096169
9882,246079.33414748838,12.830254227796168
9883,245445.2482389065,12.832877660596168
9884,246899.18062179454,12.833720028356169
9885,249463.79376477635,12.846925011356168
9886,250742.84345547282,12.839560431856167
9887,251093.70743990864,12.838767853756167
9888,251717.94342075763,12.845379910156167
9889,252249.07243472151,12.846913478456166
9890,254331.69955077645,12.844755710256166
9891,254218.518009965,12.846829309256165
9892,254274.30942876282,12.853484873256166
9893,255812.3277646836,12.862487568256165
9894,256248.9612409786,12.865075321856166
9895,256183.6467529946,12.859720590556165
9896,258474.65970309422,12.859377367716165
9897,259310.1023253055,12.861123986616166
9898,259447.387472505,12.863717394916165
9899,258460.1726764182,12.863670654166166
9900,260169.53296423441,12.861774739066165
9901,262104.65451575827,12.861585742366165
9902,254885.6499118861,12.848066468366165
9903,255634.944470196,12.851302713966165
9904,254506.90312819256,12.860515197966166
9905,256876.5176455269,12.859742308866165
9906,256192.76856013658,12.860723532666166
9907,255883.79990191813,12.862776807666165
9908,256192.83869945747,12.866632584166165
9909,256362.25892121228,12.868475402166165
9910,257082.73290208314,12.872138771666165
9911,257757.94571212714,12.878685677666166
9912,258025.87527611718,12.883318048166165
9913,258512.66384770782,12.888834014166166
9914,256935.3713198428,12.892374931966167
9915,254926.8007655888,12.897470198266166
9916,254244.8428177977,12.902078834566167
9917,254426.2539777768,12.900472052566167
9918,255003.00875665632,12.901807138566166
9919,255203.88896547313,12.902544042606166
9920,253895.31252252072,12.904533486406166
9921,253492.8014168594,12.903772057676166
9922,253430.5442236333,12.909135928676166
9923,254048.23297268886,12.918223284676166
9924,254356.47604496044,12.920051796676166
9925,254675.2254319166,12.915505885976167
9926,254061.56826019316,12.916199876536167
9927,253885.32531838637,12.917097446236166
9928,255596.34395811893,12.919290656436166
9929,256050.40567455473,12.929120624436166
9930,256260.95108378827,12.930146544436166
9931,254853.74747569388,12.928019255836166
9932,255105.43774908752,12.930674690836165
9933,255691.49797641716,12.929682383136164
9934,256143.70815554127,12.930559456636164
9935,256516.2414386899,12.935883784936165
9936,256735.30313833783,12.934509074236164
9937,258263.14889371456,12.936036568736164
9938,258695.47972625218,12.940845596736164
9939,258684.4951133941,12.932745651736164
9940,257489.47350358104,12.934823283136165
9941,258102.69328487822,12.941957638136165
9942,258489.50407403373,12.947021493736164
9943,259206.56388433202,12.946663055636165
9944,259426.12998840155,12.946230838816165
9945,261522.9933098327,12.945023285616164
9946,263323.0144906283,12.941566030916164
9947,263729.8663486521,12.948138261216164
9948,264617.227100555,12.949488767816163
9949,264775.9458761487,12.951201450616162
9950,263393.51086690463,12.947575593016163
9951,262912.0254218918,12.946424944316163
9952,262490.1669868864,12.946153247516163
9953,263314.742572872,12.946260067526163
9954,264006.11255687586,12.946986005726163
9955,264841.7326392615,12.949645000126164
9956,263804.3941846585,12.949220908746165
9957,263285.47653757734,12.950037457246165
9958,262618.5633675176,12.948827758946164
9959,262826.481346678,12.950628666146164
9960,262449.92164666636,12.950558909241163
9961,260081.52342579182,12.953814464241164
9962,259723.32445712373,12.953314147641164
9963,260856.51913848944,12.962687287641163
9964,260981.88599119207,12.961646257941164
9965,260404.13039896096,12.959278341641163
9966,260461.8450944423,12.959415443731162
9967,261663.6305293867,12.958473561331163
9968,262389.6180516032,12.962986739831162
9969,262405.58263415465,12.964718541331163
9970,262441.6031377007,12.963240912631163
9971,261380.83764009748,12.968255533631163
9972,261634.2199627249,12.969829442131163
9973,263106.2668074027,12.968701706931162
9974,263237.0087315646,12.973318818731162
9975,263746.13153424463,12.971283410431163
9976,264309.0634177566,12.974370579931163
9977,263347.3207600149,12.975268839631163
9978,263670.23271515686,12.974978270731162
9979,263832.9960861417,12.974547240231162
9980,262374.2017138603,12.980072643931162
9981,263492.72917318664,12.975607515931163
9982,266056.42067860113,12.979186651731164
9983,267338.0783105509,12.988588159731163
9984,267708.885635468,12.988274132861163
9985,268286.9056885888,12.984587324361163
9986,268804.8583765594,12.985902172661163
9987,271043.6262512295,12.985877360481163
9988,271061.4826486939,12.984466547181164
9989,272297.08459472994,12.980820080781164
9990,273721.3425829261,12.979635593181165
9991,273262.2376308143,12.980804343481164
9992,273016.0268244404,12.977214197181164
9993,272422.17246448493,12.978160034281164
9994,273744.12192390725,12.979035606021164
9995,273040.8875641279,12.981632242521163
9996,273898.28832032153,12.982219623221164
9997,275009.47696824145,12.984826821221164
9998,273626.909724262,12.986353039121164
9999,274446.3214600073,12.991499553721164
